t_s,interval_ms,dropout
0.001005,1.004555,0
0.002525,1.520156,0
0.004988,2.463358,0
0.007093,2.105219,0
0.008996,1.902495,0
0.010960,1.964252,0
0.012670,1.710157,0
0.014967,2.296568,0
0.016911,1.943849,0
0.018503,1.592641,0
0.020977,2.473533,0
0.022572,1.595425,0
0.024986,2.414035,0
0.026955,1.968681,0
0.029073,2.118399,0
0.031025,1.951438,0
0.032711,1.686652,0
0.034995,2.283438,0
0.036897,1.902322,0
0.038994,2.097024,0
0.040968,1.973391,0
0.042673,1.705827,0
0.044709,2.035490,0
0.046905,2.195792,0
0.048916,2.010973,0
0.050995,2.079042,0
0.052591,1.596571,0
0.055006,2.415048,0
0.056881,1.874380,0
0.058995,2.114780,0
0.061008,2.012730,0
0.062670,1.661892,0
0.064973,2.303214,0
0.067037,2.063934,0
0.069079,2.041408,0
0.071076,1.997171,0
0.072687,1.611278,0
0.075112,2.424504,0
0.077092,1.980694,0
0.079141,2.048567,0
0.081103,1.962336,0
0.082839,1.736073,0
0.085032,2.192230,0
0.087132,2.100445,0
0.089111,1.979132,0
0.091110,1.998707,0
0.092734,1.623902,0
0.094955,2.221563,0
0.097093,2.137641,0
0.098999,1.906486,0
0.101061,2.061797,0
0.102695,1.634303,0
0.104931,2.235658,0
0.106891,1.960015,0
0.108998,2.106423,0
0.111413,2.415819,0
0.113058,1.645002,0
0.114980,1.921458,0
0.116948,1.967936,0
0.118986,2.037899,0
0.120966,1.980178,0
0.122674,1.708330,0
0.124940,2.265396,0
0.126869,1.929208,0
0.128730,1.861436,0
0.130928,2.197301,0
0.132669,1.741792,0
0.135019,2.349428,0
0.136940,1.921544,0
0.138840,1.899233,0
0.140967,2.127074,0
0.142675,1.708618,0
0.144979,2.303556,0
0.146936,1.957301,0
0.148932,1.995643,0
0.150958,2.026355,0
0.152667,1.708580,0
0.154998,2.330953,0
0.156971,1.973469,0
0.158972,2.000481,0
0.161012,2.040500,0
0.162643,1.630784,0
0.164979,2.336359,0
0.166867,1.887950,0
0.168999,2.131707,0
0.170867,1.868144,0
0.172683,1.815634,0
0.174792,2.109152,0
0.176870,2.078612,0
0.178923,2.052791,0
0.180928,2.004688,0
0.182455,1.527314,0
0.184994,2.539276,0
0.187078,2.083996,0
0.188940,1.861672,0
0.191014,2.074199,0
0.192667,1.652720,0
0.194970,2.302526,0
0.196851,1.881594,0
0.198977,2.125585,0
0.200918,1.941084,0
0.202660,1.741845,0
0.204926,2.266438,0
0.206903,1.976863,0
0.208915,2.011829,0
0.210919,2.004628,0
0.212631,1.711225,0
0.215001,2.370566,0
0.216943,1.942147,0
0.219002,2.058607,0
0.221011,2.009206,0
0.222668,1.656320,0
0.224979,2.311237,0
0.226927,1.947966,0
0.228959,2.032192,0
0.230975,2.016224,0
0.232635,1.659491,0
0.235011,2.376370,0
0.236950,1.939138,0
0.238968,2.017624,0
0.240984,2.015725,0
0.242661,1.677850,0
0.244963,2.301287,0
0.246900,1.937422,0
0.249021,2.120715,0
0.250970,1.948943,0
0.252672,1.702344,0
0.254983,2.310538,0
0.256947,1.964161,0
0.258966,2.019279,0
0.260961,1.994563,0
0.262663,1.702439,0
0.265033,2.370302,0
0.266911,1.877543,0
0.268978,2.067526,0
0.270932,1.953928,0
0.272682,1.749301,0
0.274993,2.311289,0
0.276909,1.916225,0
0.278984,2.074405,0
0.280934,1.950139,0
0.282663,1.729397,0
0.285021,2.357950,0
0.286937,1.915558,0
0.288984,2.047853,0
0.290983,1.998230,0
0.292663,1.680324,0
0.294723,2.059507,0
0.296943,2.220710,0
0.298998,2.054337,0
0.300976,1.978600,0
0.302556,1.579592,0
0.304994,2.438701,0
0.306944,1.949629,0
0.309007,2.063289,0
0.311376,2.368416,0
0.313031,1.655393,0
0.314969,1.937975,0
0.316898,1.928393,0
0.318994,2.096337,0
0.320933,1.938757,0
0.322671,1.738664,0
0.324943,2.271718,0
0.326901,1.957681,0
0.328956,2.054940,0
0.330997,2.041100,0
0.332681,1.684204,0
0.335005,2.324058,0
0.336938,1.933225,0
0.339000,2.061953,0
0.340941,1.940569,0
0.342641,1.699783,0
0.344859,2.218387,0
0.346793,1.933749,0
0.348968,2.175493,0
0.350942,1.974029,0
0.352668,1.725762,0
0.354878,2.210104,0
0.356867,1.989321,0
0.358942,2.074509,0
0.360994,2.051923,0
0.362676,1.682622,0
0.365000,2.323140,0
0.366911,1.911060,0
0.368977,2.066119,0
0.370962,1.984740,0
0.372670,1.708673,0
0.374970,2.299594,0
0.376940,1.970015,0
0.378999,2.059664,0
0.380907,1.907735,0
0.382659,1.751771,0
0.384907,2.247799,0
0.386911,2.003811,0
0.388968,2.057221,0
0.390994,2.026048,0
0.392641,1.646939,0
0.394996,2.354776,0
0.397084,2.088402,0
0.399015,1.930798,0
0.400938,1.922751,0
0.402668,1.730839,0
0.404969,2.300688,0
0.406909,1.939840,0
0.408930,2.021203,0
0.410924,1.993954,0
0.412658,1.733726,0
0.414931,2.273586,0
0.416908,1.977010,0
0.418943,2.034937,0
0.421019,2.076089,0
0.422645,1.625529,0
0.425020,2.375488,0
0.426896,1.875103,0
0.428967,2.071555,0
0.430968,2.000496,0
0.432671,1.703568,0
0.434970,2.298762,0
0.436933,1.963041,0
0.439034,2.101179,0
0.441008,1.973683,0
0.442660,1.651989,0
0.445000,2.339788,0
0.446912,1.912573,0
0.448973,2.060924,0
0.450971,1.997469,0
0.452673,1.702194,0
0.454973,2.299954,0
0.456948,1.975271,0
0.458966,2.017855,0
0.460969,2.002902,0
0.462651,1.681822,0
0.464961,2.310513,0
0.466907,1.946025,0
0.468970,2.062727,0
0.470970,1.999751,0
0.472672,1.701961,0
0.474991,2.319962,0
0.476891,1.899352,0
0.478929,2.038514,0
0.480921,1.991882,0
0.482728,1.806782,0
0.484644,1.915741,0
0.486551,1.907586,0
0.488703,2.151489,0
0.490616,1.913426,0
0.492605,1.989226,0
0.494645,2.039903,0
0.496781,2.135949,0
0.498810,2.028490,0
0.500722,1.912131,0
0.502875,2.152801,0
0.504715,1.840556,0
0.506653,1.937894,0
0.508897,2.244214,0
0.510672,1.774777,0
0.512979,2.306871,0
0.514582,1.603122,0
0.516769,2.186691,0
0.518678,1.909496,0
0.520667,1.988879,0
0.522829,2.161383,0
0.524579,1.750743,0
0.526774,2.194312,0
0.528735,1.961768,0
0.530807,2.071785,0
0.533089,2.281854,0
0.534802,1.712801,0
0.536674,1.872238,0
0.538689,2.014823,0
0.540650,1.960620,0
0.542610,1.960683,0
0.544587,1.976273,0
0.546688,2.101607,0
0.548712,2.023743,0
0.550386,1.674047,0
0.552606,2.219767,0
0.554669,2.063081,0
0.556675,2.005869,0
0.558597,1.921911,0
0.560605,2.008398,0
0.562821,2.216064,0
0.564616,1.795395,0
0.566578,1.961788,0
0.568788,2.209980,0
0.570804,2.015555,0
0.572423,1.619708,0
0.574669,2.245152,0
0.576774,2.105479,0
0.578786,2.011698,0
0.580796,2.010028,0
0.582580,1.784641,0
0.584598,2.017971,0
0.586720,2.121756,0
0.588781,2.060478,0
0.590793,2.012162,0
0.592632,1.838913,0
0.594636,2.004609,0
0.596580,1.943845,0
0.598671,2.091288,0
0.600660,1.988350,0
0.603040,2.379786,0
0.604802,1.762272,0
0.606766,1.964601,0
0.608775,2.008915,0
0.610713,1.937195,0
0.612684,1.971643,0
0.614682,1.997570,0
0.616766,2.084011,0
0.618749,1.983001,0
0.620809,2.060214,0
0.623053,2.244403,0
0.624809,1.755699,0
0.626647,1.838271,0
0.628676,2.028523,0
0.630598,1.922325,0
0.633008,2.409556,0
0.634761,1.753352,0
0.636663,1.901687,0
0.638684,2.021194,0
0.640670,1.986370,0
0.642678,2.007808,0
0.644670,1.991782,0
0.646651,1.980959,0
0.648597,1.945788,0
0.650746,2.149453,0
0.652416,1.669602,0
0.654739,2.323089,0
0.656626,1.887588,0
0.658810,2.183531,0
0.660614,1.803510,0
0.662696,2.082994,0
0.664673,1.976916,0
0.666676,2.003020,0
0.668678,2.001968,0
0.670683,2.004842,0
0.672673,1.990200,0
0.674821,2.147398,0
0.676761,1.939914,0
0.678608,1.847333,0
0.680587,1.979283,0
0.683096,2.508787,0
0.684659,1.562536,0
0.686773,2.114635,0
0.688602,1.828679,0
0.690617,2.015355,0
0.692692,2.074360,0
0.694586,1.894765,0
0.696649,2.062718,0
0.698607,1.957426,0
0.700642,2.035018,0
0.702901,2.259093,0
0.704567,1.666471,0
0.706772,2.204369,0
0.708581,1.809487,0
0.710754,2.173098,0
0.713070,2.315808,0
0.714829,1.759288,0
0.716759,1.929999,0
0.718815,2.055915,0
0.720791,1.976229,0
0.722618,1.826663,0
0.724589,1.971081,0
0.726549,1.959990,0
0.728668,2.118779,0
0.730668,2.000570,0
0.732694,2.025439,0
0.734683,1.989306,0
0.736677,1.993708,0
0.738567,1.890417,0
0.740817,2.249167,0
0.742684,1.867597,0
0.744666,1.981517,0
0.746651,1.984993,0
0.748741,2.089916,0
0.750752,2.011724,0
0.752588,1.836197,0
0.754778,2.189664,0
0.756601,1.822390,0
0.758580,1.979145,0
0.760889,2.309629,0
0.762975,2.085317,0
0.764681,1.706095,0
0.766773,2.092585,0
0.768752,1.978464,0
0.770390,1.638510,0
0.772442,2.052078,0
0.774456,2.013427,0
0.776514,2.058230,0
0.778541,2.027168,0
0.780555,2.014145,0
0.782540,1.985172,0
0.784514,1.973633,0
0.786554,2.040312,0
0.788504,1.949073,0
0.790519,2.015910,0
0.792536,2.017013,0
0.794529,1.992272,0
0.796564,2.034951,0
0.798703,2.139260,0
0.800671,1.967691,0
0.802712,2.041445,0
0.804940,2.227614,0
0.806746,1.806397,0
0.808707,1.960688,0
0.810710,2.003016,0
0.813097,2.387485,0
0.814682,1.584805,0
0.816773,2.091052,0
0.818942,2.169241,0
0.820709,1.766343,0
0.822995,2.286767,0
0.824668,1.672520,0
0.826889,2.220987,0
0.828897,2.007975,0
0.830723,1.826270,0
0.833094,2.370392,0
0.834669,1.575630,0
0.836653,1.983947,0
0.838715,2.062172,0
0.840734,2.018614,0
0.843097,2.362999,0
0.844676,1.579018,0
0.846646,1.970444,0
0.848942,2.295707,0
0.850855,1.912700,0
0.852615,1.760003,0
0.854669,2.054060,0
0.856685,2.016096,0
0.858815,2.130483,0
0.860871,2.055974,0
0.863124,2.252264,0
0.864674,1.549918,0
0.866909,2.235277,0
0.868932,2.023557,0
0.870869,1.936823,0
0.872709,1.839371,0
0.874712,2.003240,0
0.876769,2.056896,0
0.878887,2.118182,0
0.880596,1.709515,0
0.882415,1.818129,0
0.884460,2.045648,0
0.886443,1.982894,0
0.888457,2.014281,0
0.890462,2.004734,0
0.892525,2.062992,0
0.894507,1.981561,0
0.896557,2.050102,0
0.898419,1.862424,0
0.900379,1.959303,0
0.902433,2.054146,0
0.904435,2.002309,0
0.906463,2.028111,0
0.908506,2.042711,0
0.910626,2.120601,0
0.912630,2.003459,0
0.914423,1.793298,0
0.916559,2.135352,0
0.918523,1.964845,0
0.920517,1.993566,0
0.922603,2.086055,0
0.924531,1.928436,0
0.926897,2.365667,0
0.928957,2.059862,0
0.930758,1.801228,0
0.933174,2.415585,0
0.934707,1.532996,0
0.936674,1.966838,0
0.938873,2.199700,0
0.940888,2.015118,0
0.942656,1.767338,0
0.944891,2.234780,0
0.946724,1.833381,0
0.948933,2.208720,0
0.950952,2.018929,0
0.952928,1.976260,0
0.954841,1.912931,0
0.956775,1.934374,0
0.958896,2.120939,0
0.960913,2.016951,0
0.962778,1.864980,0
0.964675,1.897182,0
0.966784,2.108740,0
0.968711,1.926909,0
0.970900,2.188716,0
0.973057,2.157394,0
0.974887,1.829858,0
0.976898,2.010882,0
0.978943,2.045667,0
0.980947,2.003518,0
0.982806,1.859378,0
0.984819,2.012541,0
0.986775,1.956329,0
0.988718,1.943285,0
0.990712,1.993329,0
0.992824,2.112415,0
0.994962,2.138130,0
0.996715,1.752487,0
0.998794,2.079135,0
1.000793,1.998590,0
1.002949,2.156547,0
1.004713,1.764263,0
1.006791,2.077432,0
1.008719,1.928367,0
1.011069,2.349701,0
1.013207,2.137798,0
1.014811,1.603980,0
1.016915,2.104733,0
1.018940,2.024409,0
1.020921,1.981307,0
1.023196,2.274887,0
1.024890,1.693605,0
1.026690,1.800196,0
1.028712,2.021973,0
1.030924,2.212141,0
1.033131,2.207326,0
1.034925,1.793404,0
1.036806,1.880977,0
1.038831,2.025155,0
1.040799,1.968541,0
1.042686,1.886638,0
1.044603,1.917331,0
1.046645,2.042015,0
1.048694,2.048870,0
1.050943,2.248790,0
1.053268,2.325539,0
1.054809,1.540341,0
1.056683,1.873782,0
1.058922,2.239059,0
1.060978,2.056264,0
1.063155,2.177447,0
1.064703,1.547324,0
1.066690,1.986869,0
1.068729,2.039452,0
1.070918,2.189518,0
1.072795,1.876435,0
1.074738,1.943075,0
1.076905,2.167044,0
1.078676,1.770520,0
1.080645,1.969650,0
1.083062,2.416929,0
1.084950,1.887437,0
1.086794,1.844261,0
1.088835,2.040956,0
1.090778,1.942917,0
1.092734,1.956199,0
1.094820,2.085845,0
1.096570,1.749909,0
1.098808,2.238715,0
1.100800,1.991749,0
1.102811,2.010864,0
1.104808,1.997194,0
1.106888,2.080246,0
1.108765,1.876307,0
1.110702,1.936957,0
1.112729,2.027193,0
1.114844,2.115504,0
1.116679,1.834514,0
1.118682,2.003125,0
1.120847,2.164521,0
1.122806,1.959119,0
1.124857,2.051046,0
1.126767,1.910095,0
1.128614,1.847545,0
1.130589,1.974482,0
1.132712,2.123196,0
1.134774,2.061604,0
1.136642,1.868071,0
1.138470,1.828259,0
1.140571,2.100949,0
1.142627,2.055599,0
1.144667,2.040469,0
1.146678,2.011382,0
1.148474,1.795242,0
1.150693,2.219744,0
1.152720,2.027103,0
1.154665,1.944269,0
1.156698,2.033131,0
1.158826,2.128026,0
1.160633,1.806881,0
1.162978,2.344958,0
1.164593,1.615232,0
1.166747,2.153895,0
1.168778,2.031188,0
1.170673,1.894481,0
1.172721,2.048842,0
1.174808,2.086700,0
1.176622,1.813773,0
1.178608,1.985823,0
1.180740,2.132104,0
1.182982,2.242616,0
1.184548,1.566064,0
1.186743,2.194421,0
1.188600,1.857621,0
1.190821,2.220388,0
1.193070,2.248760,0
1.194606,1.536703,0
1.196767,2.160306,0
1.198815,2.048197,0
1.200804,1.988929,0
1.202625,1.820996,0
1.204583,1.958502,0
1.206561,1.977326,0
1.208617,2.056723,0
1.210616,1.998207,0
1.212718,2.102683,0
1.214655,1.937179,0
1.216766,2.110988,0
1.218739,1.972994,0
1.220646,1.907116,0
1.223109,2.462762,0
1.224664,1.555037,0
1.226770,2.105963,0
1.228797,2.026846,0
1.230600,1.802479,0
1.232765,2.165330,0
1.234684,1.918656,0
1.236675,1.991011,0
1.238684,2.009002,0
1.240672,1.988278,0
1.242565,1.893640,0
1.244525,1.959224,0
1.246515,1.990561,0
1.248442,1.926366,0
1.250493,2.051343,0
1.252547,2.054437,0
1.254781,2.233899,0
1.256566,1.785154,0
1.258820,2.253149,0
1.260747,1.927422,0
1.263025,2.277942,0
1.264646,1.621312,0
1.266567,1.920341,0
1.268615,2.047951,0
1.270595,1.980356,0
1.272657,2.062379,0
1.274815,2.157650,0
1.276766,1.951406,0
1.278711,1.944668,0
1.280589,1.877808,0
1.283052,2.463557,0
1.284582,1.529617,0
1.286772,2.190185,0
1.288820,2.047374,0
1.290674,1.854536,0
1.292720,2.046324,0
1.294667,1.946934,0
1.296647,1.979964,0
1.298628,1.980657,0
1.300583,1.955464,0
1.302699,2.115938,0
1.304606,1.907093,0
1.306553,1.946794,0
1.308602,2.048721,0
1.310771,2.169339,0
1.312980,2.208469,0
1.314679,1.698824,0
1.316576,1.896940,0
1.318520,1.943949,0
1.320728,2.208226,0
1.322788,2.059784,0
1.324654,1.866377,0
1.326686,2.032182,0
1.328719,2.032478,0
1.330682,1.963013,0
1.333074,2.392503,0
1.334802,1.727550,0
1.336584,1.782005,0
1.338612,2.028211,0
1.340593,1.980938,0
1.343088,2.495066,0
1.344666,1.577648,0
1.346669,2.003350,0
1.348477,1.808054,0
1.350810,2.332586,0
1.352868,2.058332,0
1.354585,1.717441,0
1.356559,1.973590,0
1.358601,2.042364,0
1.360583,1.981740,0
1.362595,2.011712,0
1.364806,2.211531,0
1.366762,1.955828,0
1.368817,2.055051,0
1.370827,2.010030,0
1.373068,2.240886,0
1.374583,1.514603,0
1.376584,2.001753,0
1.378762,2.177237,0
1.380747,1.985190,0
1.382739,1.992662,0
1.384790,2.050442,0
1.386606,1.815943,0
1.388583,1.977063,0
1.390780,2.197568,0
1.392985,2.204853,0
1.394612,1.626444,0
1.396563,1.951411,0
1.398658,2.095145,0
1.400636,1.978156,0
1.403100,2.463856,0
1.404604,1.503442,0
1.406776,2.171779,0
1.408602,1.826038,0
1.410701,2.099330,0
1.412987,2.285881,0
1.414674,1.687179,0
1.416583,1.908747,0
1.418589,2.005871,0
1.420586,1.997523,0
1.422809,2.222673,0
1.424606,1.796719,0
1.426776,2.170322,0
1.428713,1.937447,0
1.430585,1.871808,0
1.432544,1.958804,0
1.434584,2.040307,0
1.436638,2.054054,0
1.438767,2.129110,0
1.440829,2.061672,0
1.443037,2.207699,0
1.444825,1.788327,0
1.446775,1.949990,0
1.448782,2.006872,0
1.450668,1.886312,0
1.452598,1.929530,0
1.454587,1.989009,0
1.456554,1.967117,0
1.458797,2.243355,0
1.460880,2.082724,0
1.463083,2.202738,0
1.464847,1.763991,0
1.466753,1.905988,0
1.468589,1.836238,0
1.470651,2.062039,0
1.472780,2.128912,0
1.474647,1.867416,0
1.476686,2.038835,0
1.478818,2.132355,0
1.480800,1.981964,0
1.482607,1.806511,0
1.484537,1.930244,0
1.486605,2.067851,0
1.488726,2.120561,0
1.490832,2.106765,0
1.492841,2.009106,0
1.494586,1.744881,0
1.496581,1.994169,0
1.498683,2.102061,0
1.500668,1.985146,0
1.502668,1.999853,0
1.504642,1.974112,0
1.506587,1.945703,0
1.508494,1.906145,0
1.510595,2.101319,0
1.512618,2.023416,0
1.514586,1.968001,0
1.516779,2.193131,0
1.518709,1.929666,0
1.520579,1.870003,0
1.522981,2.402123,0
1.524781,1.799356,0
1.526732,1.951295,0
1.528806,2.074220,0
1.530828,2.022204,0
1.533020,2.191611,0
1.534811,1.791152,0
1.536772,1.960796,0
1.538772,2.000345,0
1.540798,2.025845,0
1.542763,1.964552,0
1.544668,1.905136,0
1.546672,2.004626,0
1.548585,1.912419,0
1.550444,1.859005,0
1.552688,2.243835,0
1.554684,1.996584,0
1.556684,1.999556,0
1.558692,2.007767,0
1.561001,2.309593,0
1.563105,2.103731,0
1.564811,1.706258,0
1.566581,1.770327,0
1.568676,2.094117,0
1.570668,1.992263,0
1.572846,2.178082,0
1.574560,1.714597,0
1.576746,2.185455,0
1.578810,2.063693,0
1.580855,2.045633,0
1.582665,1.809373,0
1.584581,1.916675,0
1.586772,2.191137,0
1.588782,2.009267,0
1.590674,1.892233,0
1.592373,1.698938,0
1.594738,2.365468,0
1.596642,1.903325,0
1.598752,2.110071,0
1.600726,1.973786,0
1.602569,1.843389,0
1.604584,2.014833,0
1.606549,1.965030,0
1.608670,2.121242,0
1.610632,1.961657,0
1.613110,2.478719,0
1.614827,1.716786,0
1.616709,1.881452,0
1.618599,1.890159,0
1.620610,2.010695,0
1.623021,2.411776,0
1.624815,1.793569,0
1.626669,1.854166,0
1.628785,2.115857,0
1.630792,2.007411,0
1.633007,2.214780,0
1.634815,1.807764,0
1.636598,1.782955,0
1.638738,2.140556,0
1.640800,2.061621,0
1.642448,1.648121,0
1.644399,1.951356,0
1.646671,2.271556,0
1.648669,1.998184,0
1.650824,2.155277,0
1.652842,2.017738,0
1.654594,1.751727,0
1.656753,2.159075,0
1.658762,2.008926,0
1.660609,1.847420,0
1.663016,2.406436,0
1.664778,1.762165,0
1.666685,1.906604,0
1.668745,2.060086,0
1.670762,2.017533,0
1.672904,2.142249,0
1.674819,1.914327,0
1.676773,1.954225,0
1.678587,1.813844,0
1.680817,2.229900,0
1.682671,1.854061,0
1.684809,2.138706,0
1.686761,1.951191,0
1.688781,2.020649,0
1.690787,2.005932,0
1.692660,1.872747,0
1.694684,2.024196,0
1.696588,1.903415,0
1.698410,1.821909,0
1.700588,2.178023,0
1.702631,2.043640,0
1.704736,2.105074,0
1.706558,1.822222,0
1.708587,2.028365,0
1.710583,1.996565,0
1.712816,2.232793,0
1.714801,1.984347,0
1.716675,1.874887,0
1.718616,1.940756,0
1.720806,2.190037,0
1.722637,1.830722,0
1.724637,2.000517,0
1.726771,2.133728,0
1.728807,2.035576,0
1.730593,1.786383,0
1.732719,2.126078,0
1.734671,1.951593,0
1.736674,2.003586,0
1.738680,2.005443,0
1.740584,1.904223,0
1.742580,1.996044,0
1.744733,2.152512,0
1.746662,1.929553,0
1.748669,2.006448,0
1.750798,2.128911,0
1.752628,1.830377,0
1.754778,2.149735,0
1.756605,1.827340,0
1.758581,1.975765,0
1.760669,2.088611,0
1.762610,1.940162,0
1.764731,2.121537,0
1.766558,1.826514,0
1.768604,2.046071,0
1.770847,2.242848,0
1.772711,1.864186,0
1.774698,1.987787,0
1.776655,1.956905,0
1.778663,2.007385,0
1.780667,2.003774,0
1.782946,2.279878,0
1.784658,1.711940,0
1.786601,1.942309,0
1.788734,2.133437,0
1.790844,2.109587,0
1.793049,2.204907,0
1.794819,1.770775,0
1.796589,1.769979,0
1.798847,2.258075,0
1.800675,1.827927,0
1.803100,2.424843,0
1.804781,1.680341,0
1.806664,1.883666,0
1.808790,2.125752,0
1.810785,1.994855,0
1.812785,1.999810,0
1.814599,1.814735,0
1.816600,2.000815,0
1.818691,2.090500,0
1.820659,1.968560,0
1.822948,2.288728,0
1.824549,1.601045,0
1.826775,2.226322,0
1.828779,2.004012,0
1.830724,1.944372,0
1.832625,1.901096,0
1.834605,1.980334,0
1.836555,1.949854,0
1.838819,2.263858,0
1.840748,1.929345,0
1.843025,2.276852,0
1.844804,1.779004,0
1.846773,1.969305,0
1.848614,1.840914,0
1.850672,2.057757,0
1.852655,1.982527,0
1.854790,2.134958,0
1.856692,1.902878,0
1.858778,2.085887,0
1.861068,2.289242,0
1.862975,1.907780,0
1.864640,1.665109,0
1.866772,2.131908,0
1.868806,2.033779,0
1.870602,1.795573,0
1.872893,2.291441,0
1.874753,1.859904,0
1.876512,1.758718,0
1.878793,2.280893,0
1.880815,2.022193,0
1.882694,1.878911,0
1.884795,2.100898,0
1.886781,1.986664,0
1.888834,2.052352,0
1.890506,1.672431,0
1.892800,2.294266,0
1.894494,1.693821,0
1.896504,2.009713,0
1.898306,1.802135,0
1.900420,2.114290,0
1.902461,2.041062,0
1.904464,2.002230,0
1.906466,2.002270,0
1.908481,2.014803,0
1.910510,2.029336,0
1.912494,1.983701,0
1.914469,1.974985,0
1.916459,1.990441,0
1.918459,2.000019,0
1.920538,2.078680,0
1.922906,2.368350,0
1.924636,1.730215,0
1.926643,2.006909,0
1.928641,1.997925,0
1.930719,2.077809,0
1.933139,2.420033,0
1.934788,1.649200,0
1.936687,1.899212,0
1.938676,1.988279,0
1.940891,2.215610,0
1.942854,1.962224,0
1.944684,1.830136,0
1.946746,2.062561,0
1.948911,2.164890,0
1.950488,1.576532,0
1.952952,2.464083,0
1.954608,1.656024,0
1.956772,2.164284,0
1.958618,1.845809,0
1.960614,1.995975,0
1.962397,1.783296,0
1.964618,2.220375,0
1.966553,1.935362,0
1.968603,2.049981,0
1.970585,1.981603,0
1.972805,2.220110,0
1.974591,1.786364,0
1.976763,2.172103,0
1.978831,2.068064,0
1.980617,1.786343,0
1.982681,2.063945,0
1.984689,2.007894,0
1.986649,1.959976,0
1.988709,2.059469,0
1.990664,1.955726,0
1.992492,1.827294,0
1.994778,2.285846,0
1.996577,1.799452,0
1.998666,2.089029,0
2.000776,2.109576,0
2.002615,1.839548,0
2.004599,1.984159,0
2.006554,1.954669,0
2.008594,2.040303,0
2.010516,1.921823,0
2.013018,2.502267,0
2.014587,1.568508,0
2.016594,2.006606,0
2.018801,2.207664,0
2.020571,1.770194,0
2.022385,1.813342,0
2.024753,2.368048,0
2.026758,2.005039,0
2.028748,1.989963,0
2.030617,1.868845,0
2.032595,1.978721,0
2.034619,2.024048,0
2.036759,2.139594,0
2.038781,2.021646,0
2.040781,2.000666,0
2.042691,1.909917,0
2.044613,1.922123,0
2.046777,2.163425,0
2.048441,1.663870,0
2.050655,2.214150,0
2.052681,2.026088,0
2.054675,1.993776,0
2.056669,1.994653,0
2.058663,1.993194,0
2.060746,2.083665,0
2.062511,1.765206,0
2.064594,2.082966,0
2.066746,2.151252,0
2.068623,1.877360,0
2.070640,2.017209,0
2.072702,2.061761,0
2.074677,1.974925,0
2.076763,2.086247,0
2.078856,2.092490,0
2.080585,1.729481,0
2.082372,1.786680,0
2.084678,2.306313,0
2.086681,2.002466,0
2.088686,2.005067,0
2.090817,2.131453,0
2.092667,1.849944,0
2.094596,1.928974,0
2.096558,1.962054,0
2.098447,1.889201,0
2.100675,2.227372,0
2.102482,1.806949,0
2.104664,2.181988,0
2.106774,2.109953,0
2.108584,1.809988,0
2.110776,2.192231,0
2.112627,1.851481,0
2.114632,2.004489,0
2.116795,2.163297,0
2.118686,1.890600,0
2.120644,1.958418,0
2.122743,2.099084,0
2.124819,2.076081,0
2.126595,1.776295,0
2.128797,2.201127,0
2.130480,1.683284,0
2.132735,2.255238,0
2.134677,1.941867,0
2.136674,1.996628,0
2.138649,1.975809,0
2.140673,2.023181,0
2.142481,1.808773,0
2.144583,2.101368,0
2.146541,1.957856,0
2.148576,2.035555,0
2.150657,2.080478,0
2.152693,2.036575,0
2.154774,2.080682,0
2.156771,1.996623,0
2.158639,1.868724,0
2.160806,2.166541,0
2.163118,2.311783,0
2.164638,1.520757,0
2.166772,2.133489,0
2.168590,1.818549,0
2.170611,2.020141,0
2.172658,2.047507,0
2.174813,2.155274,0
2.176626,1.812546,0
2.178827,2.201524,0
2.180639,1.811740,0
2.182823,2.183764,0
2.184791,1.968217,0
2.186686,1.894689,0
2.188610,1.924450,0
2.190789,2.179149,0
2.192604,1.815089,0
2.194600,1.995560,0
2.196561,1.961319,0
2.198687,2.125817,0
2.200679,1.991671,0
2.202844,2.165095,0
2.204581,1.737540,0
2.206594,2.012541,0
2.208608,2.014365,0
2.210682,2.073266,0
2.213065,2.383483,0
2.214808,1.742728,0
2.216665,1.857649,0
2.218814,2.148296,0
2.220795,1.980933,0
2.222590,1.795721,0
2.224669,2.078562,0
2.226597,1.928279,0
2.228608,2.010815,0
2.230596,1.988341,0
2.232642,2.045545,0
2.234632,1.989754,0
2.236585,1.953338,0
2.238707,2.122307,0
2.240711,2.003308,0
2.242585,1.874424,0
2.244812,2.227352,0
2.246601,1.788867,0
2.248659,2.057983,0
2.250591,1.931606,0
2.252644,2.053558,0
2.254776,2.131662,0
2.256770,1.993799,0
2.258592,1.821875,0
2.260663,2.070980,0
2.262429,1.766584,0
2.264775,2.345766,0
2.266591,1.815813,0
2.268782,2.191065,0
2.270576,1.794444,0
2.272463,1.886046,0
2.274787,2.324146,0
2.276568,1.781340,0
2.278671,2.102517,0
2.280796,2.125913,0
2.282615,1.818255,0
2.284781,2.166143,0
2.286636,1.855641,0
2.288796,2.159524,0
2.290600,1.804344,0
2.292623,2.022683,0
2.294588,1.964978,0
2.296552,1.963909,0
2.298659,2.107493,0
2.300677,2.017358,0
2.302612,1.935399,0
2.304559,1.946911,0
2.306558,1.998612,0
2.308660,2.101858,0
2.310809,2.149852,0
2.312997,2.187955,0
2.314629,1.631215,0
2.316669,2.040406,0
2.318804,2.134566,0
2.320596,1.792878,0
2.322658,2.061872,0
2.324511,1.852518,0
2.326761,2.250212,0
2.328768,2.007173,0
2.330626,1.857593,0
2.332584,1.958052,0
2.334672,2.088211,0
2.336670,1.998161,0
2.338602,1.931784,0
2.340642,2.039657,0
2.343133,2.491012,0
2.344818,1.685074,0
2.346756,1.938731,0
2.348670,1.913983,0
2.350648,1.977890,0
2.352968,2.319730,0
2.354584,1.616059,0
2.356584,2.000309,0
2.358550,1.965308,0
2.360730,2.180073,0
2.362754,2.024169,0
2.364559,1.804635,0
2.366764,2.205231,0
2.368676,1.912281,0
2.370779,2.102503,0
2.372435,1.656111,0
2.374583,2.148037,0
2.376604,2.020739,0
2.378780,2.176524,0
2.380570,1.789769,0
2.382627,2.057321,0
2.384806,2.178531,0
2.386661,1.855132,0
2.388800,2.139318,0
2.390659,1.858547,0
2.392565,1.906573,0
2.394776,2.211044,0
2.396657,1.880845,0
2.398663,2.005917,0
2.400665,2.001699,0
2.402778,2.113026,0
2.404605,1.827247,0
2.406769,2.164385,0
2.408666,1.896642,0
2.410585,1.919146,0
2.412651,2.065971,0
2.414818,2.166479,0
2.416626,1.808316,0
2.418590,1.963732,0
2.420779,2.189006,0
2.422627,1.848395,0
2.424634,2.006504,0
2.426767,2.133105,0
2.428667,1.900401,0
2.430626,1.958898,0
2.432709,2.083072,0
2.434579,1.870376,0
2.436776,2.196845,0
2.438798,2.021426,0
2.440565,1.767131,0
2.442609,2.044465,0
2.444678,2.069104,0
2.446659,1.980212,0
2.448467,1.808553,0
2.450558,2.090747,0
2.452640,2.082057,0
2.454569,1.929188,0
2.456677,2.107612,0
2.458520,1.843282,0
2.460560,2.039648,0
2.462664,2.104082,0
2.464562,1.898034,0
2.466574,2.012124,0
2.468557,1.982788,0
2.470503,1.945868,0
2.472559,2.056874,0
2.474531,1.971308,0
2.476689,2.158283,0
2.478398,1.708646,0
2.480371,1.973560,0
2.482700,2.328853,0
2.484671,1.970613,0
2.486684,2.013382,0
2.488657,1.973267,0
2.490652,1.994916,0
2.492514,1.861392,0
2.494502,1.988350,0
2.496613,2.111094,0
2.498620,2.007089,0
2.500602,1.981360,0
2.502607,2.005138,0
2.504682,2.074925,0
2.506761,2.079647,0
2.508839,2.077522,0
2.510803,1.964498,0
2.512634,1.830782,0
2.514582,1.947487,0
2.516574,1.992455,0
2.518777,2.202865,0
2.520783,2.006402,0
2.522936,2.152959,0
2.524549,1.612248,0
2.526773,2.224866,0
2.528830,2.056492,0
2.530784,1.954059,0
2.532696,1.912313,0
2.534777,2.080336,0
2.536765,1.988601,0
2.538812,2.046414,0
2.540822,2.009954,0
2.542999,2.177214,0
2.544663,1.664121,0
2.546596,1.932873,0
2.548603,2.007562,0
2.550553,1.949923,0
2.552538,1.984674,0
2.554664,2.125592,0
2.556693,2.029198,0
2.558685,1.991829,0
2.560799,2.114282,0
2.562707,1.908241,0
2.564789,2.081916,0
2.566604,1.814804,0
2.568617,2.013262,0
2.570691,2.073607,0
2.573085,2.394123,0
2.574828,1.743581,0
2.576747,1.919037,0
2.578842,2.094326,0
2.580606,1.763944,0
2.582898,2.292433,0
2.584747,1.848661,0
2.586573,1.826524,0
2.588467,1.893380,0
2.590568,2.101497,0
2.592866,2.298217,0
2.594632,1.765340,0
2.596772,2.140028,0
2.598642,1.869811,0
2.600639,1.997876,0
2.602852,2.212172,0
2.604653,1.801022,0
2.606623,1.969877,0
2.608541,1.918089,0
2.610689,2.148479,0
2.612853,2.163752,0
2.614647,1.794142,0
2.616629,1.982363,0
2.618622,1.993165,0
2.620596,1.973306,0
2.622686,2.090537,0
2.624578,1.891813,0
2.626573,1.994767,0
2.628601,2.027710,0
2.630602,2.001850,0
2.632613,2.010157,0
2.634582,1.969662,0
2.636563,1.980306,0
2.638543,1.980673,0
2.640504,1.960937,0
2.642791,2.286934,0
2.644613,1.822190,0
2.646772,2.158942,0
2.648789,2.016829,0
2.650776,1.987156,0
2.652885,2.108857,0
2.654657,1.772227,0
2.656662,2.004835,0
2.658692,2.030057,0
2.660817,2.124335,0
2.663098,2.281250,0
2.664789,1.691158,0
2.666776,1.987474,0
2.668814,2.037489,0
2.670808,1.994087,0
2.672946,2.137844,0
2.674705,1.758801,0
2.676622,1.917667,0
2.678703,2.080503,0
2.680719,2.016329,0
2.682970,2.251296,0
2.684761,1.790662,0
2.686773,2.011945,0
2.688789,2.016123,0
2.690761,1.972019,0
2.692994,2.232507,0
2.694653,1.659359,0
2.696769,2.116270,0
2.698938,2.168529,0
2.700696,1.757789,0
2.702776,2.080804,0
2.704838,2.061947,0
2.706790,1.951803,0
2.708906,2.115980,0
2.710727,1.820952,0
2.713110,2.382489,0
2.714776,1.666637,0
2.716744,1.967966,0
2.718787,2.042682,0
2.720740,1.952931,0
2.722728,1.988140,0
2.724731,2.002635,0
2.726666,1.935086,0
2.728711,2.045738,0
2.730750,2.038215,0
2.732796,2.046387,0
2.734807,2.010574,0
2.736792,1.984967,0
2.738681,1.888921,0
2.740693,2.012426,0
2.742829,2.135653,0
2.744671,1.842610,0
2.746690,2.018896,0
2.748786,2.095790,0
2.750795,2.009373,0
2.752574,1.778366,0
2.754817,2.243815,0
2.756515,1.697766,0
2.758742,2.226722,0
2.760728,1.985760,0
2.762840,2.112389,0
2.764949,2.109393,0
2.766912,1.962973,0
2.768730,1.817266,0
2.770906,2.176022,0
2.773210,2.304376,0
2.774789,1.579202,0
2.776769,1.979960,0
2.778684,1.914890,0
2.780950,2.265724,0
2.783172,2.222487,0
2.784911,1.738634,0
2.786702,1.791239,0
2.788844,2.142140,0
2.790914,2.069577,0
2.793195,2.281491,0
2.794870,1.674100,0
2.796590,1.719979,0
2.798860,2.270192,0
2.800827,1.967162,0
2.802682,1.854836,0
2.804760,2.078113,0
2.806762,2.002057,0
2.808942,2.179635,0
2.810949,2.007325,0
2.812966,2.017570,0
2.814724,1.757996,0
2.816684,1.959109,0
2.818919,2.235222,0
2.820905,1.986120,0
2.822728,1.823608,0
2.824755,2.026729,0
2.826725,1.970257,0
2.828822,2.096389,0
2.830814,1.991779,0
2.832822,2.008094,0
2.834675,1.853431,0
2.836666,1.990349,0
2.838795,2.129708,0
2.840856,2.060982,0
2.842681,1.825025,0
2.844746,2.064318,0
2.846738,1.992799,0
2.848961,2.222405,0
2.850922,1.961398,0
2.852604,1.682094,0
2.854690,2.085804,0
2.856673,1.983265,0
2.858731,2.057806,0
2.860781,2.050025,0
2.862727,1.945687,0
2.864726,1.999111,0
2.866902,2.176011,0
2.868731,1.828725,0
2.870681,1.949972,0
2.872598,1.917156,0
2.874932,2.333925,0
2.876736,1.804056,0
2.878718,1.981857,0
2.880711,1.993190,0
2.882766,2.054998,0
2.884796,2.029787,0
2.886793,1.996875,0
2.888930,2.137518,0
2.890910,1.980151,0
2.892760,1.850232,0
2.894915,2.154217,0
2.896684,1.769591,0
2.898485,1.800523,0
2.900620,2.135583,0
2.902625,2.004906,0
2.904688,2.062548,0
2.906688,2.000005,0
2.908590,1.901799,0
2.910573,1.983725,0
2.912651,2.077589,0
2.914571,1.920536,0
2.916570,1.998308,0
2.918812,2.242319,0
2.920656,1.844107,0
2.923026,2.369617,0
2.924629,1.603641,0
2.926788,2.158179,0
2.928606,1.818363,0
2.930608,2.001687,0
2.932866,2.258438,0
2.934554,1.687539,0
2.936551,1.996918,0
2.938675,2.124727,0
2.940783,2.107526,0
2.943000,2.217390,0
2.944710,1.709759,0
2.946580,1.869886,0
2.948574,1.994670,0
2.950556,1.981023,0
2.952805,2.249216,0
2.954648,1.843660,0
2.956773,2.124274,0
2.958774,2.001688,0
2.960659,1.884540,0
2.962553,1.894083,0
2.964750,2.197160,0
2.966551,1.800385,0
2.968554,2.003893,0
2.970802,2.247148,0
2.972692,1.890080,0
2.974814,2.122156,0
2.976819,2.004913,0
2.978806,1.986858,0
2.980611,1.805754,0
2.982759,2.148029,0
2.984711,1.951338,0
2.986796,2.085316,0
2.988799,2.003420,0
2.990508,1.709046,0
2.992630,2.121245,0
2.994880,2.250630,0
2.996807,1.926638,0
2.998956,2.148535,0
3.000764,1.808861,0
3.002816,2.051365,0
3.004959,2.142795,0
3.006742,1.783520,0
3.008726,1.984221,0
3.010845,2.118927,0
3.012504,1.659206,0
3.014496,1.991205,0
3.016454,1.958017,0
3.018423,1.969316,0
3.020455,2.032239,0
3.022503,2.047964,0
3.024503,2.000266,0
3.026385,1.881834,0
3.028557,2.172060,0
3.030777,2.219555,0
3.032759,1.982316,0
3.034756,1.996717,0
3.036753,1.997424,0
3.038773,2.019206,0
3.040651,1.877998,0
3.042636,1.985116,0
3.044552,1.916709,0
3.046556,2.003491,0
3.048625,2.069136,0
3.050683,2.058003,0
3.052674,1.991062,0
3.054679,2.004993,0
3.056801,2.122302,0
3.058752,1.950406,0
3.060815,2.063429,0
3.063103,2.287494,0
3.064727,1.624008,0
3.066805,2.078156,0
3.068588,1.783356,0
3.070559,1.970336,0
3.072712,2.153516,0
3.074880,2.167888,0
3.076664,1.783955,0
3.078877,2.213069,0
3.080742,1.865323,0
3.082716,1.973614,0
3.084894,2.178417,0
3.086704,1.809586,0
3.088612,1.908062,0
3.090663,2.051069,0
3.092491,1.828209,0
3.094692,2.200548,0
3.096780,2.087993,0
3.098789,2.009122,0
3.100637,1.848303,0
3.102623,1.986144,0
3.104674,2.050347,0
3.106753,2.079366,0
3.108763,2.010233,0
3.110773,2.010017,0
3.112796,2.022418,0
3.114850,2.054062,0
3.116898,2.048506,0
3.118845,1.947078,0
3.120934,2.088725,0
3.122684,1.749715,0
3.124933,2.249014,0
3.126831,1.897703,0
3.128973,2.142087,0
3.130964,1.991470,0
3.132837,1.872968,0
3.134982,2.145078,0
3.136907,1.924526,0
3.138614,1.707718,0
3.140958,2.343198,0
3.142761,1.803099,0
3.144781,2.019974,0
3.146686,1.904881,0
3.148743,2.057074,0
3.150965,2.222131,0
3.152713,1.748243,0
3.155012,2.298636,0
3.156793,1.781576,0
3.158830,2.037250,0
3.160698,1.867247,0
3.162774,2.076440,0
3.164758,1.983370,0
3.166749,1.991644,0
3.168987,2.237887,0
3.170976,1.989311,0
3.172755,1.778909,0
3.174772,2.016880,0
3.176737,1.965082,0
3.178702,1.964592,0
3.180940,2.237933,0
3.182998,2.058631,0
3.185025,2.026547,0
3.186766,1.740817,0
3.188811,2.044966,0
3.190790,1.979126,0
3.192716,1.926110,0
3.194755,2.038792,0
3.196891,2.136421,0
3.198971,2.079366,0
3.200788,1.817333,0
3.203236,2.448455,0
3.204986,1.749225,0
3.206897,1.911721,0
3.208985,2.087440,0
3.210854,1.868906,0
3.212649,1.795293,0
3.214918,2.268908,0
3.216800,1.882539,0
3.218932,2.131426,0
3.220961,2.029372,0
3.223086,2.124823,0
3.224957,1.870968,0
3.226822,1.865030,0
3.228687,1.865261,0
3.230734,2.046802,0
3.232737,2.002652,0
3.234716,1.979511,0
3.236732,2.016172,0
3.238992,2.259702,0
3.240756,1.763553,0
3.242784,2.028105,0
3.244780,1.996718,0
3.246748,1.967640,0
3.248957,2.208624,0
3.250732,1.775256,0
3.252678,1.946033,0
3.254766,2.088197,0
3.256817,2.051193,0
3.258713,1.895134,0
3.260909,2.196273,0
3.263050,2.141400,0
3.264839,1.788572,0
3.266917,2.078627,0
3.269001,2.083247,0
3.270784,1.782973,0
3.272799,2.015337,0
3.274766,1.967257,0
3.276773,2.006768,0
3.278815,2.042511,0
3.280947,2.131828,0
3.283073,2.125344,0
3.284967,1.894605,0
3.286895,1.928028,0
3.288666,1.770364,0
3.290791,2.124903,0
3.292823,2.032511,0
3.294765,1.941469,0
3.296767,2.002828,0
3.298851,2.083439,0
3.300847,1.995735,0
3.302746,1.899345,0
3.304863,2.117026,0
3.306766,1.903565,0
3.308843,2.076072,0
3.310792,1.949322,0
3.313120,2.328471,0
3.314961,1.840204,0
3.316885,1.924817,0
3.318765,1.879794,0
3.320791,2.025688,0
3.323082,2.291125,0
3.324801,1.719286,0
3.326722,1.921201,0
3.328666,1.943637,0
3.330953,2.286869,0
3.332780,1.827348,0
3.334826,2.045659,0
3.336739,1.913459,0
3.338731,1.991121,0
3.341007,2.275992,0
3.343051,2.044597,0
3.344650,1.599151,0
3.346936,2.285848,0
3.349011,2.075112,0
3.350879,1.868108,0
3.352783,1.903367,0
3.354502,1.719220,0
3.356706,2.204022,0
3.358662,1.955909,0
3.360820,2.158297,0
3.363398,2.577995,0
3.364772,1.374151,0
3.366907,2.135057,0
3.368777,1.870080,0
3.370823,2.045566,0
3.373157,2.333575,0
3.375002,1.845589,0
3.376769,1.766383,0
3.378658,1.889932,0
3.380954,2.295197,0
3.383104,2.150362,0
3.384876,1.771865,0
3.386757,1.881042,0
3.388984,2.227162,0
3.390996,2.011792,0
3.393238,2.241599,0
3.394978,1.740943,0
3.396742,1.763191,0
3.398708,1.966584,0
3.400811,2.103182,0
3.403250,2.438848,0
3.404973,1.723225,0
3.406797,1.823189,0
3.408957,2.160475,0
3.411104,2.147131,0
3.412787,1.682617,0
3.414781,1.994139,0
3.416690,1.909175,0
3.418931,2.240340,0
3.420917,1.986211,0
3.422664,1.747279,0
3.424757,2.092683,0
3.426907,2.150254,0
3.429012,2.104527,0
3.431011,1.999267,0
3.432820,1.809231,0
3.434716,1.896203,0
3.436899,2.183178,0
3.438826,1.926135,0
3.440784,1.958270,0
3.443191,2.407000,0
3.444927,1.736407,0
3.446755,1.827989,0
3.448843,2.087657,0
3.450777,1.934617,0
3.452974,2.196159,0
3.454859,1.885398,0
3.456772,1.913218,0
3.458956,2.183870,0
3.460801,1.844428,0
3.462815,2.014163,0
3.464919,2.103948,0
3.466784,1.865433,0
3.468844,2.059865,0
3.470997,2.153500,0
3.472986,1.988849,0
3.474956,1.969461,0
3.476728,1.772242,0
3.478663,1.935444,0
3.480633,1.969081,0
3.482621,1.988215,0
3.484622,2.000871,0
3.486663,2.040980,0
3.488619,1.956223,0
3.490644,2.025087,0
3.492629,1.985471,0
3.494635,2.005999,0
3.496677,2.041992,0
3.498645,1.967923,0
3.500582,1.937079,0
3.502789,2.206222,0
3.504726,1.937873,0
3.506644,1.917108,0
3.508674,2.030925,0
3.511185,2.510454,0
3.513089,1.904266,0
3.514740,1.650726,0
3.516714,1.973846,0
3.518710,1.996354,0
3.520902,2.191588,0
3.522812,1.909863,0
3.524705,1.892987,0
3.526900,2.195127,0
3.528935,2.035546,0
3.530748,1.812574,0
3.533088,2.339984,0
3.534917,1.829141,0
3.536692,1.774622,0
3.538929,2.237021,0
3.540905,1.976114,0
3.542858,1.953143,0
3.544894,2.036474,0
3.546781,1.886364,0
3.548789,2.008659,0
3.550650,1.860900,0
3.552803,2.152860,0
3.554778,1.974997,0
3.556772,1.994266,0
3.558953,2.180631,0
3.560978,2.025037,0
3.562910,1.931808,0
3.564699,1.789453,0
3.566651,1.951806,0
3.568939,2.287546,0
3.570714,1.774874,0
3.573010,2.296544,0
3.574706,1.695605,0
3.576772,2.066098,0
3.578893,2.120983,0
3.580903,2.010410,0
3.582811,1.907754,0
3.584708,1.897513,0
3.586885,2.176821,0
3.588921,2.035717,0
3.590748,1.826686,0
3.593134,2.386312,0
3.594907,1.773256,0
3.596891,1.983901,0
3.598909,2.017741,0
3.600932,2.023345,0
3.602724,1.792007,0
3.604724,2.000048,0
3.606650,1.925888,0
3.608915,2.264426,0
3.610831,1.916788,0
3.613160,2.328266,0
3.614843,1.683153,0
3.616680,1.837007,0
3.618705,2.025412,0
3.620697,1.991718,0
3.623039,2.341918,0
3.624878,1.838841,0
3.626676,1.798048,0
3.628691,2.015540,0
3.630858,2.167144,0
3.632972,2.114001,0
3.634692,1.719315,0
3.636685,1.993225,0
3.638906,2.221297,0
3.640745,1.838661,0
3.642796,2.050648,0
3.644726,1.930747,0
3.646769,2.042436,0
3.648801,2.032175,0
3.650786,1.985255,0
3.652813,2.026499,0
3.654699,1.886702,0
3.656914,2.214336,0
3.658747,1.833246,0
3.660883,2.136458,0
3.662877,1.993596,0
3.664660,1.783066,0
3.666803,2.143324,0
3.668743,1.939387,0
3.670877,2.134591,0
3.672707,1.829259,0
3.674704,1.997413,0
3.676652,1.947502,0
3.678888,2.236951,0
3.680690,1.801710,0
3.683232,2.542114,0
3.684886,1.653461,0
3.686751,1.865261,0
3.688970,2.218635,0
3.690921,1.951568,0
3.692787,1.865937,0
3.694902,2.114737,0
3.696793,1.891450,0
3.698668,1.874948,0
3.700671,2.002299,0
3.702712,2.041538,0
3.704795,2.082556,0
3.706774,1.979506,0
3.708807,2.033075,0
3.710722,1.914912,0
3.712579,1.856322,0
3.714876,2.297382,0
3.716789,1.913189,0
3.718733,1.943504,0
3.720902,2.169603,0
3.722770,1.867656,0
3.724786,2.015950,0
3.726902,2.116682,0
3.728561,1.658735,0
3.730819,2.257647,0
3.732704,1.884830,0
3.734675,1.971605,0
3.736710,2.034670,0
3.738687,1.977215,0
3.740793,2.105490,0
3.742639,1.846506,0
3.744779,2.139919,0
3.746691,1.912145,0
3.748926,2.234377,0
3.750945,2.019677,0
3.752836,1.890454,0
3.754771,1.935725,0
3.756914,2.142601,0
3.758943,2.028505,0
3.760721,1.778013,0
3.762708,1.987333,0
3.764672,1.964398,0
3.766746,2.073205,0
3.768688,1.942371,0
3.770930,2.241631,0
3.772725,1.795115,0
3.774723,1.998270,0
3.776653,1.930132,0
3.778780,2.126613,0
3.780809,2.029233,0
3.782640,1.830897,0
3.784901,2.261271,0
3.786809,1.908084,0
3.788742,1.932496,0
3.790911,2.169740,0
3.792748,1.836455,0
3.794713,1.965063,0
3.796891,2.177789,0
3.798788,1.897391,0
3.800755,1.966508,0
3.802693,1.938559,0
3.804906,2.212781,0
3.806783,1.877370,0
3.808760,1.976528,0
3.810724,1.964114,0
3.812704,1.979691,0
3.814901,2.197717,0
3.816726,1.824675,0
3.818719,1.993103,0
3.820904,2.184612,0
3.822784,1.880172,0
3.824919,2.134940,0
3.826726,1.807293,0
3.828717,1.990894,0
3.830706,1.989118,0
3.832792,2.086022,0
3.834950,2.158307,0
3.836760,1.809018,0
3.838923,2.163198,0
3.840671,1.748308,0
3.843029,2.357829,0
3.844885,1.856102,0
3.846705,1.820331,0
3.848792,2.087027,0
3.850669,1.876444,0
3.852724,2.054880,0
3.854704,1.980808,0
3.856596,1.891133,0
3.858940,2.344240,0
3.860755,1.815585,0
3.862690,1.934958,0
3.864855,2.165073,0
3.866677,1.821772,0
3.868886,2.208780,0
3.870732,1.846257,0
3.872814,2.081593,0
3.874725,1.911609,0
3.876927,2.201137,0
3.878685,1.758887,0
3.880935,2.249792,0
3.882755,1.819951,0
3.884857,2.102009,0
3.886675,1.818257,0
3.888879,2.203094,0
3.890672,1.793042,0
3.892746,2.074677,0
3.894930,2.184042,0
3.896722,1.791776,0
3.898942,2.219593,0
3.900766,1.824272,0
3.902583,1.817174,0
3.904735,2.151843,0
3.906794,2.059274,0
3.908864,2.069891,0
3.911730,2.866061,0
3.912969,1.238489,0
3.914813,1.844307,0
3.916838,2.024560,0
3.918885,2.047680,0
3.920960,2.074959,0
3.922772,1.812060,0
3.924761,1.989174,0
3.926608,1.846885,0
3.928991,2.382852,0
3.930890,1.898983,0
3.932859,1.968909,0
3.934776,1.917217,0
3.936750,1.974101,0
3.938869,2.118456,0
3.940713,1.844328,0
3.942801,2.087751,0
3.944823,2.021750,0
3.946769,1.945873,0
3.949050,2.281168,0
3.951025,1.975033,0
3.953275,2.250360,0
3.954765,1.489680,0
3.956754,1.989236,0
3.958806,2.052389,0
3.960707,1.901076,0
3.962924,2.216530,0
3.964795,1.870933,0
3.966900,2.104816,0
3.969057,2.157476,0
3.970761,1.703276,0
3.973224,2.463048,0
3.974979,1.755423,0
3.976687,1.708430,0
3.978722,2.034885,0
3.980707,1.985011,0
3.982746,2.038863,0
3.984703,1.957081,0
3.986683,1.980140,0
3.988748,2.065056,0
3.990617,1.868515,0
3.992838,2.220869,0
3.994698,1.860456,0
3.996684,1.985586,0
3.998676,1.991946,0
4.000603,1.927425,0
4.002703,2.100179,0
4.004711,2.007508,0
4.006648,1.937334,0
4.008759,2.110239,0
4.011187,2.428348,0
4.012981,1.794232,0
4.014752,1.771182,0
4.016894,2.141371,0
4.018734,1.840175,0
4.020599,1.865182,0
4.023102,2.503199,0
4.024927,1.824550,0
4.026755,1.827807,0
4.028553,1.798575,0
4.030493,1.939560,0
4.032501,2.008507,0
4.034609,2.108030,0
4.036756,2.146424,0
4.038649,1.893476,0
4.040773,2.123903,0
4.042821,2.048359,0
4.044781,1.959123,0
4.046752,1.971416,0
4.048852,2.100387,0
4.050835,1.982563,0
4.052858,2.022682,0
4.054856,1.998302,0
4.056759,1.903321,0
4.058844,2.084799,0
4.060708,1.863924,0
4.062640,1.932246,0
4.064654,2.014276,0
4.066755,2.100907,0
4.068980,2.224470,0
4.070991,2.011459,0
4.073220,2.228278,0
4.074821,1.601909,0
4.076572,1.750745,0
4.078560,1.987521,0
4.080543,1.983549,0
4.082659,2.115474,0
4.084556,1.897608,0
4.086699,2.142534,0
4.088695,1.996163,0
4.090702,2.006554,0
4.092633,1.930975,0
4.094688,2.055438,0
4.096756,2.068479,0
4.098716,1.959105,0
4.100648,1.932268,0
4.102862,2.213865,0
4.104813,1.951006,0
4.106752,1.939345,0
4.108715,1.963335,0
4.110734,2.018315,0
4.112644,1.910155,0
4.114693,2.049107,0
4.116769,2.076045,0
4.118765,1.996343,0
4.120751,1.985833,0
4.122796,2.044459,0
4.124790,1.994569,0
4.126770,1.980221,0
4.128597,1.826338,0
4.130670,2.072842,0
4.132743,2.073301,0
4.134729,1.986228,0
4.136780,2.050443,0
4.138620,1.840636,0
4.140701,2.081019,0
4.143026,2.324811,0
4.144760,1.733860,0
4.146741,1.981418,0
4.148508,1.766839,0
4.150727,2.219211,0
4.152755,2.027321,0
4.154744,1.988861,0
4.156783,2.039327,0
4.158800,2.017045,0
4.160861,2.061166,0
4.162955,2.094101,0
4.164616,1.660980,0
4.166653,2.036319,0
4.168630,1.977373,0
4.170675,2.045079,0
4.172641,1.965553,0
4.174607,1.966371,0
4.176670,2.062741,0
4.178634,1.964475,0
4.180694,2.059593,0
4.183009,2.315348,0
4.184759,1.749577,0
4.186732,1.973596,0
4.188754,2.021361,0
4.190731,1.977070,0
4.192765,2.034633,0
4.194548,1.782538,0
4.196591,2.042920,0
4.198737,2.146566,0
4.200817,2.079761,0
4.202753,1.935819,0
4.204817,2.064365,0
4.206718,1.900325,0
4.208797,2.079327,0
4.210685,1.888252,0
4.212689,2.004307,0
4.214704,2.014968,0
4.216804,2.099260,0
4.218880,2.076638,0
4.220787,1.906865,0
4.222863,2.076081,0
4.224774,1.910441,0
4.226770,1.996371,0
4.228748,1.977755,0
4.230675,1.926703,0
4.232804,2.129298,0
4.234809,2.004736,0
4.236785,1.976856,0
4.238835,2.049719,0
4.240813,1.977465,0
4.243158,2.345718,0
4.244769,1.610940,0
4.246721,1.951742,0
4.248716,1.995020,0
4.250877,2.160486,0
4.253054,2.177616,0
4.254669,1.615315,0
4.256647,1.977235,0
4.258966,2.318825,0
4.260988,2.022702,0
4.263178,2.190256,0
4.264930,1.751547,0
4.266687,1.757365,0
4.268764,2.076997,0
4.270757,1.992467,0
4.273065,2.308273,0
4.274666,1.600735,0
4.276896,2.230275,0
4.278668,1.771620,0
4.280784,2.116160,0
4.282954,2.169617,0
4.284708,1.754862,0
4.286744,2.035789,0
4.288867,2.122568,0
4.290952,2.085005,0
4.292836,1.884445,0
4.294998,2.161388,0
4.296891,1.893563,0
4.298881,1.989899,0
4.300897,2.015628,0
4.302798,1.901655,0
4.304795,1.996591,0
4.306775,1.980046,0
4.308595,1.820395,0
4.310808,2.212913,0
4.312838,2.029267,0
4.314836,1.998394,0
4.316809,1.972832,0
4.318669,1.860468,0
4.320671,2.001489,0
4.322683,2.012526,0
4.324773,2.090122,0
4.326686,1.912339,0
4.328782,2.096536,0
4.330753,1.971052,0
4.333177,2.423717,0
4.334941,1.764313,0
4.336919,1.977178,0
4.338885,1.966510,0
4.340936,2.050756,0
4.343154,2.218225,0
4.344707,1.552636,0
4.346792,2.085063,0
4.348983,2.191255,0
4.350671,1.687664,0
4.353151,2.480140,0
4.354930,1.779041,0
4.356943,2.012873,0
4.358920,1.977445,0
4.361063,2.142915,0
4.362717,1.653565,0
4.364919,2.202777,0
4.366782,1.862954,0
4.368953,2.170246,0
4.370953,2.000789,0
4.373147,2.193762,0
4.374670,1.523159,0
4.376899,2.228974,0
4.378932,2.032285,0
4.380707,1.775823,0
4.383155,2.447445,0
4.384909,1.753880,0
4.386924,2.015545,0
4.388930,2.005831,0
4.390969,2.038616,0
4.392756,1.787725,0
4.394739,1.982495,0
4.396687,1.947950,0
4.398794,2.107119,0
4.400675,1.880903,0
4.402950,2.274791,0
4.404732,1.781823,0
4.406651,1.919534,0
4.408712,2.060485,0
4.410768,2.056760,0
4.413262,2.493354,0
4.414952,1.689900,0
4.416917,1.965144,0
4.419163,2.245854,0
4.420920,1.757605,0
4.422863,1.942553,0
4.424721,1.858731,0
4.426675,1.953997,0
4.428914,2.238295,0
4.430928,2.014740,0
4.433156,2.227833,0
4.434954,1.797543,0
4.436897,1.942866,0
4.438948,2.050924,0
4.440926,1.978254,0
4.442765,1.838967,0
4.444733,1.968370,0
4.446555,1.821469,0
4.448688,2.133775,0
4.450678,1.989635,0
4.453011,2.332882,0
4.454615,1.604061,0
4.456788,2.173203,0
4.458810,2.021763,0
4.460553,1.742737,0
4.462959,2.405927,0
4.464622,1.663508,0
4.466767,2.145271,0
4.468498,1.731002,0
4.470697,2.198657,0
4.472706,2.008439,0
4.474701,1.995022,0
4.476655,1.954851,0
4.478879,2.223391,0
4.480835,1.956442,0
4.483001,2.165553,0
4.484833,1.832122,0
4.486721,1.887746,0
4.488713,1.992260,0
4.490713,2.000527,0
4.492761,2.047063,0
4.494680,1.919251,0
4.496692,2.012498,0
4.498695,2.002263,0
4.500687,1.992845,0
4.502726,2.038611,0
4.504535,1.809115,0
4.506533,1.997998,0
4.508679,2.145515,0
4.510805,2.126752,0
4.512723,1.917865,0
4.514671,1.948011,0
4.516803,2.131532,0
4.518798,1.995046,0
4.520808,2.010413,0
4.522982,2.174012,0
4.524612,1.629585,0
4.526788,2.176541,0
4.528583,1.794219,0
4.530813,2.230605,0
4.533057,2.243991,0
4.534817,1.759847,0
4.536555,1.738389,0
4.538633,2.077591,0
4.540562,1.928524,0
4.542923,2.361679,0
4.544762,1.838398,0
4.546758,1.996738,0
4.548768,2.009782,0
4.550768,1.999862,0
4.552606,1.837847,0
4.554695,2.089500,0
4.556777,2.081358,0
4.558808,2.031323,0
4.560886,2.078126,0
4.563099,2.213023,0
4.564955,1.856009,0
4.566765,1.810139,0
4.568949,2.183383,0
4.570955,2.006343,0
4.572712,1.756966,0
4.574595,1.883306,0
4.576565,1.969237,0
4.578916,2.351766,0
4.580800,1.883866,0
4.583159,2.358809,0
4.584949,1.789968,0
4.586911,1.962364,0
4.588734,1.823042,0
4.590732,1.997235,0
4.592607,1.875219,0
4.594962,2.354924,0
4.596922,1.960593,0
4.598947,2.024956,0
4.600937,1.989544,0
4.603037,2.099817,0
4.604914,1.877276,0
4.606899,1.985037,0
4.608931,2.031527,0
4.610739,1.807998,0
4.612751,2.012191,0
4.614932,2.181724,0
4.616806,1.873489,0
4.618927,2.121400,0
4.620924,1.997172,0
4.622956,2.031396,0
4.624863,1.907466,0
4.626759,1.896044,0
4.628876,2.116120,0
4.630684,1.808289,0
4.632898,2.214533,0
4.634755,1.857129,0
4.636769,2.013385,0
4.638800,2.031497,0
4.640719,1.919112,0
4.643104,2.384143,0
4.644884,1.780853,0
4.646900,2.015269,0
4.648693,1.793717,0
4.650818,2.124183,0
4.653090,2.272862,0
4.654912,1.821605,0
4.656899,1.986643,0
4.658683,1.784764,0
4.661060,2.376030,0
4.663122,2.062006,0
4.664616,1.494044,0
4.666669,2.053321,0
4.668700,2.030661,0
4.670686,1.986087,0
4.672743,2.057488,0
4.674683,1.939806,0
4.676573,1.890186,0
4.678654,2.081003,0
4.680860,2.205930,0
4.683004,2.144259,0
4.684799,1.794219,0
4.686794,1.995617,0
4.688918,2.123453,0
4.690916,1.998057,0
4.693150,2.234107,0
4.694704,1.554387,0
4.696753,2.048706,0
4.698786,2.033167,0
4.700687,1.900945,0
4.702806,2.119145,0
4.704883,2.077313,0
4.706766,1.882709,0
4.708817,2.050981,0
4.710748,1.930417,0
4.712684,1.936845,0
4.714671,1.986700,0
4.716782,2.111152,0
4.718567,1.784514,0
4.720567,1.999903,0
4.722874,2.307410,0
4.724608,1.734132,0
4.726761,2.153165,0
4.728777,2.015402,0
4.730575,1.797841,0
4.732723,2.148688,0
4.734710,1.986455,0
4.736680,1.970444,0
4.738672,1.991633,0
4.740586,1.914202,0
4.742688,2.102138,0
4.744488,1.800083,0
4.746568,2.079848,0
4.748785,2.216477,0
4.750792,2.007387,0
4.752944,2.152444,0
4.754529,1.584157,0
4.756814,2.285439,0
4.758537,1.723114,0
4.760708,2.170428,0
4.762776,2.068261,0
4.764559,1.783468,0
4.766595,2.036000,0
4.768768,2.173128,0
4.770780,2.011639,0
4.772994,2.214216,0
4.774847,1.852584,0
4.776684,1.837437,0
4.778568,1.883658,0
4.780809,2.241385,0
4.782970,2.160779,0
4.784781,1.810773,0
4.786752,1.971284,0
4.788794,2.041837,0
4.790800,2.005556,0
4.793017,2.217377,0
4.794803,1.786574,0
4.796555,1.751705,0
4.798828,2.273257,0
4.800773,1.944089,0
4.803064,2.291792,0
4.804843,1.779008,0
4.806808,1.964624,0
4.808826,2.017790,0
4.810918,2.091753,0
4.813045,2.127364,0
4.814558,1.513036,0
4.816743,2.185484,0
4.818785,2.041871,0
4.820795,2.010124,0
4.822668,1.872900,0
4.824805,2.136965,0
4.826808,2.002717,0
4.828838,2.029642,0
4.830837,1.999769,0
4.833063,2.225467,0
4.834840,1.777017,0
4.836800,1.960129,0
4.838685,1.885027,0
4.840919,2.233996,0
4.843126,2.207324,0
4.844919,1.792321,0
4.846758,1.839037,0
4.848677,1.919117,0
4.850755,2.078212,0
4.852708,1.953252,0
4.854707,1.998245,0
4.856533,1.826622,0
4.858785,2.252303,0
4.861067,2.281522,0
4.862909,1.841829,0
4.864714,1.805615,0
4.866814,2.099789,0
4.868775,1.960358,0
4.870674,1.899056,0
4.873214,2.540091,0
4.874705,1.490984,0
4.876711,2.006098,0
4.878783,2.072605,0
4.880766,1.982801,0
4.882861,2.094688,0
4.884851,1.990307,0
4.886786,1.935121,0
4.888680,1.894130,0
4.890846,2.165834,0
4.892736,1.890049,0
4.894708,1.971654,0
4.896649,1.941277,0
4.898971,2.321597,0
4.900982,2.011216,0
4.903257,2.275348,0
4.904494,1.237059,0
4.906696,2.201231,0
4.908692,1.996160,0
4.910675,1.982829,0
4.912706,2.030909,0
4.914782,2.076488,0
4.916786,2.003897,0
4.918611,1.825154,0
4.920821,2.209840,0
4.922985,2.164342,0
4.924793,1.807581,0
4.926753,1.960337,0
4.928573,1.819684,0
4.930567,1.994523,0
4.932908,2.340935,0
4.934676,1.767799,0
4.936504,1.827904,0
4.938818,2.313439,0
4.940802,1.984591,0
4.942960,2.158130,0
4.944821,1.861039,0
4.946800,1.978783,0
4.948824,2.024284,0
4.950763,1.938659,0
4.952928,2.165207,0
4.954778,1.850007,0
4.956776,1.997585,0
4.958791,2.015637,0
4.960684,1.892293,0
4.962945,2.261107,0
4.964821,1.876580,0
4.966823,2.001742,0
4.968819,1.995386,0
4.970787,1.968903,0
4.972592,1.804868,0
4.974816,2.224007,0
4.976787,1.971073,0
4.978572,1.784879,0
4.980780,2.207852,0
4.982640,1.859805,0
4.984528,1.887979,0
4.986554,2.026060,0
4.988692,2.138360,0
4.990608,1.915472,0
4.992755,2.147168,0
4.994714,1.958818,0
4.996815,2.101178,0
4.998830,2.015352,0
5.000710,1.879523,0
5.002774,2.064290,0
5.004715,1.941054,0
5.006899,2.183557,0
5.008775,1.876344,0
5.011118,2.343323,0
5.013263,2.144677,0
5.014950,1.686491,0
5.016921,1.971651,0
5.018941,2.019825,0
5.020673,1.732339,0
5.022698,2.024253,0
5.024683,1.985799,0
5.026794,2.110634,0
5.028888,2.093435,0
5.030868,1.980601,0
5.032701,1.832379,0
5.034808,2.107637,0
5.036753,1.944712,0
5.038872,2.119076,0
5.040927,2.054964,0
5.043071,2.144324,0
5.044923,1.851376,0
5.046889,1.966841,0
5.048487,1.597648,0
5.050715,2.227983,0
5.053122,2.407144,0
5.054892,1.769892,0
5.056773,1.881266,0
5.058810,2.036157,0
5.060780,1.970731,0
5.063099,2.318989,0
5.064693,1.593679,0
5.066892,2.199074,0
5.068691,1.799007,0
5.071227,2.535575,0
5.073031,1.804153,0
5.074712,1.681368,0
5.076767,2.055342,0
5.078723,1.955083,0
5.080590,1.867463,0
5.082768,2.177687,0
5.084592,1.824574,0
5.086776,2.184172,0
5.088805,2.028650,0
5.090964,2.159254,0
5.092925,1.960217,0
5.094944,2.019881,0
5.096777,1.832315,0
5.098906,2.128811,0
5.100683,1.777221,0
5.102764,2.081331,0
5.104831,2.067058,0
5.106777,1.945891,0
5.108825,2.048392,0
5.110802,1.976543,0
5.112735,1.933078,0
5.114704,1.968587,0
5.116665,1.960909,0
5.118943,2.277979,0
5.120762,1.819907,0
5.122892,2.129813,0
5.124710,1.817855,0
5.126686,1.975915,0
5.128916,2.229943,0
5.130660,1.743744,0
5.132810,2.149888,0
5.134687,1.876966,0
5.136798,2.111002,0
5.138557,1.759215,0
5.140539,1.982040,0
5.142739,2.200265,0
5.144707,1.967559,0
5.146702,1.995675,0
5.148571,1.868811,0
5.150684,2.112644,0
5.153020,2.336306,0
5.154607,1.586604,0
5.156792,2.185581,0
5.158599,1.806743,0
5.160722,2.123355,0
5.163184,2.461405,0
5.164883,1.699702,0
5.166784,1.900417,0
5.168887,2.103201,0
5.170869,1.981711,0
5.172665,1.796167,0
5.174957,2.292475,0
5.176675,1.717752,0
5.178724,2.048757,0
5.180757,2.033110,0
5.182965,2.208232,0
5.184940,1.974209,0
5.186717,1.777268,0
5.188873,2.155884,0
5.190675,1.801874,0
5.192809,2.134420,0
5.194859,2.049570,0
5.196692,1.833198,0
5.198888,2.196150,0
5.200757,1.869451,0
5.202484,1.726270,0
5.204710,2.226088,0
5.206770,2.059950,0
5.208683,1.913226,0
5.210712,2.028759,0
5.212809,2.097339,0
5.214721,1.911727,0
5.216770,2.049091,0
5.218816,2.046569,0
5.220759,1.942341,0
5.222784,2.025679,0
5.224710,1.925456,0
5.226670,1.960568,0
5.228898,2.227121,0
5.230696,1.798131,0
5.232736,2.040121,0
5.234790,2.053981,0
5.236787,1.997140,0
5.238907,2.120232,0
5.240673,1.765599,0
5.242441,1.768298,0
5.244665,2.224062,0
5.246665,2.000078,0
5.248844,2.178814,0
5.250633,1.789364,0
5.252721,2.087296,0
5.254816,2.095376,0
5.256609,1.792930,0
5.258812,2.203070,0
5.260821,2.008836,0
5.262979,2.157897,0
5.264588,1.609302,0
5.266800,2.212151,0
5.268619,1.818380,0
5.270554,1.934977,0
5.272672,2.118127,0
5.274603,1.930869,0
5.276687,2.084697,0
5.278683,1.995693,0
5.280679,1.996024,0
5.282659,1.979910,0
5.284823,2.164493,0
5.286530,1.706753,0
5.288568,2.037923,0
5.290561,1.992719,0
5.292773,2.212468,0
5.294549,1.775864,0
5.296654,2.105227,0
5.298844,2.189763,0
5.300757,1.912668,0
5.302793,2.035960,0
5.304566,1.772902,0
5.306696,2.130265,0
5.308696,2.000191,0
5.310687,1.991376,0
5.312739,2.051963,0
5.314790,2.050471,0
5.316804,2.013899,0
5.318823,2.019342,0
5.320547,1.724161,0
5.323140,2.592867,0
5.324685,1.544814,0
5.326650,1.965047,0
5.328796,2.145519,0
5.330493,1.697088,0
5.333021,2.528269,0
5.334817,1.796023,0
5.336629,1.812168,0
5.338820,2.191275,0
5.340672,1.851267,0
5.342979,2.307587,0
5.344604,1.624793,0
5.346799,2.194772,0
5.348766,1.967655,0
5.350564,1.797454,0
5.352695,2.131508,0
5.354680,1.984767,0
5.356662,1.981852,0
5.358668,2.005970,0
5.360718,2.050364,0
5.362961,2.242510,0
5.364806,1.845365,0
5.366720,1.913332,0
5.368634,1.914255,0
5.370631,1.996906,0
5.373114,2.483190,0
5.374839,1.725545,0
5.376558,1.718582,0
5.378565,2.006535,0
5.380713,2.148847,0
5.383156,2.442335,0
5.384924,1.768694,0
5.386786,1.861587,0
5.388930,2.143663,0
5.390940,2.010447,0
5.392955,2.014605,0
5.394688,1.732828,0
5.396803,2.114976,0
5.398869,2.066184,0
5.400837,1.968099,0
5.403111,2.274259,0
5.404794,1.683353,0
5.406611,1.816889,0
5.408558,1.946732,0
5.410927,2.368637,0
5.412991,2.064519,0
5.414799,1.807401,0
5.416763,1.964792,0
5.418822,2.058908,0
5.420854,2.031688,0
5.423070,2.215982,0
5.424555,1.484565,0
5.426650,2.095865,0
5.428810,2.159462,0
5.430775,1.964976,0
5.433074,2.298886,0
5.434808,1.733934,0
5.436677,1.869144,0
5.438847,2.170441,0
5.440817,1.969858,0
5.442595,1.777547,0
5.444560,1.965463,0
5.446555,1.995198,0
5.448842,2.287029,0
5.450717,1.874164,0
5.452573,1.856764,0
5.454682,2.109025,0
5.456650,1.967345,0
5.458596,1.946359,0
5.460784,2.188110,0
5.462838,2.054172,0
5.464815,1.976923,0
5.466621,1.805667,0
5.468759,2.138113,0
5.470801,2.041626,0
5.472767,1.966401,0
5.474782,2.015288,0
5.476801,2.018573,0
5.478841,2.040443,0
5.480552,1.710739,0
5.482781,2.229054,0
5.484700,1.919037,0
5.486709,2.009309,0
5.488790,2.080182,0
5.490806,2.016000,0
5.493018,2.212152,0
5.494597,1.578933,0
5.496797,2.200521,0
5.498609,1.812243,0
5.500823,2.213610,0
5.503064,2.240735,0
5.504748,1.683789,0
5.506688,1.939979,0
5.508679,1.991475,0
5.510913,2.233538,0
5.512684,1.771004,0
5.514792,2.108818,0
5.516688,1.895562,0
5.518748,2.059818,0
5.520686,1.938584,0
5.523111,2.424409,0
5.524878,1.767691,0
5.526790,1.911734,0
5.528871,2.080767,0
5.530725,1.853898,0
5.533123,2.397875,0
5.534707,1.584498,0
5.536723,2.016117,0
5.538924,2.200502,0
5.540772,1.848086,0
5.543144,2.372132,0
5.544907,1.762525,0
5.546673,1.766134,0
5.548804,2.131118,0
5.550913,2.108752,0
5.553175,2.262660,0
5.554685,1.510000,0
5.556764,2.078376,0
5.558724,1.960037,0
5.560709,1.985066,0
5.562797,2.088353,0
5.564900,2.102689,0
5.566731,1.831636,0
5.568764,2.032473,0
5.570926,2.162571,0
5.573110,2.183351,0
5.574676,1.565949,0
5.576901,2.225188,0
5.578724,1.823156,0
5.580772,2.047571,0
5.583105,2.333026,0
5.584821,1.716076,0
5.586768,1.946815,0
5.588676,1.908187,0
5.590862,2.185921,0
5.592720,1.858136,0
5.594710,1.989935,0
5.596832,2.121893,0
5.598673,1.841026,0
5.600676,2.003207,0
5.603176,2.499881,0
5.604805,1.628942,0
5.606723,1.917958,0
5.608711,1.988740,0
5.611021,2.309297,0
5.612990,1.969238,0
5.614740,1.750452,0
5.616898,2.157064,0
5.618777,1.879886,0
5.620944,2.166990,0
5.623008,2.063482,0
5.624763,1.755633,0
5.626693,1.929224,0
5.628791,2.098483,0
5.630896,2.104380,0
5.633195,2.299494,0
5.634957,1.761974,0
5.636893,1.936321,0
5.638965,2.072027,0
5.640940,1.974683,0
5.642754,1.814063,0
5.644708,1.953698,0
5.646893,2.185399,0
5.648591,1.697624,0
5.650922,2.331126,0
5.653382,2.460255,0
5.654961,1.578669,0
5.656924,1.963119,0
5.658778,1.854379,0
5.660802,2.023162,0
5.662716,1.914710,0
5.664803,2.086799,0
5.666753,1.950306,0
5.668686,1.933080,0
5.670869,2.182223,0
5.672706,1.837404,0
5.674891,2.184987,0
5.676728,1.837014,0
5.678678,1.949712,0
5.680911,2.233261,0
5.683085,2.173891,0
5.684780,1.695122,0
5.686771,1.991133,0
5.688939,2.167428,0
5.690712,1.773320,0
5.693154,2.442261,0
5.694931,1.777181,0
5.696673,1.741478,0
5.698792,2.118937,0
5.700727,1.935656,0
5.703098,2.370269,0
5.704573,1.474794,0
5.706661,2.088459,0
5.708613,1.951699,0
5.710689,2.076171,0
5.712713,2.024336,0
5.714684,1.970759,0
5.716809,2.125049,0
5.718852,2.043290,0
5.720630,1.777251,0
5.723049,2.419009,0
5.724756,1.707031,0
5.726687,1.931891,0
5.728958,2.270159,0
5.730943,1.985030,0
5.732902,1.959126,0
5.734814,1.911765,0
5.736773,1.959671,0
5.738806,2.033260,0
5.740810,2.003336,0
5.742856,2.046165,0
5.744887,2.031274,0
5.746773,1.885271,0
5.748689,1.916379,0
5.750872,2.183435,0
5.752706,1.833607,0
5.754723,2.017510,0
5.756649,1.925410,0
5.758794,2.144779,0
5.760781,1.987577,0
5.763107,2.325860,0
5.764749,1.641818,0
5.766891,2.142195,0
5.768717,1.825717,0
5.770707,1.989920,0
5.772802,2.094918,0
5.774790,1.988685,0
5.776906,2.115908,0
5.778751,1.844989,0
5.780765,2.013748,0
5.783157,2.392212,0
5.784927,1.769660,0
5.786762,1.835243,0
5.788864,2.101439,0
5.790709,1.845629,0
5.793179,2.469975,0
5.794866,1.687255,0
5.796912,2.045879,0
5.798996,2.083253,0
5.800971,1.975096,0
5.803183,2.212524,0
5.804676,1.492682,0
5.806677,2.000989,0
5.808491,1.814504,0
5.810939,2.448100,0
5.813048,2.108211,0
5.814727,1.678851,0
5.816899,2.172262,0
5.818780,1.881105,0
5.820534,1.754595,0
5.822707,2.172614,0
5.824706,1.998977,0
5.826559,1.852999,0
5.828929,2.370066,0
5.830953,2.023448,0
5.833220,2.267624,0
5.834942,1.722104,0
5.836765,1.822531,0
5.838937,2.171996,0
5.840914,1.977339,0
5.843013,2.099220,0
5.844715,1.701200,0
5.846693,1.978440,0
5.848889,2.196368,0
5.850771,1.881177,0
5.853182,2.411505,0
5.854941,1.759407,0
5.856757,1.815096,0
5.858956,2.199643,0
5.860952,1.995426,0
5.863062,2.110401,0
5.864691,1.628662,0
5.866961,2.270519,0
5.868981,2.019446,0
5.870754,1.773163,0
5.872924,2.170471,0
5.874780,1.855219,0
5.876752,1.972580,0
5.878927,2.175296,0
5.880714,1.786264,0
5.882731,2.017206,0
5.884602,1.870807,0
5.886655,2.053062,0
5.888711,2.056392,0
5.890917,2.205962,0
5.893092,2.175286,0
5.894798,1.705861,0
5.896762,1.963402,0
5.898969,2.207069,0
5.900707,1.737826,0
5.903216,2.509656,0
5.904659,1.442795,0
5.906784,2.125027,0
5.908807,2.022700,0
5.910864,2.057280,0
5.913059,2.195500,0
5.914704,1.644494,0
5.916772,2.068112,0
5.918723,1.951047,0
5.920880,2.156932,0
5.922707,1.826596,0
5.924883,2.176012,0
5.926725,1.842562,0
5.928923,2.197875,0
5.930708,1.784459,0
5.933093,2.385354,0
5.934925,1.831814,0
5.936693,1.768203,0
5.938953,2.259640,0
5.940966,2.013187,0
5.943111,2.145005,0
5.944957,1.846387,0
5.946903,1.945447,0
5.948806,1.903709,0
5.950828,2.022114,0
5.953108,2.279467,0
5.954717,1.609208,0
5.956686,1.969345,0
5.958905,2.218597,0
5.961166,2.261096,0
5.962896,1.729434,0
5.964948,2.051925,0
5.966921,1.973953,0
5.968940,2.018673,0
5.970706,1.766161,0
5.972836,2.129244,0
5.974893,2.057915,0
5.976911,2.017851,0
5.978725,1.813249,0
5.980598,1.873336,0
5.982762,2.163686,0
5.984725,1.963903,0
5.986792,2.066115,0
5.988958,2.166823,0
5.990859,1.900367,0
5.992771,1.912358,0
5.994745,1.974156,0
5.996640,1.894317,0
5.998926,2.286345,0
6.000710,1.784272,0
6.002809,2.098522,0
6.004911,2.102532,0
6.006721,1.809407,0
6.008736,2.014956,0
6.010689,1.952989,0
6.013064,2.375205,0
6.014841,1.777342,0
6.016755,1.914098,0
6.018896,2.140833,0
6.020710,1.813432,0
6.023210,2.500507,0
6.024896,1.686116,0
6.026672,1.775680,0
6.028778,2.106407,0
6.030795,2.017090,0
6.033126,2.330546,0
6.034912,1.785829,0
6.036813,1.901473,0
6.038725,1.912218,0
6.040940,2.214754,0
6.043259,2.319247,0
6.044837,1.577751,0
6.046675,1.837857,0
6.048481,1.805637,0
6.050894,2.413275,0
6.053028,2.134391,0
6.054664,1.635387,0
6.056750,2.086146,0
6.058910,2.160476,0
6.061121,2.210389,0
6.062940,1.818807,0
6.064797,1.857817,0
6.066546,1.749088,0
6.068600,2.053124,0
6.070709,2.109193,0
6.073073,2.363941,0
6.074912,1.839632,0
6.076770,1.857824,0
6.078852,2.081661,0
6.080760,1.907837,0
6.082772,2.012516,0
6.084814,2.042261,0
6.086787,1.972931,0
6.088775,1.987619,0
6.090802,2.027317,0
6.093184,2.382192,0
6.094941,1.756584,0
6.096772,1.830942,0
6.099007,2.235294,0
6.100713,1.705923,0
6.102999,2.285912,0
6.104857,1.857448,0
6.106833,1.976506,0
6.108858,2.025138,0
6.111008,2.150120,0
6.112880,1.871678,0
6.114708,1.828195,0
6.116762,2.053884,0
6.118861,2.098593,0
6.120963,2.102570,0
6.123211,2.247274,0
6.124989,1.778522,0
6.126754,1.765038,0
6.128741,1.987162,0
6.130934,2.192317,0
6.133126,2.192860,0
6.134643,1.516574,0
6.136775,2.131529,0
6.138624,1.849219,0
6.140988,2.364623,0
6.143210,2.221734,0
6.144922,1.711838,0
6.146755,1.833217,0
6.148860,2.104663,0
6.150758,1.897869,0
6.152733,1.975320,0
6.154681,1.948451,0
6.156808,2.126873,0
6.158731,1.922498,0
6.160934,2.202825,0
6.162837,1.903481,0
6.164744,1.906640,0
6.166761,2.017209,0
6.168662,1.900485,0
6.170930,2.268251,0
6.173258,2.327970,0
6.174988,1.730692,0
6.176768,1.779907,0
6.179004,2.236062,0
6.180887,1.882324,0
6.182712,1.825410,0
6.184716,2.003550,0
6.186745,2.029683,0
6.188833,2.088069,0
6.190821,1.987958,0
6.193037,2.215829,0
6.194748,1.711230,0
6.196814,2.065891,0
6.198738,1.923987,0
6.200721,1.983144,0
6.203014,2.293016,0
6.204642,1.627800,0
6.206751,2.108948,0
6.208991,2.239285,0
6.210978,1.987277,0
6.212908,1.929761,0
6.214990,2.082438,0
6.216891,1.901456,0
6.218960,2.068879,0
6.220985,2.024724,0
6.222709,1.723694,0
6.224842,2.133547,0
6.226794,1.952132,0
6.228760,1.965888,0
6.230702,1.941502,0
6.232738,2.035815,0
6.234746,2.008093,0
6.236780,2.034436,0
6.238798,2.018105,0
6.240709,1.911239,0
6.242781,2.071079,0
6.244854,2.073191,0
6.246717,1.862818,0
6.248884,2.167629,0
6.250921,2.036517,0
6.252987,2.066299,0
6.254722,1.734755,0
6.256765,2.043618,0
6.258967,2.201493,0
6.260718,1.751309,0
6.262894,2.176182,0
6.264942,2.047685,0
6.266766,1.823971,0
6.268951,2.185170,0
6.271041,2.089671,0
6.273216,2.175458,0
6.274942,1.725761,0
6.276895,1.953254,0
6.278705,1.809334,0
6.280975,2.269951,0
6.283231,2.256127,0
6.284943,1.712141,0
6.286767,1.824023,0
6.288795,2.027830,0
6.290778,1.983164,0
6.292964,2.186103,0
6.294746,1.782268,0
6.296932,2.185704,0
6.299028,2.095565,0
6.300716,1.688878,0
6.302934,2.217976,0
6.304714,1.779276,0
6.306611,1.897773,0
6.308803,2.191822,0
6.310827,2.023943,0
6.312718,1.890410,0
6.314857,2.139034,0
6.316917,2.060662,0
6.318993,2.075766,0
6.321011,2.017978,0
6.322856,1.844560,0
6.324781,1.925262,0
6.326868,2.086792,0
6.328932,2.063916,0
6.330803,1.870966,0
6.333037,2.233973,0
6.335036,1.999073,0
6.336767,1.731605,0
6.338812,2.044860,0
6.340712,1.900207,0
6.342804,2.091804,0
6.345024,2.219975,0
6.346773,1.748580,0
6.348760,1.987372,0
6.350856,2.095926,0
6.353295,2.439426,0
6.354950,1.654996,0
6.356770,1.819335,0
6.358939,2.169036,0
6.360706,1.767283,0
6.363077,2.371466,0
6.364837,1.759479,0
6.366791,1.954160,0
6.368740,1.949051,0
6.370948,2.208002,0
6.373397,2.448431,0
6.374989,1.592482,0
6.376710,1.721188,0
6.379007,2.297036,0
6.381008,2.001033,0
6.382939,1.930730,0
6.384848,1.908844,0
6.386750,1.901893,0
6.388999,2.249566,0
6.390804,1.804231,0
6.392724,1.919953,0
6.394860,2.136506,0
6.396745,1.885037,0
6.398965,2.219589,0
6.400773,1.808112,0
6.402980,2.207442,0
6.404857,1.876492,0
6.406708,1.851167,0
6.408977,2.269220,0
6.411085,2.107669,0
6.413231,2.146027,0
6.414916,1.684855,0
6.416947,2.031248,0
6.419021,2.074049,0
6.420786,1.764861,0
6.422724,1.938110,0
6.424912,2.187688,0
6.426799,1.887324,0
6.428853,2.053714,0
6.430735,1.881987,0
6.433167,2.432503,0
6.434779,1.612196,0
6.436914,2.134387,0
6.438782,1.868596,0
6.440952,2.169579,0
6.443237,2.284969,0
6.444917,1.680194,0
6.446760,1.843092,0
6.449020,2.259580,0
6.450820,1.800241,0
6.452846,2.025671,0
6.454976,2.130708,0
6.456735,1.758861,0
6.458814,2.078773,0
6.461172,2.358099,0
6.462987,1.815079,0
6.464632,1.644616,0
6.466604,1.971714,0
6.468453,1.849836,0
6.470529,2.075622,0
6.472634,2.105024,0
6.474521,1.887419,0
6.476602,2.080959,0
6.478574,1.971832,0
6.480539,1.964909,0
6.482630,2.090953,0
6.484566,1.935789,0
6.486557,1.991043,0
6.488562,2.005383,0
6.490525,1.962538,0
6.492696,2.171092,0
6.494764,2.068366,0
6.496782,2.017930,0
6.498543,1.760668,0
6.500635,2.091610,0
6.503052,2.417010,0
6.504657,1.605388,0
6.506773,2.115995,0
6.508686,1.913149,0
6.510746,2.059828,0
6.512720,1.973962,0
6.514685,1.965135,0
6.516802,2.117370,0
6.518654,1.852082,0
6.520553,1.898394,0
6.522962,2.409204,0
6.524597,1.635171,0
6.526823,2.226226,0
6.528666,1.842413,0
6.530620,1.954444,0
6.532714,2.093839,0
6.534607,1.892556,0
6.536637,2.030156,0
6.538549,1.912587,0
6.540578,2.028192,0
6.542542,1.964846,0
6.544765,2.222574,0
6.546765,1.999729,0
6.548847,2.082354,0
6.550829,1.981992,0
6.552620,1.791127,0
6.554600,1.979648,0
6.556691,2.090639,0
6.558539,1.848782,0
6.560578,2.038447,0
6.562565,1.986872,0
6.564790,2.225050,0
6.566579,1.789538,0
6.568667,2.087625,0
6.570656,1.989534,0
6.573040,2.383221,0
6.574837,1.797378,0
6.576601,1.763911,0
6.578724,2.123180,0
6.580769,2.044660,0
6.582942,2.173398,0
6.584564,1.622323,0
6.586591,2.026275,0
6.588843,2.252221,0
6.590647,1.803735,0
6.593098,2.450918,0
6.594715,1.617918,0
6.596821,2.105191,0
6.598819,1.998295,0
6.600633,1.813777,0
6.602740,2.107498,0
6.604564,1.823752,0
6.606652,2.088191,0
6.608824,2.172094,0
6.610986,2.161749,0
6.612756,1.770398,0
6.614822,2.065504,0
6.616662,1.840233,0
6.618596,1.934123,0
6.620780,2.184092,0
6.622739,1.958824,0
6.624684,1.944341,0
6.626766,2.081959,0
6.628597,1.831020,0
6.630556,1.959398,0
6.632902,2.345704,0
6.634794,1.891970,0
6.636603,1.809866,0
6.638789,2.185891,0
6.640754,1.964265,0
6.642874,2.120861,0
6.644750,1.875736,0
6.646791,2.040506,0
6.648555,1.763849,0
6.650612,2.057539,0
6.652836,2.223447,0
6.654759,1.923563,0
6.656821,2.061556,0
6.658826,2.005165,0
6.660697,1.871454,0
6.662714,2.016894,0
6.664711,1.997211,0
6.666804,2.093066,0
6.668794,1.989297,0
6.670797,2.003059,0
6.672681,1.884522,0
6.674798,2.116425,0
6.676748,1.950539,0
6.678885,2.136978,0
6.680904,2.018668,0
6.682723,1.819259,0
6.684611,1.888106,0
6.686558,1.946705,0
6.688680,2.121973,0
6.690826,2.146357,0
6.693033,2.206563,0
6.694856,1.822874,0
6.696647,1.790969,0
6.698551,1.904540,0
6.700791,2.239470,0
6.702675,1.884568,0
6.704740,2.064585,0
6.706574,1.833942,0
6.708659,2.084970,0
6.710691,2.032449,0
6.712680,1.988903,0
6.714737,2.056679,0
6.716753,2.015709,0
6.718810,2.056981,0
6.720559,1.749406,0
6.722980,2.420800,0
6.724637,1.656816,0
6.726820,2.183304,0
6.728673,1.852625,0
6.730673,2.000315,0
6.732792,2.119420,0
6.734700,1.907968,0
6.736710,2.010109,0
6.738685,1.975053,0
6.740659,1.974040,0
6.742860,2.200230,0
6.744612,1.752466,0
6.746613,2.001165,0
6.748872,2.258365,0
6.750786,1.913865,0
6.752991,2.205685,0
6.754777,1.785425,0
6.756793,2.016643,0
6.758612,1.818601,0
6.760797,2.185044,0
6.762579,1.782106,0
6.764566,1.987448,0
6.766552,1.985924,0
6.768590,2.037715,0
6.770820,2.229676,0
6.773105,2.285610,0
6.774727,1.621838,0
6.776609,1.882218,0
6.778611,2.002004,0
6.780635,2.023698,0
6.782723,2.087381,0
6.784565,1.842201,0
6.786551,1.986255,0
6.788602,2.050676,0
6.790805,2.203654,0
6.793040,2.235114,0
6.794785,1.744399,0
6.796803,2.017712,0
6.798807,2.004003,0
6.800564,1.757786,0
6.802806,2.241776,0
6.804522,1.716030,0
6.806809,2.287085,0
6.808629,1.819518,0
6.810885,2.256320,0
6.812797,1.912063,0
6.814610,1.812706,0
6.816646,2.036490,0
6.818820,2.174067,0
6.820638,1.817497,0
6.823031,2.393545,0
6.824809,1.777138,0
6.826627,1.818725,0
6.828803,2.175412,0
6.830629,1.826041,0
6.833002,2.373360,0
6.834794,1.792270,0
6.836736,1.941218,0
6.838853,2.117641,0
6.840841,1.988218,0
6.842908,2.067022,0
6.844772,1.863065,0
6.846740,1.968069,0
6.848675,1.935141,0
6.850771,2.096538,0
6.853034,2.262698,0
6.854564,1.530277,0
6.856553,1.989222,0
6.858561,2.008010,0
6.860834,2.272922,0
6.862779,1.944391,0
6.864469,1.690078,0
6.866762,2.293517,0
6.868706,1.943556,0
6.870587,1.880934,0
6.872955,2.367698,0
6.874814,1.859448,0
6.876640,1.826460,0
6.878813,2.172964,0
6.880802,1.988573,0
6.882627,1.825175,0
6.884658,2.030526,0
6.886694,2.036077,0
6.888845,2.150923,0
6.890778,1.933316,0
6.893025,2.246521,0
6.894794,1.769394,0
6.896800,2.005824,0
6.898563,1.762899,0
6.900709,2.146485,0
6.902990,2.281013,0
6.904814,1.823945,0
6.906794,1.979633,0
6.908688,1.894063,0
6.910705,2.016852,0
6.912579,1.874768,0
6.914634,2.054676,0
6.916636,2.001921,0
6.918581,1.944683,0
6.920550,1.969051,0
6.922678,2.128041,0
6.924674,1.996168,0
6.926692,2.017892,0
6.928685,1.993067,0
6.930682,1.997179,0
6.932768,2.085811,0
6.934751,1.982983,0
6.936809,2.058412,0
6.938618,1.808770,0
6.941090,2.471438,0
6.943091,2.001748,0
6.944757,1.665739,0
6.946798,2.041461,0
6.948563,1.764810,0
6.950808,2.244575,0
6.952962,2.154018,0
6.954793,1.830899,0
6.956652,1.859590,0
6.958647,1.994935,0
6.961045,2.397922,0
6.962645,1.599870,0
6.964757,2.111586,0
6.966771,2.014499,0
6.968821,2.049697,0
6.970830,2.008653,0
6.973150,2.320712,0
6.974963,1.812571,0
6.976924,1.960967,0
6.978699,1.775089,0
6.980726,2.026873,0
6.982766,2.040349,0
6.984762,1.996380,0
6.986760,1.997420,0
6.988734,1.974086,0
6.990776,2.042445,0
6.993034,2.257407,0
6.994726,1.692383,0
6.996761,2.034415,0
6.998715,1.954688,0
7.000941,2.225751,0
7.003075,2.133780,0
7.004836,1.761022,0
7.006895,2.059568,0
7.008848,1.952051,0
7.011227,2.379361,0
7.013015,1.788529,0
7.014791,1.775532,0
7.016721,1.930331,0
7.019016,2.294917,0
7.020761,1.744700,0
7.022834,2.073453,0
7.024847,2.013002,0
7.026762,1.914981,0
7.028990,2.227458,0
7.030785,1.795354,0
7.032862,2.076949,0
7.034765,1.903235,0
7.036754,1.988851,0
7.038984,2.229989,0
7.040986,2.002332,0
7.043127,2.140402,0
7.044953,1.826001,0
7.046768,1.814641,0
7.048659,1.891717,0
7.050956,2.297219,0
7.053134,2.177102,0
7.054989,1.855766,0
7.056763,1.774000,0
7.058802,2.038622,0
7.060873,2.071027,0
7.062888,2.014802,0
7.064781,1.893088,0
7.066966,2.185576,0
7.068791,1.824494,0
7.070908,2.116883,0
7.072727,1.819355,0
7.074953,2.226232,0
7.076737,1.783142,0
7.078823,2.086396,0
7.080715,1.892321,0
7.082787,2.071620,0
7.084774,1.986650,0
7.086758,1.984680,0
7.088993,2.235021,0
7.090806,1.813180,0
7.093216,2.409672,0
7.095041,1.825282,0
7.096904,1.862951,0
7.098764,1.860010,0
7.100710,1.945524,0
7.103174,2.463881,0
7.104988,1.813781,0
7.106899,1.911534,0
7.108717,1.818402,0
7.110913,2.195304,0
7.112879,1.966711,0
7.114725,1.845919,0
7.116674,1.948132,0
7.118729,2.055442,0
7.120706,1.977466,0
7.122965,2.258262,0
7.124685,1.720184,0
7.126805,2.119655,0
7.128958,2.153794,0
7.130815,1.856817,0
7.133257,2.441758,0
7.134697,1.440061,0
7.136690,1.993036,0
7.138763,2.073307,0
7.140695,1.932049,0
7.142952,2.256955,0
7.144718,1.765331,0
7.146668,1.950014,0
7.148728,2.060200,0
7.150980,2.251789,0
7.153295,2.315320,0
7.154990,1.694954,0
7.156729,1.738617,0
7.159008,2.279616,0
7.160892,1.883522,0
7.162720,1.828632,0
7.164668,1.948017,0
7.166651,1.982475,0
7.168861,2.210224,0
7.170746,1.885067,0
7.173183,2.436730,0
7.174675,1.492414,0
7.176927,2.252114,0
7.178930,2.002564,0
7.180917,1.986667,0
7.183172,2.255805,0
7.184933,1.760528,0
7.186807,1.874114,0
7.188904,2.097024,0
7.190716,1.811904,0
7.192845,2.129261,0
7.194990,2.144972,0
7.196763,1.772915,0
7.198788,2.024732,0
7.200804,2.016553,0
7.202840,2.035912,0
7.204912,2.072128,0
7.206757,1.844967,0
7.208715,1.957765,0
7.211157,2.441501,0
7.213164,2.007022,0
7.214938,1.774275,0
7.216758,1.820013,0
7.218945,2.186734,0
7.220909,1.964454,0
7.222882,1.973044,0
7.224747,1.864815,0
7.226692,1.945350,0
7.228732,2.039148,0
7.230662,1.930319,0
7.232802,2.140529,0
7.234787,1.984646,0
7.236774,1.987066,0
7.238985,2.211118,0
7.240754,1.768528,0
7.243127,2.372964,0
7.244707,1.579927,0
7.246772,2.065802,0
7.248931,2.158412,0
7.250656,1.724708,0
7.253239,2.583266,0
7.254748,1.509363,0
7.256903,2.154710,0
7.258968,2.064724,0
7.261188,2.220155,0
7.262810,1.622435,0
7.264920,2.109634,0
7.266926,2.006445,0
7.268780,1.853302,0
7.270722,1.942244,0
7.273075,2.352808,0
7.274886,1.811194,0
7.276674,1.788542,0
7.278688,2.013553,0
7.280926,2.238009,0
7.282998,2.072510,0
7.284939,1.940111,0
7.286779,1.840820,0
7.288684,1.904417,0
7.290892,2.207890,0
7.292734,1.842623,0
7.294505,1.770335,0
7.296662,2.156985,0
7.298922,2.260814,0
7.300934,2.011966,0
7.303192,2.257349,0
7.304960,1.768335,0
7.306906,1.945906,0
7.308955,2.049502,0
7.311026,2.070864,0
7.312664,1.638053,0
7.314694,2.029732,0
7.316747,2.052908,0
7.318708,1.961307,0
7.320557,1.848851,0
7.322854,2.296488,0
7.324981,2.126958,0
7.326741,1.760828,0
7.328763,2.022026,0
7.330937,2.173702,0
7.333200,2.262978,0
7.334749,1.549192,0
7.336806,2.056813,0
7.338922,2.115948,0
7.340719,1.796798,0
7.342994,2.274755,0
7.344806,1.812121,0
7.346780,1.974325,0
7.348911,2.130478,0
7.350688,1.776907,0
7.353084,2.396091,0
7.354866,1.782618,0
7.356899,2.033060,0
7.358739,1.839921,0
7.361015,2.275672,0
7.362795,1.779975,0
7.364705,1.909871,0
7.366737,2.031912,0
7.368973,2.236536,0
7.370987,2.013514,0
7.373039,2.052307,0
7.374687,1.648146,0
7.376775,2.088154,0
7.378440,1.665140,0
7.380708,2.267798,0
7.382593,1.884880,0
7.384569,1.976313,0
7.386562,1.992545,0
7.388840,2.278492,0
7.390569,1.728544,0
7.392606,2.037321,0
7.394807,2.200623,0
7.396795,1.987917,0
7.398819,2.023845,0
7.400794,1.975322,0
7.403078,2.283570,0
7.404617,1.538969,0
7.406806,2.188978,0
7.408776,1.970547,0
7.410837,2.060765,0
7.412678,1.841013,0
7.414564,1.886627,0
7.416613,2.048192,0
7.418620,2.006930,0
7.420539,1.919525,0
7.423151,2.611621,0
7.424805,1.654130,0
7.426814,2.008860,0
7.428787,1.973195,0
7.430571,1.783628,0
7.432950,2.379350,0
7.434806,1.855665,0
7.436812,2.006528,0
7.438886,2.074334,0
7.440900,2.013191,0
7.443188,2.288695,0
7.444887,1.698616,0
7.446732,1.845262,0
7.448675,1.942590,0
7.450559,1.884677,0
7.452573,2.013207,0
7.454562,1.989226,0
7.456553,1.990802,0
7.458472,1.919315,0
7.460830,2.357979,0
7.462945,2.115305,0
7.464651,1.705225,0
7.466496,1.845645,0
7.468857,2.360860,0
7.470802,1.945445,0
7.473068,2.265916,0
7.474846,1.777124,0
7.476840,1.994581,0
7.478835,1.994451,0
7.480845,2.010209,0
7.482764,1.919315,0
7.484716,1.952125,0
7.486787,2.070383,0
7.488931,2.144810,0
7.490883,1.951630,0
7.493088,2.205265,0
7.494905,1.816688,0
7.496939,2.033961,0
7.498813,1.873855,0
7.500811,1.998385,0
7.502853,2.041335,0
7.504967,2.114537,0
7.506712,1.744516,0
7.508946,2.234407,0
7.510954,2.008276,0
7.512791,1.837170,0
7.514699,1.907391,0
7.516664,1.964688,0
7.518799,2.135122,0
7.520925,2.126257,0
7.523055,2.129780,0
7.524749,1.694030,0
7.526900,2.151001,0
7.528734,1.833872,0
7.530740,2.006635,0
7.533197,2.457059,0
7.534950,1.753231,0
7.536901,1.950086,0
7.538919,2.018863,0
7.540783,1.863809,0
7.543170,2.387212,0
7.544949,1.778475,0
7.546909,1.960413,0
7.548990,2.080913,0
7.550993,2.002593,0
7.552929,1.936565,0
7.554968,2.039030,0
7.556598,1.629087,0
7.558795,2.197547,0
7.560815,2.019497,0
7.562803,1.988861,0
7.564667,1.864005,0
7.566777,2.110032,0
7.568776,1.998037,0
7.570908,2.132454,0
7.572680,1.771662,0
7.574903,2.223546,0
7.576926,2.023111,0
7.578945,2.019204,0
7.580966,2.020908,0
7.582770,1.803868,0
7.584951,2.180638,0
7.586747,1.796009,0
7.588758,2.010598,0
7.590882,2.124426,0
7.592971,2.088908,0
7.594642,1.671000,0
7.596766,2.124072,0
7.598616,1.849789,0
7.600722,2.105849,0
7.602681,1.959659,0
7.604710,2.028928,0
7.606724,2.013981,0
7.608764,2.039497,0
7.610949,2.185129,0
7.612709,1.759813,0
7.614695,1.986541,0
7.616641,1.945910,0
7.618617,1.975812,0
7.620711,2.094475,0
7.622855,2.143881,0
7.624698,1.843292,0
7.626712,2.013913,0
7.628729,2.016905,0
7.630778,2.048539,0
7.633000,2.221991,0
7.634774,1.774612,0
7.636769,1.994894,0
7.638756,1.986477,0
7.640758,2.001775,0
7.642891,2.133188,0
7.644755,1.864151,0
7.646609,1.854403,0
7.648654,2.044834,0
7.650659,2.004946,0
7.652870,2.210491,0
7.654544,1.674184,0
7.656535,1.991668,0
7.658511,1.975685,0
7.660620,2.108788,0
7.662654,2.034098,0
7.664627,1.972544,0
7.666629,2.002420,0
7.668628,1.999146,0
7.670671,2.043371,0
7.672875,2.203375,0
7.674631,1.756495,0
7.676534,1.902462,0
7.678533,1.999243,0
7.680550,2.017232,0
7.682682,2.131291,0
7.684617,1.935841,0
7.686606,1.988929,0
7.688620,2.013616,0
7.690597,1.977124,0
7.692738,2.141259,0
7.694504,1.765489,0
7.696604,2.100416,0
7.698635,2.030806,0
7.700641,2.005641,0
7.702911,2.270606,0
7.704645,1.733977,0
7.706666,2.020725,0
7.708700,2.034259,0
7.710680,1.980145,0
7.712732,2.051884,0
7.714523,1.791103,0
7.716652,2.128252,0
7.718652,2.000715,0
7.720649,1.996554,0
7.722845,2.195863,0
7.724654,1.809697,0
7.726653,1.998120,0
7.728671,2.018490,0
7.730656,1.985097,0
7.732710,2.053339,0
7.734537,1.826968,0
7.736667,2.130908,0
7.738645,1.977641,0
7.740659,2.014261,0
7.742728,2.068681,0
7.744645,1.917141,0
7.746646,2.001187,0
7.748678,2.031636,0
7.750619,1.941473,0
7.752747,2.127149,0
7.754593,1.846209,0
7.756684,2.091040,0
7.758569,1.884706,0
7.760610,2.041514,0
7.763071,2.460574,0
7.764748,1.677733,0
7.766656,1.907497,0
7.768827,2.170892,0
7.770599,1.772710,0
7.772895,2.295138,0
7.774549,1.654447,0
7.776557,2.008220,0
7.778769,2.211252,0
7.780843,2.074234,0
7.783079,2.236433,0
7.784853,1.773433,0
7.786550,1.697262,0
7.788836,2.286125,0
7.790829,1.993229,0
7.792773,1.944216,0
7.794601,1.827049,0
7.796623,2.022660,0
7.798817,2.193940,0
7.800813,1.995790,0
7.802593,1.779847,0
7.804783,2.189963,0
7.806569,1.786715,0
7.808790,2.221026,0
7.810778,1.987916,0
7.813048,2.270057,0
7.814857,1.808705,0
7.816817,1.960352,0
7.818809,1.991728,0
7.820813,2.003526,0
7.822974,2.161237,0
7.824837,1.862811,0
7.826801,1.963869,0
7.828837,2.035873,0
7.830835,1.998007,0
7.832913,2.078240,0
7.834750,1.837558,0
7.836801,2.051154,0
7.838579,1.777926,0
7.840829,2.249353,0
7.842873,2.044604,0
7.844792,1.918881,0
7.846771,1.978412,0
7.848789,2.018725,0
7.850769,1.979936,0
7.853112,2.342836,0
7.854819,1.706812,0
7.856609,1.790403,0
7.858577,1.967907,0
7.861003,2.425304,0
7.862679,1.676064,0
7.864565,1.886492,0
7.866816,2.250856,0
7.868824,2.007624,0
7.870627,1.803119,0
7.873048,2.421746,0
7.874812,1.763562,0
7.876741,1.929134,0
7.878830,2.088764,0
7.880560,1.729616,0
7.883016,2.456312,0
7.884826,1.810053,0
7.886804,1.978244,0
7.888825,2.020914,0
7.890816,1.990969,0
7.893047,2.230934,0
7.894845,1.797529,0
7.896577,1.732820,0
7.898439,1.861989,0
7.900380,1.940977,0
7.902551,2.170384,0
7.904456,1.905742,0
7.906448,1.991989,0
7.908431,1.982325,0
7.910474,2.043374,0
7.912682,2.207799,0
7.914695,2.013440,0
7.916705,2.009904,0
7.918734,2.028805,0
7.920682,1.948174,0
7.922640,1.957954,0
7.924502,1.861668,0
7.926551,2.048650,0
7.928599,2.048015,0
7.930805,2.206796,0
7.933016,2.210375,0
7.934750,1.734067,0
7.936623,1.873347,0
7.938764,2.140721,0
7.940765,2.001436,0
7.942930,2.165171,0
7.944668,1.737603,0
7.946597,1.928810,0
7.948778,2.180979,0
7.950793,2.014682,0
7.952938,2.145109,0
7.954583,1.645653,0
7.956789,2.206182,0
7.958778,1.988430,0
7.960650,1.871843,0
7.962593,1.942889,0
7.964772,2.179230,0
7.966555,1.783394,0
7.968559,2.004138,0
7.970776,2.216391,0
7.972739,1.963327,0
7.974784,2.045250,0
7.976715,1.930916,0
7.978826,2.110419,0
7.980698,1.872432,0
7.982663,1.965215,0
7.984698,2.035128,0
7.986719,2.020129,0
7.988837,2.118121,0
7.990841,2.003872,0
7.992849,2.008415,0
7.994600,1.751404,0
7.996599,1.998247,0
7.998759,2.160542,0
8.000842,2.083230,0
8.002806,1.963658,0
8.004807,2.001396,0
8.006780,1.972433,0
8.008683,1.903418,0
8.010939,2.255558,0
8.012896,1.957348,0
8.014892,1.996238,0
8.016788,1.895215,0
8.018709,1.921518,0
8.020908,2.198947,0
8.022728,1.819363,0
8.024712,1.984970,0
8.026652,1.940007,0
8.028679,2.026092,0
8.030666,1.986965,0
8.032757,2.091485,0
8.034800,2.042732,0
8.036798,1.998744,0
8.038609,1.810901,0
8.040811,2.201659,0
8.042722,1.911152,0
8.044798,2.076059,0
8.046772,1.973376,0
8.048572,1.800534,0
8.050615,2.042582,0
8.053207,2.592520,0
8.054678,1.470735,0
8.056813,2.135209,0
8.058653,1.839598,0
8.060884,2.231456,0
8.062923,2.038441,0
8.064679,1.756005,0
8.066765,2.086386,0
8.068782,2.016517,0
8.070600,1.818374,0
8.072717,2.116728,0
8.074889,2.172410,0
8.076811,1.922272,0
8.078786,1.974169,0
8.080944,2.158050,0
8.082801,1.857550,0
8.084938,2.137118,0
8.086788,1.849235,0
8.088724,1.936535,0
8.090947,2.223372,0
8.093183,2.235700,0
8.094964,1.780899,0
8.096784,1.820298,0
8.098772,1.987287,0
8.100723,1.951752,0
8.103147,2.423944,0
8.104908,1.761025,0
8.106687,1.778604,0
8.108952,2.264845,0
8.111092,2.140695,0
8.112841,1.748202,0
8.114678,1.837408,0
8.116668,1.989772,0
8.118672,2.003692,0
8.120684,2.012567,0
8.122681,1.996444,0
8.124799,2.118676,0
8.126616,1.816260,0
8.128818,2.202466,0
8.130841,2.022765,0
8.133042,2.201483,0
8.134564,1.521829,0
8.136556,1.991759,0
8.138669,2.113227,0
8.140567,1.897644,0
8.142621,2.054497,0
8.144628,2.006430,0
8.146569,1.941723,0
8.148559,1.989987,0
8.150559,2.000070,0
8.152891,2.331765,0
8.154815,1.924233,0
8.156692,1.877107,0
8.158672,1.979356,0
8.160685,2.013180,0
8.162988,2.303216,0
8.164813,1.824435,0
8.166692,1.879119,0
8.168645,1.953464,0
8.170637,1.991789,0
8.172822,2.184810,0
8.174623,1.800680,0
8.176573,1.950148,0
8.178871,2.298044,0
8.180653,1.782619,0
8.182993,2.339265,0
8.184792,1.798916,0
8.186684,1.892178,0
8.188635,1.951087,0
8.190794,2.159291,0
8.192621,1.827371,0
8.194801,2.179609,0
8.196816,2.014456,0
8.198706,1.890097,0
8.200814,2.108826,0
8.202976,2.161537,0
8.204743,1.767343,0
8.206812,2.069155,0
8.208812,1.999020,0
8.210667,1.855820,0
8.213041,2.373227,0
8.214788,1.747755,0
8.216676,1.888124,0
8.218814,2.137687,0
8.220814,1.999802,0
8.222983,2.168764,0
8.224814,1.831740,0
8.226805,1.990955,0
8.228570,1.764789,0
8.230793,2.222802,0
8.232758,1.964843,0
8.234694,1.936280,0
8.236684,1.989641,0
8.238706,2.022539,0
8.240685,1.979200,0
8.243031,2.345633,0
8.244676,1.644577,0
8.246667,1.991695,0
8.248730,2.062282,0
8.250705,1.975734,0
8.252971,2.265723,0
8.254737,1.765930,0
8.256903,2.165936,0
8.258722,1.819403,0
8.260688,1.965719,0
8.263026,2.338054,0
8.264712,1.685609,0
8.266693,1.980939,0
8.268716,2.023638,0
8.270943,2.226705,0
8.273179,2.236337,0
8.274937,1.757283,0
8.276781,1.844599,0
8.278781,1.999911,0
8.280910,2.128640,0
8.283104,2.193954,0
8.284683,1.578892,0
8.286801,2.118435,0
8.288748,1.947209,0
8.290962,2.214047,0
8.293265,2.302143,0
8.294813,1.548213,0
8.296926,2.112854,0
8.298963,2.037745,0
8.300922,1.959126,0
8.302689,1.766872,0
8.304919,2.229480,0
8.306723,1.803740,0
8.308729,2.006785,0
8.311163,2.433725,0
8.312876,1.713299,0
8.314784,1.908065,0
8.316774,1.989733,0
8.318806,2.031837,0
8.320749,1.943201,0
8.323162,2.412872,0
8.324721,1.559280,0
8.326892,2.170353,0
8.328957,2.065640,0
8.330867,1.910053,0
8.333291,2.423366,0
8.334732,1.440877,0
8.336970,2.238215,0
8.339067,2.097164,0
8.340785,1.717681,0
8.342855,2.070396,0
8.344994,2.139029,0
8.346909,1.914746,0
8.348859,1.950120,0
8.350734,1.874724,0
8.352987,2.253145,0
8.355019,2.032082,0
8.356769,1.750061,0
8.358799,2.029974,0
8.361103,2.304021,0
8.363046,1.943433,0
8.364774,1.727243,0
8.366814,2.040765,0
8.368643,1.829008,0
8.370733,2.090054,0
8.373194,2.460572,0
8.375031,1.837053,0
8.376701,1.669571,0
8.378813,2.111953,0
8.380932,2.119870,0
8.383197,2.264425,0
8.384691,1.494479,0
8.386790,2.098309,0
8.389013,2.223070,0
8.390717,1.703860,0
8.393150,2.433807,0
8.394783,1.632436,0
8.396954,2.171496,0
8.398988,2.033909,0
8.400876,1.888124,0
8.403018,2.142053,0
8.404975,1.956372,0
8.406891,1.916533,0
8.408770,1.879055,0
8.410791,2.020117,0
8.412758,1.967245,0
8.414781,2.023291,0
8.416736,1.954972,0
8.418769,2.032659,0
8.420739,1.970127,0
8.423160,2.420739,0
8.425016,1.856616,0
8.426895,1.878425,0
8.428992,2.097316,0
8.430983,1.991506,0
8.433399,2.415481,0
8.434993,1.593707,0
8.436736,1.743448,0
8.439008,2.271537,0
8.441013,2.004959,0
8.443068,2.055594,0
8.445011,1.942386,0
8.446718,1.707704,0
8.448837,2.118354,0
8.450856,2.019700,0
8.453196,2.339801,0
8.454775,1.579042,0
8.456808,2.032556,0
8.459003,2.194910,0
8.460898,1.895474,0
8.463175,2.276977,0
8.464952,1.776686,0
8.466911,1.959288,0
8.468966,2.054879,0
8.470778,1.811855,0
8.473249,2.471136,0
8.475004,1.755281,0
8.476912,1.907371,0
8.478682,1.770668,0
8.480662,1.979490,0
8.483098,2.436391,0
8.484756,1.658018,0
8.486774,2.018227,0
8.488990,2.216132,0
8.490846,1.855414,0
8.493413,2.566996,0
8.494839,1.426237,0
8.496985,2.145965,0
8.498941,1.956000,0
8.500765,1.824019,0
8.503069,2.303852,0
8.505035,1.966385,0
8.506756,1.721011,0
8.508786,2.030129,0
8.510981,2.194111,0
8.513158,2.177100,0
8.514885,1.727436,0
8.516782,1.897032,0
8.518857,2.074424,0
8.521013,2.156184,0
8.522938,1.925425,0
8.525076,2.138148,0
8.527000,1.923663,0
8.529255,2.255327,0
8.531105,1.849194,0
8.533196,2.091929,0
8.535121,1.924709,0
8.536902,1.781203,0
8.539184,2.281911,0
8.540974,1.789876,0
8.543094,2.119553,0
8.544727,1.633286,0
8.546892,2.164619,0
8.549023,2.131544,0
8.550756,1.733156,0
8.552986,2.229648,0
8.554843,1.857335,0
8.556747,1.903458,0
8.558910,2.163601,0
8.561158,2.247564,0
8.562827,1.669438,0
8.564757,1.929480,0
8.566802,2.045284,0
8.568737,1.935232,0
8.570651,1.913482,0
8.573000,2.349219,0
8.574798,1.797605,0
8.576775,1.977452,0
8.578800,2.024674,0
8.580756,1.956513,0
8.582988,2.231317,0
8.584788,1.800863,0
8.586781,1.992526,0
8.588611,1.829678,0
8.590688,2.077084,0
8.592851,2.162996,0
8.594607,1.755764,0
8.596895,2.288361,0
8.598940,2.044982,0
8.600748,1.807949,0
8.603144,2.396145,0
8.605010,1.866407,0
8.606749,1.738135,0
8.608744,1.995762,0
8.611303,2.558629,0
8.613470,2.167008,0
8.615231,1.761571,0
8.617015,1.783334,0
8.618802,1.787629,0
8.621136,2.333613,0
8.623295,2.158780,0
8.624956,1.661227,0
8.626926,1.970386,0
8.629135,2.208286,0
8.631246,2.111573,0
8.633477,2.230641,0
8.635185,1.707918,0
8.636869,1.684576,0
8.639152,2.282420,0
8.641117,1.965526,0
8.643079,1.961577,0
8.645107,2.027534,0
8.647026,1.919916,0
8.649204,2.177704,0
8.651132,1.928147,0
8.653276,2.143464,0
8.655263,1.986936,0
8.657023,1.760415,0
8.659222,2.199171,0
8.661189,1.966662,0
8.663528,2.339033,0
8.665195,1.667164,0
8.666804,1.609223,0
8.668838,2.033510,0
8.670840,2.002013,0
8.672858,2.018087,0
8.674828,1.970014,0
8.676919,2.091362,0
8.678793,1.874082,0
8.681013,2.219939,0
8.683231,2.217217,0
8.685042,1.811909,0
8.686775,1.732529,0
8.688871,2.096129,0
8.690875,2.003365,0
8.693197,2.322465,0
8.695041,1.843916,0
8.696696,1.655566,0
8.698852,2.155736,0
8.701084,2.232015,0
8.703541,2.456605,0
8.705149,1.608632,0
8.707064,1.914262,0
8.709071,2.007113,0
8.711040,1.969341,0
8.713062,2.021603,0
8.714726,1.664153,0
8.716781,2.055203,0
8.718830,2.048526,0
8.720811,1.981283,0
8.723341,2.530180,0
8.724961,1.619748,0
8.726977,2.015945,0
8.728888,1.911434,0
8.730947,2.058662,0
8.732998,2.051049,0
8.734584,1.586299,0
8.736771,2.186283,0
8.739053,2.282233,0
8.740928,1.874846,0
8.743544,2.616142,0
8.745062,1.518675,0
8.746997,1.934345,0
8.748872,1.874786,0
8.751012,2.140776,0
8.753387,2.374319,0
8.755104,1.717345,0
8.757018,1.913769,0
8.758952,1.933973,0
8.761455,2.502818,0
8.763210,1.755733,0
8.765082,1.872020,0
8.766898,1.815515,0
8.768910,2.011716,0
8.771091,2.181729,0
8.773090,1.998464,0
8.775112,2.022340,0
8.776830,1.718299,0
8.778821,1.990984,0
8.781002,2.180385,0
8.783002,2.000255,0
8.784898,1.895855,0
8.786908,2.010236,0
8.789154,2.246082,0
8.791159,2.004876,0
8.793400,2.240933,0
8.795043,1.642750,0
8.796966,1.923553,0
8.798745,1.778394,0
8.800785,2.040144,0
8.803256,2.470932,0
8.804999,1.743718,0
8.806935,1.935185,0
8.808869,1.934021,0
8.811171,2.302826,0
8.813185,2.013578,0
8.814989,1.804012,0
8.816694,1.704871,0
8.818741,2.046789,0
8.820665,1.924030,0
8.823064,2.399684,0
8.824891,1.826162,0
8.826917,2.026074,0
8.828947,2.029979,0
8.830969,2.022375,0
8.833244,2.274495,0
8.834821,1.577713,0
8.836899,2.077725,0
8.839039,2.140180,0
8.840716,1.676547,0
8.843402,2.686142,0
8.845221,1.819527,0
8.846982,1.760264,0
8.849091,2.109531,0
8.851079,1.988220,0
8.853023,1.943494,0
8.854830,1.807584,0
8.856771,1.940152,0
8.858777,2.006736,0
8.861013,2.236099,0
8.863251,2.237361,0
8.864872,1.621317,0
8.866983,2.111073,0
8.868808,1.824988,0
8.871006,2.197638,0
8.872905,1.899495,0
8.874702,1.796992,0
8.876594,1.891490,0
8.878710,2.116645,0
8.880721,2.010270,0
8.883260,2.539259,0
8.884973,1.712733,0
8.886784,1.810969,0
8.888713,1.928877,0
8.890723,2.010017,0
8.893234,2.511641,0
8.895078,1.843778,0
8.896892,1.813539,0
8.899050,2.158136,0
8.901192,2.141939,0
8.903251,2.059763,0
8.905135,1.883165,0
8.906584,1.449068,0
8.909042,2.458891,0
8.911158,2.115369,0
8.913173,2.014812,0
8.914736,1.563497,0
8.916740,2.003533,0
8.918785,2.045743,0
8.920737,1.951326,0
8.923097,2.360071,0
8.924705,1.608445,0
8.926809,2.103982,0
8.928957,2.148153,0
8.930812,1.854580,0
8.933267,2.455150,0
8.934944,1.676792,0
8.936926,1.981618,0
8.939060,2.134045,0
8.940895,1.835298,0
8.943147,2.252515,0
8.944879,1.731725,0
8.946741,1.861709,0
8.949201,2.459693,0
8.950922,1.721369,0
8.953452,2.530473,0
8.955095,1.642779,0
8.956919,1.823683,0
8.959059,2.140032,0
8.960870,1.811329,0
8.963103,2.232445,0
8.964979,1.875962,0
8.966908,1.929339,0
8.968677,1.769043,0
8.970676,1.999328,0
8.973042,2.365668,0
8.974855,1.813000,0
8.976766,1.911302,0
8.979197,2.431182,0
8.981224,2.026480,0
8.982994,1.770460,0
8.984872,1.878017,0
8.986690,1.817138,0
8.988808,2.117919,0
8.990803,1.995706,0
8.992751,1.947795,0
8.995059,2.307990,0
8.996909,1.850252,0
8.999024,2.114525,0
9.000828,1.803932,0
9.003381,2.553230,0
9.005064,1.682951,0
9.006796,1.732508,0
9.008950,2.153189,0
9.010869,1.919318,0
9.013146,2.277322,0
9.014841,1.694622,0
9.016966,2.124950,0
9.019158,2.192384,0
9.020891,1.732525,0
9.023053,2.162382,0
9.024921,1.867793,0
9.026778,1.856647,0
9.029037,2.259759,0
9.031008,1.971126,0
9.033162,2.153969,0
9.034903,1.740147,0
9.036984,2.081213,0
9.038737,1.752867,0
9.040849,2.112703,0
9.042947,2.098058,0
9.045089,2.141777,0
9.046966,1.876575,0
9.048863,1.897264,0
9.051097,2.234416,0
9.053221,2.123588,0
9.054664,1.442899,0
9.056584,1.920210,0
9.059149,2.564665,0
9.061441,2.292052,0
9.063437,1.995776,0
9.065160,1.723657,0
9.066990,1.829650,0
9.068762,1.772207,0
9.070892,2.129583,0
9.073309,2.417524,0
9.074769,1.459953,0
9.076979,2.210186,0
9.078940,1.960438,0
9.080949,2.008928,0
9.083032,2.083432,0
9.084834,1.802003,0
9.086802,1.967976,0
9.088862,2.059699,0
9.090888,2.026399,0
9.092979,2.090892,0
9.094629,1.649901,0
9.096636,2.006917,0
9.098711,2.074888,0
9.100942,2.231413,0
9.103245,2.302505,0
9.104782,1.537339,0
9.106555,1.772670,0
9.108731,2.176508,0
9.110959,2.227991,0
9.112977,2.017260,0
9.114696,1.719942,0
9.116675,1.978243,0
9.118699,2.024421,0
9.120678,1.979351,0
9.122694,2.015386,0
9.124790,2.095721,0
9.126810,2.020519,0
9.128693,1.882961,0
9.130854,2.161175,0
9.133185,2.331022,0
9.134609,1.424124,0
9.136598,1.988345,0
9.138582,1.983891,0
9.140675,2.093611,0
9.142808,2.133212,0
9.144704,1.895074,0
9.146716,2.012827,0
9.148693,1.976576,0
9.150680,1.987001,0
9.153051,2.371409,0
9.154641,1.590013,0
9.156837,2.195998,0
9.158814,1.976877,0
9.160858,2.043692,0
9.162945,2.087100,0
9.164773,1.828482,0
9.166563,1.789538,0
9.168657,2.094209,0
9.170590,1.933037,0
9.173145,2.554649,0
9.174810,1.664742,0
9.176620,1.810498,0
9.178869,2.248826,0
9.180862,1.993266,0
9.183205,2.343203,0
9.184611,1.405880,0
9.186651,2.039803,0
9.189028,2.376434,0
9.190801,1.773490,0
9.193062,2.260743,0
9.194833,1.771603,0
9.196804,1.971066,0
9.198678,1.873074,0
9.200857,2.179926,0
9.203088,2.230107,0
9.204628,1.540371,0
9.206680,2.051668,0
9.209124,2.444424,0
9.211291,2.166836,0
9.212852,1.561350,0
9.214960,2.108067,0
9.216762,1.801403,0
9.218633,1.870925,0
9.220931,2.298306,0
9.223154,2.222971,0
9.224949,1.794969,0
9.226818,1.869012,0
9.228854,2.035883,0
9.230802,1.948298,0
9.232806,2.003697,0
9.234705,1.898749,0
9.236795,2.090261,0
9.238580,1.784916,0
9.240620,2.040048,0
9.242703,2.083034,0
9.244681,1.977930,0
9.246649,1.968518,0
9.248739,2.090119,0
9.250812,2.072417,0
9.253239,2.427677,0
9.254719,1.479179,0
9.256765,2.046689,0
9.258691,1.925548,0
9.260833,2.142532,0
9.262784,1.950168,0
9.264689,1.905615,0
9.266637,1.947873,0
9.268656,2.018952,0
9.270745,2.088839,0
9.272754,2.009498,0
9.274660,1.905579,0
9.276823,2.162779,0
9.278785,1.962066,0
9.280696,1.911027,0
9.283134,2.438607,0
9.284869,1.734447,0
9.286798,1.928859,0
9.288858,2.060306,0
9.290717,1.859336,0
9.293206,2.488795,0
9.294877,1.670763,0
9.296773,1.896026,0
9.298902,2.129393,0
9.300776,1.873621,0
9.302918,2.141958,0
9.304852,1.934607,0
9.306806,1.953769,0
9.309362,2.555560,0
9.311094,1.732147,0
9.313370,2.276520,0
9.314765,1.394952,0
9.316703,1.937602,0
9.318688,1.985222,0
9.320736,2.047592,0
9.322855,2.119165,0
9.324926,2.071251,0
9.326791,1.865214,0
9.328641,1.849652,0
9.330966,2.325331,0
9.333157,2.190326,0
9.334623,1.465868,0
9.336820,2.196962,0
9.338637,1.816952,0
9.340757,2.120884,0
9.342975,2.217483,0
9.344667,1.692255,0
9.346573,1.905746,0
9.348846,2.273416,0
9.350647,1.800170,0
9.353139,2.492623,0
9.354900,1.760934,0
9.356649,1.748466,0
9.358770,2.121373,0
9.360814,2.044011,0
9.363241,2.427407,0
9.365024,1.782930,0
9.366786,1.761563,0
9.369008,2.222322,0
9.371084,2.076181,0
9.373262,2.177931,0
9.375012,1.749294,0
9.376842,1.830744,0
9.378964,2.121791,0
9.381027,2.063304,0
9.383350,2.322467,0
9.385096,1.745795,0
9.386838,1.741871,0
9.389210,2.372389,0
9.391001,1.791160,0
9.393205,2.203914,0
9.394941,1.736212,0
9.396620,1.678306,0
9.398696,2.076248,0
9.400840,2.144637,0
9.403102,2.261776,0
9.404940,1.837402,0
9.406842,1.902604,0
9.409052,2.209551,0
9.411118,2.066535,0
9.412867,1.748474,0
9.414636,1.768836,0
9.416779,2.143197,0
9.418933,2.154431,0
9.420974,2.040442,0
9.423201,2.227448,0
9.425010,1.809243,0
9.426838,1.827343,0
9.429001,2.162900,0
9.430959,1.958248,0
9.432928,1.969205,0
9.434881,1.952553,0
9.436799,1.918607,0
9.438874,2.074675,0
9.440853,1.978657,0
9.443287,2.434589,0
9.444984,1.696741,0
9.446672,1.688292,0
9.448784,2.111640,0
9.450712,1.928356,0
9.453099,2.386795,0
9.454954,1.855473,0
9.456838,1.883815,0
9.459089,2.250757,0
9.461260,2.170530,0
9.463273,2.012995,0
9.465106,1.833502,0
9.466852,1.745665,0
9.469032,2.180044,0
9.470966,1.934390,0
9.472765,1.799015,0
9.474632,1.866845,0
9.476677,2.045200,0
9.478895,2.217785,0
9.480974,2.078636,0
9.482880,1.906643,0
9.484750,1.869319,0
9.486726,1.975991,0
9.488923,2.197132,0
9.490728,1.805310,0
9.493086,2.357707,0
9.494612,1.526153,0
9.496814,2.202187,0
9.498786,1.971548,0
9.500833,2.047836,0
9.503480,2.646942,0
9.505141,1.660908,0
9.506782,1.641137,0
9.508957,2.174378,0
9.511187,2.230497,0
9.513388,2.201222,0
9.514986,1.597991,0
9.516767,1.780146,0
9.518666,1.899806,0
9.520780,2.113553,0
9.523283,2.503146,0
9.524963,1.679736,0
9.526754,1.791322,0
9.528816,2.062289,0
9.530762,1.945805,0
9.533052,2.289784,0
9.534824,1.771819,0
9.536689,1.865551,0
9.538685,1.995744,0
9.541066,2.381302,0
9.542904,1.837458,0
9.544821,1.917538,0
9.546774,1.952415,0
9.548811,2.036865,0
9.550853,2.042088,0
9.553240,2.387577,0
9.554920,1.679399,0
9.556776,1.856350,0
9.558859,2.083262,0
9.560860,2.000154,0
9.562848,1.988870,0
9.564950,2.101794,0
9.566774,1.823642,0
9.568825,2.051313,0
9.570808,1.982322,0
9.572666,1.858635,0
9.574755,2.088683,0
9.576801,2.046209,0
9.579185,2.383856,0
9.580866,1.681227,0
9.583329,2.463151,0
9.584966,1.636460,0
9.586809,1.842795,0
9.588980,2.171435,0
9.591022,2.041864,0
9.593118,2.096632,0
9.595014,1.895698,0
9.596850,1.835831,0
9.598652,1.802325,0
9.600728,2.075243,0
9.602742,2.014175,0
9.604662,1.920495,0
9.606617,1.954882,0
9.608998,2.380534,0
9.610906,1.908010,0
9.613232,2.326394,0
9.614768,1.536407,0
9.616817,2.048850,0
9.618733,1.915208,0
9.620610,1.877486,0
9.622976,2.366011,0
9.624754,1.777633,0
9.626623,1.869671,0
9.628719,2.095877,0
9.630978,2.258292,0
9.633116,2.138973,0
9.634930,1.813093,0
9.636833,1.903206,0
9.638769,1.936573,0
9.640962,2.192734,0
9.643233,2.271379,0
9.644968,1.734489,0
9.646834,1.866333,0
9.649120,2.286187,0
9.650935,1.814028,0
9.653201,2.266567,0
9.655114,1.913420,0
9.656620,1.505128,0
9.658983,2.363315,0
9.661073,2.089719,0
9.663134,2.061505,0
9.665037,1.902906,0
9.666837,1.800360,0
9.669026,2.188429,0
9.670982,1.955847,0
9.672864,1.882640,0
9.674669,1.804189,0
9.676802,2.133238,0
9.678963,2.161532,0
9.680986,2.023173,0
9.683130,2.143974,0
9.684957,1.826494,0
9.686834,1.877309,0
9.688977,2.142254,0
9.690961,1.984349,0
9.692780,1.819299,0
9.694680,1.899614,0
9.696578,1.898199,0
9.698849,2.270985,0
9.700771,1.921896,0
9.703198,2.426868,0
9.704970,1.772752,0
9.706780,1.809306,0
9.708646,1.866494,0
9.711196,2.550179,0
9.713234,2.037891,0
9.715019,1.784215,0
9.716780,1.761178,0
9.718718,1.938611,0
9.720714,1.996058,0
9.722922,2.207784,0
9.724729,1.806408,0
9.726630,1.900988,0
9.728837,2.206943,0
9.730840,2.003045,0
9.732696,1.856339,0
9.734710,2.014326,0
9.736695,1.984982,0
9.738694,1.998394,0
9.740739,2.045532,0
9.743104,2.364572,0
9.744711,1.607239,0
9.746921,2.209801,0
9.749210,2.289081,0
9.750916,1.706251,0
9.752793,1.877121,0
9.755021,2.227756,0
9.756784,1.763280,0
9.758737,1.953260,0
9.761276,2.538340,0
9.763206,1.929730,0
9.765182,1.976302,0
9.766949,1.767617,0
9.769269,2.319265,0
9.771001,1.732501,0
9.773210,2.208453,0
9.774941,1.731110,0
9.776768,1.827619,0
9.779167,2.398922,0
9.780945,1.778046,0
9.783377,2.431573,0
9.785104,1.727144,0
9.786964,1.860322,0
9.789094,2.129630,0
9.791089,1.995253,0
9.793299,2.209218,0
9.794781,1.482076,0
9.796900,2.119412,0
9.798946,2.046020,0
9.801004,2.057558,0
9.803105,2.101189,0
9.804954,1.848906,0
9.806918,1.964737,0
9.808967,2.048841,0
9.811000,2.032522,0
9.813157,2.157177,0
9.815017,1.859944,0
9.816883,1.865699,0
9.818984,2.101166,0
9.821185,2.201146,0
9.823378,2.193236,0
9.825133,1.754804,0
9.826912,1.778965,0
9.828950,2.037716,0
9.830746,1.796566,0
9.832915,2.168837,0
9.834788,1.873081,0
9.836742,1.953558,0
9.839001,2.259612,0
9.840894,1.892985,0
9.843143,2.249135,0
9.844854,1.710800,0
9.846783,1.928515,0
9.848869,2.085771,0
9.851007,2.138278,0
9.852962,1.955327,0
9.854971,2.009057,0
9.856922,1.950991,0
9.858941,2.018384,0
9.861224,2.283111,0
9.863112,1.888578,0
9.865094,1.981397,0
9.866676,1.582208,0
9.869055,2.379015,0
9.870963,1.908170,0
9.873028,2.065031,0
9.875038,2.009630,0
9.876904,1.865917,0
9.878964,2.060511,0
9.880960,1.996152,0
9.882758,1.797845,0
9.884666,1.908194,0
9.886775,2.108559,0
9.889170,2.395379,0
9.891342,2.171659,0
9.893182,1.840455,0
9.894956,1.773306,0
9.896966,2.010277,0
9.898919,1.952607,0
9.900806,1.887902,0
9.902866,2.059401,0
9.904923,2.057494,0
9.906790,1.867078,0
9.909071,2.280830,0
9.911192,2.120857,0
9.913141,1.949331,0
9.914892,1.750871,0
9.916773,1.880751,0
9.918757,1.984018,0
9.920789,2.031524,0
9.923452,2.663157,0
9.924922,1.470443,0
9.926947,2.024458,0
9.929239,2.292778,0
9.931009,1.769909,0
9.933358,2.348307,0
9.935080,1.722286,0
9.936989,1.908561,0
9.939058,2.069955,0
9.941067,2.008950,0
9.943227,2.159396,0
9.944958,1.731316,0
9.946941,1.983112,0
9.948798,1.856503,0
9.950971,2.173105,0
9.953311,2.339995,0
9.955172,1.860730,0
9.956974,1.802154,0
9.959175,2.201691,0
9.961358,2.182376,0
9.963153,1.795017,0
9.964738,1.585328,0
9.966800,2.061726,0
9.968927,2.127038,0
9.971078,2.150783,0
9.973338,2.260268,0
9.975088,1.749895,0
9.976969,1.880759,0
9.979088,2.119492,0
9.981094,2.005985,0
9.983222,2.127696,0
9.984849,1.627633,0
9.986830,1.980800,0
9.989008,2.177654,0
9.990892,1.884490,0
9.992940,2.047740,0
9.994841,1.901222,0
9.996691,1.849497,0
9.998605,1.914417,0
10.001114,2.509000,0
10.003167,2.052716,0
10.004989,1.821948,0
10.006970,1.981363,0
10.008676,1.705369,0
10.011075,2.399521,0
10.013159,2.083675,0
10.015085,1.926641,0
10.016842,1.756114,0
10.019006,2.164843,0
10.021039,2.032463,0
10.023361,2.321639,0
10.025186,1.825080,0
10.026746,1.560786,0
10.029134,2.387949,0
10.030864,1.729912,0
10.033339,2.474556,0
10.035174,1.835600,0
10.036997,1.822820,0
10.039122,2.124401,0
10.041223,2.101211,0
10.043608,2.384858,0
10.044676,1.068465,0
10.046709,2.032921,0
10.048689,1.979567,0
10.050824,2.135440,0
10.052912,2.087459,0
10.055072,2.160188,0
10.056819,1.747154,0
10.058994,2.175175,0
10.061285,2.290567,0
10.063071,1.786809,0
10.064871,1.799733,0
10.066781,1.910236,0
10.068703,1.922018,0
10.070858,2.154384,0
10.073127,2.268883,0
10.074880,1.752945,0
10.076837,1.957075,0
10.078760,1.923493,0
10.080613,1.852588,0
10.082985,2.371961,0
10.084750,1.765532,0
10.086770,2.019815,0
10.088707,1.936648,0
10.090754,2.047382,0
10.092870,2.115809,0
10.094672,1.802332,0
10.096835,2.162750,0
10.098752,1.917165,0
10.100834,2.081571,0
10.103216,2.382441,0
10.105048,1.832133,0
10.106812,1.764150,0
10.108946,2.133915,0
10.110973,2.026852,0
10.112739,1.765324,0
10.114625,1.885978,0
10.116549,1.924932,0
10.118698,2.148226,0
10.120760,2.062178,0
10.123023,2.263248,0
10.124943,1.919925,0
10.126958,2.015155,0
10.128992,2.033527,0
10.131283,2.291638,0
10.133389,2.106009,0
10.135119,1.729688,0
10.136618,1.499409,0
10.138735,2.116135,0
10.140941,2.206797,0
10.142727,1.785247,0
10.144621,1.894557,0
10.146830,2.208496,0
10.148799,1.969738,0
10.151054,2.254442,0
10.153229,2.175018,0
10.155052,1.823392,0
10.156799,1.746797,0
10.158866,2.067048,0
10.160893,2.027257,0
10.163168,2.274811,0
10.164977,1.808759,0
10.166626,1.648603,0
10.168792,2.166138,0
10.170890,2.098297,0
10.173184,2.294424,0
10.174832,1.647815,0
10.176808,1.975504,0
10.178927,2.119532,0
10.180952,2.024819,0
10.183240,2.287838,0
10.184631,1.390880,0
10.186801,2.169807,0
10.188952,2.151759,0
10.191021,2.068298,0
10.193105,2.084001,0
10.195113,2.007912,0
10.196845,1.732746,0
10.198968,2.122671,0
10.200964,1.995522,0
10.202970,2.006871,0
10.204635,1.664781,0
10.206623,1.987679,0
10.208745,2.122409,0
10.210848,2.102876,0
10.213077,2.228483,0
10.214940,1.862906,0
10.216749,1.809379,0
10.218985,2.235822,0
10.220959,1.974139,0
10.222993,2.033665,0
10.224690,1.697623,0
10.226695,2.004505,0
10.228647,1.951915,0
10.230580,1.933531,0
10.232709,2.129326,0
10.234712,2.002369,0
10.236614,1.901825,0
10.238721,2.107146,0
10.240692,1.971380,0
10.242740,2.048091,0
10.244713,1.973196,0
10.246794,2.080167,0
10.248884,2.090043,0
10.250898,2.014788,0
10.252927,2.028102,0
10.255047,2.120890,0
10.256800,1.752533,0
10.258618,1.818268,0
10.261018,2.399782,0
10.263025,2.007064,0
10.264934,1.908978,0
10.266729,1.795232,0
10.269187,2.457692,0
10.270994,1.806587,0
10.273315,2.321333,0
10.275171,1.856098,0
10.276699,1.527507,0
10.278943,2.243982,0
10.280771,1.828732,0
10.283128,2.356498,0
10.284977,1.849651,0
10.286831,1.853116,0
10.288941,2.110826,0
10.290882,1.940296,0
10.293020,2.138352,0
10.294620,1.599949,0
10.296801,2.181257,0
10.299086,2.285016,0
10.301037,1.951079,0
10.303284,2.246456,0
10.305075,1.791512,0
10.306840,1.764858,0
10.308991,2.150588,0
10.311083,2.092639,0
10.313097,2.013617,0
10.314838,1.740907,0
10.316711,1.873148,0
10.318724,2.013062,0
10.320706,1.981676,0
10.322923,2.217516,0
10.324760,1.836834,0
10.326841,2.080746,0
10.329075,2.234564,0
10.330719,1.643658,0
10.333305,2.585450,0
10.334692,1.387509,0
10.336705,2.013263,0
10.338960,2.254252,0
10.340700,1.740729,0
10.343118,2.417387,0
10.344716,1.597901,0
10.346818,2.102104,0
10.348966,2.148566,0
10.350741,1.775161,0
10.353267,2.525550,0
10.355077,1.810465,0
10.356840,1.762608,0
10.358974,2.133952,0
10.360876,1.902237,0
10.363046,2.169538,0
10.364860,1.813992,0
10.366557,1.696949,0
10.368886,2.329497,0
10.370967,2.081131,0
10.373416,2.448225,0
10.374630,1.214517,0
10.376919,2.288920,0
10.379098,2.179366,0
10.381112,2.013384,0
10.383127,2.015606,0
10.384626,1.498940,0
10.386612,1.986095,0
10.389130,2.517674,0
10.390771,1.640761,0
10.392976,2.204892,0
10.394680,1.704749,0
10.396690,2.009842,0
10.398627,1.936786,0
10.400616,1.988552,0
10.403230,2.614194,0
10.404949,1.719112,0
10.406795,1.845655,0
10.408840,2.045610,0
10.410998,2.158003,0
10.413295,2.296680,0
10.414985,1.690489,0
10.416630,1.644309,0
10.418970,2.340070,0
10.420859,1.889699,0
10.423238,2.378603,0
10.425097,1.859364,0
10.426840,1.742506,0
10.428970,2.130150,0
10.431480,2.509696,0
10.433475,1.995304,0
10.434861,1.386325,0
10.436951,2.089941,0
10.439271,2.319559,0
10.440899,1.628352,0
10.442697,1.797927,0
10.444831,2.133363,0
10.446805,1.974043,0
10.448890,2.085459,0
10.451202,2.312424,0
10.453216,2.013551,0
10.455109,1.893126,0
10.456835,1.726189,0
10.458967,2.131938,0
10.461007,2.039468,0
10.462965,1.958642,0
10.464780,1.815111,0
10.466789,2.008229,0
10.468861,2.071985,0
10.470865,2.003932,0
10.473341,2.476344,0
10.475117,1.776381,0
10.476794,1.676960,0
10.478900,2.106162,0
10.480923,2.022846,0
10.483024,2.100210,0
10.484580,1.556685,0
10.486583,2.002798,0
10.488665,2.081956,0
10.490579,1.914268,0
10.492726,2.146432,0
10.494630,1.904830,0
10.496609,1.978032,0
10.498724,2.115401,0
10.500752,2.027863,0
10.502583,1.831175,0
10.504499,1.915584,0
10.506619,2.120375,0
10.508887,2.267744,0
10.510883,1.996751,0
10.513290,2.406246,0
10.515032,1.742413,0
10.516836,1.803690,0
10.518744,1.908314,0
10.520732,1.987465,0
10.522900,2.168315,0
10.524946,2.046061,0
10.526716,1.770474,0
10.528676,1.960034,0
10.530715,2.038381,0
10.532808,2.093480,0
10.534926,2.117991,0
10.536813,1.886452,0
10.538838,2.025409,0
10.540951,2.112651,0
10.543396,2.445410,0
10.545090,1.694228,0
10.546840,1.749998,0
10.548744,1.903906,0
10.551107,2.362779,0
10.553256,2.149159,0
10.554792,1.536112,0
10.556820,2.027851,0
10.558746,1.925502,0
10.560833,2.087531,0
10.563014,2.180748,0
10.564782,1.767751,0
10.566706,1.924173,0
10.568964,2.258443,0
10.570959,1.994822,0
10.572807,1.848144,0
10.574721,1.913728,0
10.576835,2.114028,0
10.578953,2.118237,0
10.580975,2.021286,0
10.583150,2.175011,0
10.584969,1.818883,0
10.586835,1.866924,0
10.589100,2.264164,0
10.590770,1.670331,0
10.592759,1.989296,0
10.594867,2.107370,0
10.596693,1.826377,0
10.598892,2.199054,0
10.600850,1.958078,0
10.603030,2.180277,0
10.604773,1.742939,0
10.606736,1.962747,0
10.608782,2.045922,0
10.610629,1.846508,0
10.613122,2.493079,0
10.614883,1.761490,0
10.616806,1.923137,0
10.618867,2.060313,0
10.621130,2.263955,0
10.623306,2.175712,0
10.625019,1.712313,0
10.626768,1.749057,0
10.628715,1.947459,0
10.630803,2.088295,0
10.633181,2.377411,0
10.635146,1.965272,0
10.636858,1.711753,0
10.639108,2.250332,0
10.641232,2.123475,0
10.643606,2.374008,0
10.644919,1.313206,0
10.646840,1.920732,0
10.648948,2.108609,0
10.650946,1.998120,0
10.653221,2.274944,0
10.654696,1.475143,0
10.656693,1.997033,0
10.658949,2.255951,0
10.660856,1.907047,0
10.663247,2.391027,0
10.664919,1.671924,0
10.666761,1.841341,0
10.668539,1.778663,0
10.670688,2.149059,0
10.672833,2.144208,0
10.674958,2.125119,0
10.676736,1.778260,0
10.678936,2.200505,0
10.680944,2.007716,0
10.683193,2.248534,0
10.684835,1.642639,0
10.686790,1.954228,0
10.688793,2.003106,0
10.690734,1.941688,0
10.692873,2.138203,0
10.694720,1.847154,0
10.696802,2.082329,0
10.698992,2.190213,0
10.700822,1.829419,0
10.703066,2.243944,0
10.704942,1.876800,0
10.706838,1.895817,0
10.708995,2.157053,0
10.711087,2.091969,0
10.712802,1.714934,0
10.714957,2.155205,0
10.716811,1.853341,0
10.718797,1.986671,0
10.720698,1.901056,0
10.722866,2.167822,0
10.724763,1.896900,0
10.726703,1.940266,0
10.729083,2.379408,0
10.730708,1.625200,0
10.732903,2.195251,0
10.734762,1.858601,0
10.736713,1.950718,0
10.738741,2.028041,0
10.740744,2.003022,0
10.742940,2.196208,0
10.744936,1.996420,0
10.746831,1.895030,0
10.748855,2.023741,0
10.751065,2.209482,0
10.753281,2.215911,0
10.754846,1.565645,0
10.756819,1.972716,0
10.758749,1.930341,0
10.761020,2.270979,0
10.763166,2.146214,0
10.764612,1.445295,0
10.766823,2.211051,0
10.768894,2.071616,0
10.770962,2.068053,0
10.773068,2.106047,0
10.774626,1.557072,0
10.776717,2.091029,0
10.778975,2.258575,0
10.780730,1.754897,0
10.783135,2.404858,0
10.784972,1.836966,0
10.786837,1.864703,0
10.788968,2.130976,0
10.790959,1.991873,0
10.793247,2.287914,0
10.794582,1.334321,0
10.796775,2.193700,0
10.798907,2.131580,0
10.800926,2.018617,0
10.802784,1.858311,0
10.804743,1.958685,0
10.806773,2.030171,0
10.808914,2.141135,0
10.811023,2.109218,0
10.812685,1.661605,0
10.814766,2.081666,0
10.816814,2.047830,0
10.819046,2.231334,0
10.821071,2.025315,0
10.823598,2.526865,0
10.825044,1.446024,0
10.826847,1.803342,0
10.828922,2.075004,0
10.830675,1.753090,0
10.833154,2.478744,0
10.835125,1.970869,0
10.836775,1.650161,0
10.838989,2.214072,0
10.840916,1.927142,0
10.843165,2.248545,0
10.844789,1.624467,0
10.846701,1.912135,0
10.848627,1.926090,0
10.851071,2.443461,0
10.853277,2.205873,0
10.854962,1.685146,0
10.856775,1.812893,0
10.858967,2.192259,0
10.860972,2.004576,0
10.863079,2.107660,0
10.864936,1.856937,0
10.866644,1.708202,0
10.868760,2.115246,0
10.871123,2.363011,0
10.873138,2.015635,0
10.874955,1.816822,0
10.876963,2.008327,0
10.879117,2.153246,0
10.880963,1.846433,0
10.883377,2.414399,0
10.885122,1.744732,0
10.886964,1.841646,0
10.889072,2.108578,0
10.890825,1.752487,0
10.893438,2.612716,0
10.894762,1.323883,0
10.896773,2.011066,0
10.899054,2.281545,0
10.900995,1.940578,0
10.903259,2.264107,0
10.904991,1.732259,0
10.906757,1.765658,0
10.908995,2.238071,0
10.911169,2.173949,0
10.912953,1.784485,0
10.914755,1.801936,0
10.916776,2.021240,0
10.918539,1.762208,0
10.920806,2.267032,0
10.922837,2.031232,0
10.925039,2.202495,0
10.926755,1.715509,0
10.929033,2.277692,0
10.930790,1.757151,0
10.933372,2.582100,0
10.935117,1.744701,0
10.936968,1.851635,0
10.939079,2.110802,0
10.941047,1.968038,0
10.943401,2.353857,0
10.945156,1.755140,0
10.946981,1.825032,0
10.948751,1.770270,0
10.950884,2.132647,0
10.952925,2.040601,0
10.954929,2.004367,0
10.956784,1.855508,0
10.959009,2.224680,0
10.961098,2.088757,0
10.963462,2.364405,0
10.964956,1.493653,0
10.966962,2.006224,0
10.969165,2.202459,0
10.971079,1.914251,0
10.972814,1.734846,0
10.974725,1.910914,0
10.976614,1.889815,0
10.978793,2.178668,0
10.980696,1.902525,0
10.982985,2.289849,0
10.985109,2.123318,0
10.986812,1.703383,0
10.988928,2.115900,0
10.990989,2.060812,0
10.993265,2.276297,0
10.994978,1.712699,0
10.996905,1.927528,0
10.999020,2.114211,0
11.001277,2.257718,0
11.002724,1.446524,0
11.004617,1.892799,0
11.006625,2.008047,0
11.008684,2.058778,0
11.010886,2.202508,0
11.012855,1.969193,0
11.014629,1.773850,0
11.016587,1.958404,0
11.018700,2.112222,0
11.020706,2.006513,0
11.022645,1.938420,0
11.024701,2.056504,0
11.026595,1.893772,0
11.028697,2.102068,0
11.030667,1.970124,0
11.032761,2.094061,0
11.034679,1.917453,0
11.036666,1.987114,0
11.038529,1.863604,0
11.040638,2.108792,0
11.042704,2.065534,0
11.045078,2.374501,0
11.046906,1.828356,0
11.048793,1.886842,0
11.050734,1.940513,0
11.053311,2.577530,0
11.054942,1.630134,0
11.056805,1.863577,0
11.058980,2.175324,0
11.061127,2.146635,0
11.063213,2.086099,0
11.064961,1.747552,0
11.066782,1.821217,0
11.068544,1.762478,0
11.070979,2.434706,0
11.072839,1.859623,0
11.074774,1.934876,0
11.076752,1.978487,0
11.079092,2.340165,0
11.080954,1.862016,0
11.083331,2.376627,0
11.085042,1.711304,0
11.086838,1.795656,0
11.088984,2.146612,0
11.090987,2.002195,0
11.093248,2.261474,0
11.094965,1.717292,0
11.096811,1.845840,0
11.098914,2.102422,0
11.101168,2.254171,0
11.103237,2.068887,0
11.105062,1.825036,0
11.106787,1.724982,0
11.109101,2.314312,0
11.111117,2.015475,0
11.113246,2.129638,0
11.114925,1.678576,0
11.116834,1.908775,0
11.118786,1.952842,0
11.120688,1.901318,0
11.122747,2.058991,0
11.124690,1.942826,0
11.126754,2.064168,0
11.128694,1.939826,0
11.130683,1.989242,0
11.132947,2.264010,0
11.134723,1.776255,0
11.136718,1.994933,0
11.138936,2.218077,0
11.140838,1.901657,0
11.143348,2.510746,0
11.144847,1.498796,0
11.146780,1.932978,0
11.149147,2.366841,0
11.150848,1.701091,0
11.153194,2.345454,0
11.154877,1.682948,0
11.156836,1.959176,0
11.158763,1.926893,0
11.161114,2.351165,0
11.163140,2.026079,0
11.164976,1.835820,0
11.166832,1.855954,0
11.168910,2.078470,0
11.170920,2.009933,0
11.173064,2.144291,0
11.174608,1.543807,0
11.176718,2.109827,0
11.179125,2.407437,0
11.181049,1.923149,0
11.183608,2.559332,0
11.185135,1.527428,0
11.186837,1.701310,0
11.188967,2.130842,0
11.190969,2.001736,0
11.192680,1.710357,0
11.194844,2.164442,0
11.196802,1.958316,0
11.198971,2.168626,0
11.201078,2.107089,0
11.203437,2.358570,0
11.205210,1.773377,0
11.206835,1.624723,0
11.208865,2.030407,0
11.210881,2.015462,0
11.212768,1.887427,0
11.214712,1.943816,0
11.216834,2.122259,0
11.218906,2.072104,0
11.220954,2.047338,0
11.223369,2.415630,0
11.224832,1.462939,0
11.226770,1.938274,0
11.228666,1.896078,0
11.230750,2.083482,0
11.232943,2.192952,0
11.234787,1.843769,0
11.236841,2.054690,0
11.238751,1.910135,0
11.240740,1.988820,0
11.243321,2.581037,0
11.244855,1.534164,0
11.246819,1.963708,0
11.249032,2.212846,0
11.250946,1.914150,0
11.253120,2.173872,0
11.254764,1.644066,0
11.256801,2.036977,0
11.258666,1.865289,0
11.261048,2.381129,0
11.262946,1.898223,0
11.264766,1.819990,0
11.266819,2.053300,0
11.268771,1.951794,0
11.270695,1.924383,0
11.273242,2.546869,0
11.275036,1.794133,0
11.276623,1.586711,0
11.278951,2.327679,0
11.280957,2.006680,0
11.283332,2.374776,0
11.285135,1.803087,0
11.286835,1.699793,0
11.288981,2.145932,0
11.290954,1.972951,0
11.293284,2.330625,0
11.294961,1.676984,0
11.296627,1.665309,0
11.298703,2.076636,0
11.300757,2.053846,0
11.303183,2.425433,0
11.305020,1.837000,0
11.306838,1.817933,0
11.308957,2.118988,0
11.311122,2.165154,0
11.312866,1.744376,0
11.314651,1.784922,0
11.316788,2.136534,0
11.318953,2.165352,0
11.320754,1.801519,0
11.322983,2.228493,0
11.324687,1.703664,0
11.326793,2.106203,0
11.328738,1.945250,0
11.330675,1.937244,0
11.333099,2.424047,0
11.334993,1.893455,0
11.336842,1.849507,0
11.339087,2.244764,0
11.341095,2.007934,0
11.343052,1.957436,0
11.345044,1.991215,0
11.346842,1.797890,0
11.348977,2.135215,0
11.350621,1.644373,0
11.353316,2.695151,0
11.354964,1.648206,0
11.356797,1.832314,0
11.358500,1.703394,0
11.360915,2.414840,0
11.363180,2.264914,0
11.364870,1.689636,0
11.366835,1.965056,0
11.368983,2.147874,0
11.370964,1.981004,0
11.373207,2.243502,0
11.374620,1.413413,0
11.376625,2.004496,0
11.378716,2.091151,0
11.380977,2.260654,0
11.383057,2.080384,0
11.384696,1.639123,0
11.386693,1.996939,0
11.388686,1.992799,0
11.390636,1.950325,0
11.393021,2.384578,0
11.394954,1.933232,0
11.396736,1.781426,0
11.399282,2.546962,0
11.401108,1.825161,0
11.403379,2.271530,0
11.404881,1.502315,0
11.406780,1.898607,0
11.408850,2.069645,0
11.410990,2.139915,0
11.412982,1.991898,0
11.414726,1.744391,0
11.416820,2.093962,0
11.419126,2.305746,0
11.421355,2.229005,0
11.423342,1.987332,0
11.425023,1.681196,0
11.426835,1.811438,0
11.428949,2.114532,0
11.431075,2.125992,0
11.432761,1.686234,0
11.434975,2.213686,0
11.436845,1.869918,0
11.439083,2.238432,0
11.440993,1.909181,0
11.443127,2.134763,0
11.444997,1.870084,0
11.446838,1.840573,0
11.448991,2.153177,0
11.450625,1.633596,0
11.452902,2.277022,0
11.454938,2.036024,0
11.456837,1.898707,0
11.459115,2.278624,0
11.461209,2.093680,0
11.463469,2.259650,0
11.465057,1.588579,0
11.466836,1.778558,0
11.468622,1.786353,0
11.470717,2.095471,0
11.472798,2.080395,0
11.474759,1.961219,0
11.476779,2.019883,0
11.478859,2.080341,0
11.480874,2.014884,0
11.482983,2.109230,0
11.485327,2.343239,0
11.486920,1.593059,0
11.489114,2.194626,0
11.490899,1.784328,0
11.493417,2.518744,0
11.494945,1.527902,0
11.496950,2.004844,0
11.499169,2.219151,0
11.501080,1.910542,0
11.502937,1.856818,0
11.505115,2.178715,0
11.506922,1.806306,0
11.509124,2.202222,0
11.511245,2.121113,0
11.513318,2.073094,0
11.515074,1.755751,0
11.516753,1.679328,0
11.518663,1.910240,0
11.520962,2.298586,0
11.522997,2.035407,0
11.524866,1.868467,0
11.527008,2.141865,0
11.529048,2.040257,0
11.531191,2.142877,0
11.533260,2.069440,0
11.534840,1.580043,0
11.537146,2.305943,0
11.538984,1.837907,0
11.541007,2.022611,0
11.543426,2.419540,0
11.545096,1.669611,0
11.546775,1.678933,0
11.549022,2.246989,0
11.550915,1.893100,0
11.553266,2.350890,0
11.555073,1.806705,0
11.556966,1.893113,0
11.559090,2.124252,0
11.561017,1.926964,0
11.563131,2.114543,0
11.564855,1.723766,0
11.567001,2.145791,0
11.569089,2.088027,0
11.571016,1.926969,0
11.573409,2.393136,0
11.574761,1.351471,0
11.576712,1.951798,0
11.578715,2.002945,0
11.581164,2.448444,0
11.583413,2.249358,0
11.585010,1.596643,0
11.586982,1.972097,0
11.588846,1.864391,0
11.591011,2.164277,0
11.592758,1.747425,0
11.594969,2.210636,0
11.596672,1.703841,0
11.598815,2.142443,0
11.600980,2.164950,0
11.603335,2.354929,0
11.605123,1.788306,0
11.606967,1.843619,0
11.609087,2.120247,0
11.610959,1.872356,0
11.613306,2.346972,0
11.615504,2.197575,0
11.616968,1.464256,0
11.619056,2.088157,0
11.621037,1.981102,0
11.623191,2.154070,0
11.625067,1.875964,0
11.626778,1.710833,0
11.628995,2.216756,0
11.631247,2.251542,0
11.633485,2.238063,0
11.635091,1.606422,0
11.636898,1.806663,0
11.638953,2.054811,0
11.641101,2.148850,0
11.643159,2.057890,0
11.644742,1.582837,0
11.646715,1.973324,0
11.649077,2.362053,0
11.650956,1.878644,0
11.652994,2.037715,0
11.655193,2.199518,0
11.656784,1.591034,0
11.658916,2.131327,0
11.661197,2.281084,0
11.663323,2.126167,0
11.664775,1.451723,0
11.666975,2.200320,0
11.669015,2.039614,0
11.670836,1.821573,0
11.673369,2.532711,0
11.675124,1.755057,0
11.676911,1.787382,0
11.679191,2.280038,0
11.681093,1.902034,0
11.683089,1.995083,0
11.685043,1.954552,0
11.686783,1.740247,0
11.688793,2.009242,0
11.691222,2.428971,0
11.693322,2.100803,0
11.694901,1.578348,0
11.696953,2.052457,0
11.698989,2.035962,0
11.700718,1.728751,0
11.703129,2.410765,0
11.704832,1.703845,0
11.706697,1.864140,0
11.709002,2.305084,0
11.710929,1.927263,0
11.713298,2.369534,0
11.715064,1.765837,0
11.716901,1.836500,0
11.719123,2.221725,0
11.720739,1.616827,0
11.722862,2.122818,0
11.724744,1.882317,0
11.726763,2.018381,0
11.728756,1.993600,0
11.730852,2.095287,0
11.733034,2.182638,0
11.734731,1.696778,0
11.736780,2.049122,0
11.738862,2.082103,0
11.740863,2.000212,0
11.742767,1.904414,0
11.744767,2.000018,0
11.746669,1.901665,0
11.748854,2.185588,0
11.750868,2.013660,0
11.753128,2.260131,0
11.755065,1.936998,0
11.756794,1.729082,0
11.759005,2.211054,0
11.761515,2.510048,0
11.763398,1.882857,0
11.764944,1.546222,0
11.766953,2.008465,0
11.769009,2.056084,0
11.770858,1.848963,0
11.772908,2.049867,0
11.774963,2.055081,0
11.776951,1.987951,0
11.779169,2.218499,0
11.781184,2.014319,0
11.783318,2.134805,0
11.785004,1.686044,0
11.786968,1.963718,0
11.789100,2.131902,0
11.790809,1.708979,0
11.793239,2.430042,0
11.794892,1.653304,0
11.796973,2.080365,0
11.798978,2.005561,0
11.801427,2.448640,0
11.803572,2.144608,0
11.805230,1.658008,0
11.806990,1.760406,0
11.808956,1.965934,0
11.811296,2.340448,0
11.813383,2.086415,0
11.814743,1.359999,0
11.817102,2.359243,0
11.819099,1.997472,0
11.821248,2.148497,0
11.822930,1.682514,0
11.824869,1.938058,0
11.826755,1.885986,0
11.828979,2.224415,0
11.831054,2.074691,0
11.832816,1.762247,0
11.834835,2.019235,0
11.836991,2.156249,0
11.838993,2.001204,0
11.841104,2.111270,0
11.843300,2.196020,0
11.844783,1.483607,0
11.846898,2.114043,0
11.849014,2.116816,0
11.850747,1.733122,0
11.853403,2.655912,0
11.855203,1.799613,0
11.856975,1.771587,0
11.859154,2.179182,0
11.861354,2.199764,0
11.862844,1.490673,0
11.864699,1.854980,0
11.866808,2.108950,0
11.868737,1.928520,0
11.870972,2.235062,0
11.873423,2.451791,0
11.874984,1.560214,0
11.876828,1.843842,0
11.878912,2.084937,0
11.880751,1.838398,0
11.883353,2.602534,0
11.885073,1.719557,0
11.886972,1.899017,0
11.889170,2.197781,0
11.891133,1.963154,0
11.893273,2.140561,0
11.895078,1.804985,0
11.896774,1.695710,0
11.899082,2.308281,0
11.901084,2.001895,0
11.903185,2.100683,0
11.904990,1.804972,0
11.906915,1.925066,0
11.908992,2.076476,0
11.911042,2.050748,0
11.913376,2.333997,0
11.915058,1.681925,0
11.916747,1.689053,0
11.918728,1.980608,0
11.920753,2.025436,0
11.922803,2.049666,0
11.924899,2.096146,0
11.926971,2.071862,0
11.928824,1.852733,0
11.930965,2.141025,0
11.933107,2.142118,0
11.934923,1.816129,0
11.936879,1.956268,0
11.939130,2.250299,0
11.940947,1.817324,0
11.943335,2.387729,0
11.945087,1.752485,0
11.946914,1.826495,0
11.948709,1.795605,0
11.950758,2.049029,0
11.952936,2.177362,0
11.954764,1.827986,0
11.956767,2.003488,0
11.958730,1.962653,0
11.961060,2.330312,0
11.963083,2.022590,0
11.964811,1.728740,0
11.966934,2.122891,0
11.969071,2.136799,0
11.970926,1.854593,0
11.973310,2.384009,0
11.975085,1.775550,0
11.976910,1.824671,0
11.978972,2.062562,0
11.980725,1.752779,0
11.982910,2.184720,0
11.984811,1.901510,0
11.986803,1.991380,0
11.988887,2.083801,0
11.990882,1.995617,0
11.992810,1.928033,0
11.994896,2.085948,0
11.996866,1.969804,0
11.999048,2.182360,0
12.000759,1.710325,0
12.002848,2.089395,0
12.005109,2.260698,0
12.006950,1.841578,0
12.009006,2.055416,0
12.011093,2.087538,0
12.013212,2.118771,0
12.014808,1.595808,0
12.016978,2.169941,0
12.018584,1.606471,0
12.020689,2.104735,0
12.022609,1.920059,0
12.024452,1.843335,0
12.026505,2.052169,0
12.028454,1.949053,0
12.030473,2.019140,0
12.032493,2.020154,0
12.034502,2.009091,0
12.036501,1.999366,0
12.038507,2.005190,0
12.040507,2.000043,0
12.042553,2.046614,0
12.044736,2.182920,0
12.046771,2.035093,0
12.048680,1.908894,0
12.050693,2.013249,0
12.053074,2.380165,0
12.054682,1.608670,0
12.056833,2.150297,0
12.058972,2.138981,0
12.061175,2.203218,0
12.063013,1.838344,0
12.064662,1.648988,0
12.066834,2.171826,0
12.068786,1.952078,0
12.071026,2.240420,0
12.073236,2.209487,0
12.074818,1.581882,0
12.076837,2.018861,0
12.078794,1.957355,0
12.080802,2.007818,0
12.082737,1.935231,0
12.084752,2.015362,0
12.086574,1.822009,0
12.088945,2.371016,0
12.090709,1.763486,0
12.093280,2.571433,0
12.094948,1.667455,0
12.096772,1.823883,0
12.098686,1.913968,0
12.100741,2.054974,0
12.103212,2.471261,0
12.104880,1.667871,0
12.106838,1.958173,0
12.109067,2.229410,0
12.111199,2.131808,0
12.113414,2.214917,0
12.114752,1.337490,0
12.116838,2.086231,0
12.118962,2.124240,0
12.120837,1.874795,0
12.122846,2.008845,0
12.124826,1.980605,0
12.126698,1.871623,0
12.128810,2.112081,0
12.130999,2.189437,0
12.133355,2.355933,0
12.134785,1.429514,0
12.136624,1.839214,0
12.138779,2.154889,0
12.140969,2.190415,0
12.143121,2.151217,0
12.144769,1.648106,0
12.146817,2.048677,0
12.149074,2.256783,0
12.150891,1.816957,0
12.153345,2.453784,0
12.154907,1.561856,0
12.156836,1.928763,0
12.158899,2.063711,0
12.161093,2.193837,0
12.163096,2.003287,0
12.164921,1.824699,0
12.166733,1.812008,0
12.168645,1.911537,0
12.170720,2.075107,0
12.173089,2.369112,0
12.174906,1.817244,0
12.176798,1.891490,0
12.178789,1.991451,0
12.180880,2.090598,0
12.183127,2.247841,0
12.184703,1.575086,0
12.186690,1.987343,0
12.188778,2.088152,0
12.190860,2.082139,0
12.193002,2.142317,0
12.194987,1.984508,0
12.196776,1.789135,0
12.198968,2.191955,0
12.200687,1.719101,0
12.203136,2.448973,0
12.204957,1.821300,0
12.206985,2.027162,0
12.208978,1.993718,0
12.211207,2.228500,0
12.212897,1.689864,0
12.215076,2.179497,0
12.216950,1.873693,0
12.219076,2.125829,0
12.220757,1.681200,0
12.222785,2.028184,0
12.224744,1.959196,0
12.226685,1.940992,0
12.229066,2.380929,0
12.230822,1.755743,0
12.232837,2.014972,0
12.234875,2.037857,0
12.236787,1.912577,0
12.238791,2.003330,0
12.240942,2.151504,0
12.243150,2.207801,0
12.245122,1.972212,0
12.246743,1.620823,0
12.248803,2.060355,0
12.251155,2.351237,0
12.253195,2.040423,0
12.254950,1.755339,0
12.256767,1.816157,0
12.259017,2.250619,0
12.260980,1.962869,0
12.263326,2.346177,0
12.264960,1.634085,0
12.266971,2.010440,0
12.268859,1.888062,0
12.271082,2.223400,0
12.273294,2.211819,0
12.274786,1.492392,0
12.276787,2.000124,0
12.278967,2.180851,0
12.281077,2.109576,0
12.283115,2.038377,0
12.285100,1.985112,0
12.286702,1.601437,0
12.288761,2.059386,0
12.290953,2.192124,0
12.293047,2.093734,0
12.295228,2.180573,0
12.296831,1.602933,0
12.299004,2.173425,0
12.300853,1.848528,0
12.303254,2.401508,0
12.305045,1.790470,0
12.306838,1.792941,0
12.308684,1.846751,0
12.311102,2.417713,0
12.313287,2.184990,0
12.314991,1.704071,0
12.316830,1.839197,0
12.318696,1.866187,0
12.320689,1.992958,0
12.322711,2.021967,0
12.324721,2.009984,0
12.326613,1.891199,0
12.329093,2.480472,0
12.330916,1.822868,0
12.333399,2.482950,0
12.335055,1.656381,0
12.336753,1.698077,0
12.338906,2.153096,0
12.341084,2.177283,0
12.343337,2.253231,0
12.344714,1.377010,0
12.346935,2.220975,0
12.349068,2.133550,0
12.351069,2.000538,0
12.353248,2.179402,0
12.355042,1.793223,0
12.356906,1.864670,0
12.359056,2.149821,0
12.361270,2.213918,0
12.363092,1.821545,0
12.364806,1.714683,0
12.366776,1.969746,0
12.368891,2.114899,0
12.370958,2.067358,0
12.373292,2.334156,0
12.375168,1.875890,0
12.376984,1.816103,0
12.379148,2.163737,0
12.381046,1.897866,0
12.382783,1.737161,0
12.384770,1.987302,0
12.386918,2.147639,0
12.389055,2.137395,0
12.391000,1.944062,0
12.393489,2.489509,0
12.395268,1.778787,0
12.396979,1.711444,0
12.399178,2.198877,0
12.400704,1.525673,0
12.403195,2.491635,0
12.405007,1.811619,0
12.406980,1.972440,0
12.409043,2.063919,0
12.411087,2.043685,0
12.413140,2.053209,0
12.414969,1.828937,0
12.416916,1.947069,0
12.418610,1.693896,0
12.420961,2.350973,0
12.423342,2.380515,0
12.425047,1.705074,0
12.426973,1.926076,0
12.429013,2.039863,0
12.430963,1.949803,0
12.433333,2.370102,0
12.435152,1.819456,0
12.436886,1.734356,0
12.439174,2.288002,0
12.441220,2.045282,0
12.443264,2.043802,0
12.444802,1.538368,0
12.446783,1.981499,0
12.448855,2.071209,0
12.451039,2.184203,0
12.453290,2.251536,0
12.454736,1.445649,0
12.456985,2.249433,0
12.458801,1.815176,0
12.460869,2.068475,0
12.462833,1.964313,0
12.464998,2.164175,0
12.466897,1.899526,0
12.468701,1.803423,0
12.470807,2.106438,0
12.473066,2.259058,0
12.474980,1.914058,0
12.476925,1.944832,0
12.478923,1.997618,0
12.480946,2.023409,0
12.482841,1.895417,0
12.484735,1.893941,0
12.486781,2.045642,0
12.488831,2.050436,0
12.490994,2.162909,0
12.493407,2.412412,0
12.494793,1.386327,0
12.496995,2.201539,0
12.499031,2.035962,0
12.501042,2.011566,0
12.502941,1.899079,0
12.505061,2.119348,0
12.506977,1.916531,0
12.509042,2.064872,0
12.510815,1.773279,0
12.512822,2.006581,0
12.515005,2.183522,0
12.516948,1.943126,0
12.518750,1.801959,0
12.520746,1.995948,0
12.522933,2.186520,0
12.524802,1.868988,0
12.526789,1.987235,0
12.528879,2.090115,0
12.530732,1.852599,0
12.533327,2.595012,0
12.535323,1.996095,0
12.537086,1.762726,0
12.539149,2.063090,0
12.541057,1.908575,0
12.543607,2.550148,0
12.545039,1.431662,0
12.546750,1.711188,0
12.548800,2.049755,0
12.551033,2.232841,0
12.553521,2.488606,0
12.555126,1.604020,0
12.556976,1.850336,0
12.559146,2.169748,0
12.561220,2.073980,0
12.562925,1.705364,0
12.564844,1.918816,0
12.566789,1.945254,0
12.568895,2.105871,0
12.570842,1.946881,0
12.572731,1.888953,0
12.574718,1.987352,0
12.576676,1.957788,0
12.578740,2.064129,0
12.580722,1.982487,0
12.583298,2.575784,0
12.584982,1.683252,0
12.586985,2.003696,0
12.589206,2.220550,0
12.591094,1.888211,0
12.593258,2.163751,0
12.594915,1.657426,0
12.596702,1.786406,0
12.598888,2.186566,0
12.600869,1.980879,0
12.603063,2.194244,0
12.604985,1.921489,0
12.606898,1.913689,0
12.609014,2.115144,0
12.611067,2.053192,0
12.613194,2.127319,0
12.614932,1.737714,0
12.616772,1.840560,0
12.618811,2.038279,0
12.620761,1.950451,0
12.622926,2.164977,0
12.624845,1.918646,0
12.626904,2.059604,0
12.629013,2.108332,0
12.630961,1.948021,0
12.633207,2.246081,0
12.634927,1.720273,0
12.636808,1.881336,0
12.638881,2.072345,0
12.640911,2.030325,0
12.642917,2.005623,0
12.644924,2.006891,0
12.646954,2.030324,0
12.649060,2.105754,0
12.651078,2.017992,0
12.653283,2.204914,0
12.655146,1.863118,0
12.656898,1.752830,0
12.658897,1.999030,0
12.661039,2.141434,0
12.662784,1.745200,0
12.664936,2.152138,0
12.666738,1.801923,0
12.668897,2.159104,0
12.670804,1.906534,0
12.672919,2.115299,0
12.674803,1.884289,0
12.676761,1.957429,0
12.678837,2.076119,0
12.681006,2.169499,0
12.683119,2.112307,0
12.685138,2.019376,0
12.687004,1.865983,0
12.689032,2.027416,0
12.691189,2.157868,0
12.693375,2.185754,0
12.694856,1.480511,0
12.696746,1.890330,0
12.698894,2.147620,0
12.700846,1.951928,0
12.702758,1.912341,0
12.704817,2.058743,0
12.706963,2.146355,0
12.708915,1.951732,0
12.711241,2.325869,0
12.713344,2.102997,0
12.714819,1.475825,0
12.716954,2.134629,0
12.718872,1.917950,0
12.720755,1.882693,0
12.723073,2.318437,0
12.724747,1.674298,0
12.726774,2.026225,0
12.729123,2.349729,0
12.730923,1.799570,0
12.732997,2.074274,0
12.734879,1.881610,0
12.736813,1.933857,0
12.738785,1.972679,0
12.740993,2.207512,0
12.743084,2.090692,0
12.745170,2.086725,0
12.746790,1.619244,0
12.748836,2.046502,0
12.750976,2.139942,0
12.753002,2.026234,0
12.754710,1.708183,0
12.756747,2.036754,0
12.759257,2.509397,0
12.761203,1.946933,0
12.763527,2.323961,0
12.765116,1.588181,0
12.766828,1.712336,0
12.768679,1.851466,0
12.771085,2.405399,0
12.773301,2.216610,0
12.774891,1.590040,0
12.776977,2.085905,0
12.778974,1.996400,0
12.780884,1.909985,0
12.783158,2.273828,0
12.784940,1.782708,0
12.786964,2.023565,0
12.788989,2.025365,0
12.791194,2.205042,0
12.793324,2.129613,0
12.794934,1.609616,0
12.796775,1.841885,0
12.798850,2.074859,0
12.801061,2.210724,0
12.803129,2.068318,0
12.804931,1.801459,0
12.807273,2.342087,0
12.808916,1.643481,0
12.811225,2.308791,0
12.813278,2.052456,0
12.815056,1.778551,0
12.816755,1.699101,0
12.818949,2.193495,0
12.820919,1.969999,0
12.823454,2.535521,0
12.824773,1.318710,0
12.826979,2.205694,0
12.829083,2.104542,0
12.830910,1.826845,0
12.833374,2.464363,0
12.835108,1.733673,0
12.836992,1.884099,0
12.839071,2.078606,0
12.840707,1.635969,0
12.842762,2.055717,0
12.844773,2.010527,0
12.846922,2.149306,0
12.849042,2.119893,0
12.851210,2.167920,0
12.853430,2.219750,0
12.854998,1.568048,0
12.856935,1.936965,0
12.859043,2.108157,0
12.861253,2.210359,0
12.863346,2.092358,0
12.864773,1.427660,0
12.866989,2.216007,0
12.869081,2.091165,0
12.871217,2.136421,0
12.873162,1.944948,0
12.875111,1.949469,0
12.876961,1.849578,0
12.879011,2.049534,0
12.880838,1.827880,0
12.882659,1.821055,0
12.884990,2.330310,0
12.887002,2.011978,0
12.888963,1.960984,0
12.890899,1.936457,0
12.893176,2.276379,0
12.894994,1.818695,0
12.896925,1.931210,0
12.898889,1.963912,0
12.900713,1.823617,0
12.903008,2.295438,0
12.905003,1.994094,0
12.906752,1.749294,0
12.909094,2.342480,0
12.911145,2.051126,0
12.912927,1.781908,0
12.914939,2.012109,0
12.916932,1.992454,0
12.918717,1.784698,0
12.920725,2.008150,0
12.922685,1.960436,0
12.924800,2.114681,0
12.926767,1.967109,0
12.928872,2.105310,0
12.930865,1.992576,0
12.933111,2.246498,0
12.935002,1.890955,0
12.936831,1.828792,0
12.939112,2.281128,0
12.941108,1.995568,0
12.943231,2.123208,0
12.944782,1.550578,0
12.946768,1.986298,0
12.949096,2.328574,0
12.950789,1.692288,0
12.953025,2.236717,0
12.954815,1.789231,0
12.956995,2.179857,0
12.959217,2.222154,0
12.961228,2.011141,0
12.963599,2.371598,0
12.964861,1.261970,0
12.967013,2.151661,0
12.969210,2.197251,0
12.970989,1.778442,0
12.973291,2.302564,0
12.974975,1.684124,0
12.976815,1.839729,0
12.978851,2.036073,0
12.980916,2.065225,0
12.983146,2.229315,0
12.984787,1.641356,0
12.986892,2.104787,0
12.988881,1.989534,0
12.990890,2.008464,0
12.992939,2.048749,0
12.994845,1.906629,0
12.996799,1.953910,0
12.998718,1.918530,0
13.000811,2.093462,0
13.002962,2.150631,0
13.004705,1.743474,0
13.006789,2.083275,0
13.008808,2.019004,0
13.010910,2.102695,0
13.012938,2.027995,0
13.014746,1.807361,0
13.016761,2.015293,0
13.018836,2.075224,0
13.021096,2.259340,0
13.022765,1.669152,0
13.025017,2.252611,0
13.026927,1.909703,0
13.028882,1.954746,0
13.030856,1.973878,0
13.033109,2.253638,0
13.035091,1.981292,0
13.036842,1.751395,0
13.039335,2.492912,0
13.041061,1.726293,0
13.043380,2.318809,0
13.044801,1.421443,0
13.046758,1.956758,0
13.048813,2.055284,0
13.050760,1.946522,0
13.052915,2.155028,0
13.054938,2.023132,0
13.056784,1.845828,0
13.059098,2.313661,0
13.061232,2.134263,0
13.063044,1.812536,0
13.064896,1.851476,0
13.066720,1.823945,0
13.068780,2.059834,0
13.070711,1.931702,0
13.073319,2.607713,0
13.075155,1.836301,0
13.077002,1.846813,0
13.079009,2.007309,0
13.081028,2.018135,0
13.083137,2.109121,0
13.084980,1.842818,0
13.086773,1.793110,0
13.088733,1.959980,0
13.091075,2.342640,0
13.093513,2.437351,0
13.095083,1.570631,0
13.097001,1.917770,0
13.098993,1.992053,0
13.101192,2.199351,0
13.102844,1.651516,0
13.105070,2.225982,0
13.106721,1.650652,0
13.108888,2.167604,0
13.110948,2.059719,0
13.113713,2.765014,0
13.115202,1.489220,0
13.117019,1.816929,0
13.119295,2.275684,0
13.121298,2.002981,0
13.123269,1.971684,0
13.124887,1.617230,0
13.127085,2.198352,0
13.128911,1.826419,0
13.131106,2.194996,0
13.133415,2.308665,0
13.134963,1.547695,0
13.136837,1.874494,0
13.138856,2.018313,0
13.141212,2.356721,0
13.143175,1.963098,0
13.145029,1.853802,0
13.146786,1.757146,0
13.149150,2.363724,0
13.151187,2.036789,0
13.153176,1.988777,0
13.155214,2.038733,0
13.157053,1.838358,0
13.159009,1.956575,0
13.160942,1.932684,0
13.163322,2.380426,0
13.164987,1.664296,0
13.166895,1.908414,0
13.168957,2.061500,0
13.170954,1.997130,0
13.173517,2.562811,0
13.174809,1.292556,0
13.177022,2.213342,0
13.179136,2.113766,0
13.180912,1.775762,0
13.182848,1.935990,0
13.184829,1.980929,0
13.186925,2.095849,0
13.188809,1.884250,0
13.190804,1.995433,0
13.193033,2.228359,0
13.194818,1.785289,0
13.197003,2.184946,0
13.198931,1.927734,0
13.201084,2.152868,0
13.203079,1.995325,0
13.205138,2.058839,0
13.206891,1.753507,0
13.209204,2.312241,0
13.210954,1.750044,0
13.213238,2.284105,0
13.214930,1.692173,0
13.216925,1.995611,0
13.219274,2.348945,0
13.220854,1.579360,0
13.223465,2.611684,0
13.225200,1.734636,0
13.226998,1.797895,0
13.228962,1.964242,0
13.231025,2.062974,0
13.233236,2.211165,0
13.234896,1.659363,0
13.236795,1.899160,0
13.238645,1.850388,0
13.240732,2.086700,0
13.242997,2.265195,0
13.244907,1.909829,0
13.246766,1.859067,0
13.248929,2.162555,0
13.250799,1.870767,0
13.252911,2.111350,0
13.254852,1.940948,0
13.256690,1.838466,0
13.258886,2.195468,0
13.260933,2.046990,0
13.263051,2.118362,0
13.265035,1.984393,0
13.266888,1.853083,0
13.269124,2.235846,0
13.270975,1.850594,0
13.273480,2.505261,0
13.274786,1.305534,0
13.277002,2.216437,0
13.278957,1.955156,0
13.281031,2.073209,0
13.283274,2.243311,0
13.284921,1.647095,0
13.286965,2.043577,0
13.288870,1.905414,0
13.290878,2.008366,0
13.292672,1.793433,0
13.294815,2.143666,0
13.296859,2.044086,0
13.299296,2.436314,0
13.301174,1.878622,0
13.303388,2.213578,0
13.305339,1.950911,0
13.306756,1.416864,0
13.308987,2.231731,0
13.310739,1.751644,0
13.313096,2.356525,0
13.315055,1.959340,0
13.316929,1.873582,0
13.319019,2.090729,0
13.321056,2.036990,0
13.322772,1.715318,0
13.324782,2.010365,0
13.326797,2.014572,0
13.328849,2.052252,0
13.330816,1.967167,0
13.332970,2.154062,0
13.334995,2.024553,0
13.336978,1.983433,0
13.338908,1.930058,0
13.341079,2.170891,0
13.343111,2.031885,0
13.345165,2.054555,0
13.346988,1.822882,0
13.349075,2.086689,0
13.350792,1.716872,0
13.353195,2.403274,0
13.354915,1.720001,0
13.356749,1.833913,0
13.359102,2.353156,0
13.361090,1.988267,0
13.363294,2.203474,0
13.364779,1.485034,0
13.366968,2.188741,0
13.368865,1.896938,0
13.371014,2.149619,0
13.373086,2.071254,0
13.375028,1.942056,0
13.376773,1.745615,0
13.378907,2.133924,0
13.380967,2.060077,0
13.382737,1.769847,0
13.384724,1.986915,0
13.387056,2.332323,0
13.389200,2.143749,0
13.391015,1.815333,0
13.393586,2.570762,0
13.395235,1.649057,0
13.396970,1.735182,0
13.399066,2.095564,0
13.400725,1.658797,0
13.403224,2.498812,0
13.405052,1.828212,0
13.406981,1.929429,0
13.409035,2.053809,0
13.411099,2.064153,0
13.412914,1.815312,0
13.414888,1.973781,0
13.416735,1.847092,0
13.418788,2.052545,0
13.421160,2.371738,0
13.423152,1.992111,0
13.424921,1.769459,0
13.426770,1.849219,0
13.428964,2.193924,0
13.431078,2.113619,0
13.433169,2.090720,0
13.434831,1.662389,0
13.436784,1.953394,0
13.438994,2.209875,0
13.441090,2.095964,0
13.443309,2.218955,0
13.445028,1.718754,0
13.447347,2.318526,0
13.448811,1.464696,0
13.451137,2.325342,0
13.453277,2.140804,0
13.455101,1.823873,0
13.456992,1.890666,0
13.459003,2.011124,0
13.461119,2.115959,0
13.463179,2.059757,0
13.464753,1.574489,0
13.466789,2.035293,0
13.469096,2.307736,0
13.471085,1.988419,0
13.473364,2.279284,0
13.475059,1.695111,0
13.476980,1.921389,0
13.479027,2.046299,0
13.480782,1.755108,0
13.483164,2.382328,0
13.484839,1.675247,0
13.486793,1.953140,0
13.488832,2.039593,0
13.490879,2.046537,0
13.492905,2.026554,0
13.495053,2.147957,0
13.496762,1.708654,0
13.499178,2.416023,0
13.501029,1.850817,0
13.503541,2.512361,0
13.505010,1.469031,0
13.506947,1.936783,0
13.509171,2.224526,0
13.511484,2.312575,0
13.513468,1.983521,0
13.515115,1.647747,0
13.516970,1.855170,0
13.518973,2.002630,0
13.520897,1.923927,0
13.523073,2.176407,0
13.524757,1.683564,0
13.526782,2.025294,0
13.528802,2.019581,0
13.531001,2.199047,0
13.533307,2.305958,0
13.534941,1.634026,0
13.536838,1.896943,0
13.539051,2.212934,0
13.540940,1.889375,0
13.543570,2.630296,0
13.545155,1.584991,0
13.547009,1.853718,0
13.549155,2.146288,0
13.551005,1.850088,0
13.553429,2.423787,0
13.555014,1.584743,0
13.556918,1.903506,0
13.559191,2.273345,0
13.561190,1.999015,0
13.562877,1.686704,0
13.564703,1.826760,0
13.566773,2.069800,0
13.568871,2.097817,0
13.571016,2.145150,0
13.573389,2.372399,0
13.575136,1.747682,0
13.576908,1.771463,0
13.578974,2.066000,0
13.581109,2.135085,0
13.583086,1.977334,0
13.585064,1.978190,0
13.586966,1.901525,0
13.588746,1.780341,0
13.591061,2.315352,0
13.593308,2.246454,0
13.595099,1.790902,0
13.596974,1.875232,0
13.599085,2.110788,0
13.601056,1.970870,0
13.603626,2.570324,0
13.605248,1.622014,0
13.606905,1.656594,0
13.609105,2.200145,0
13.611586,2.480984,0
13.613184,1.597981,0
13.615133,1.949624,0
13.616976,1.842401,0
13.619299,2.323054,0
13.621065,1.766056,0
13.623143,2.077661,0
13.624780,1.637594,0
13.626708,1.927908,0
13.629093,2.385249,0
13.631209,2.115720,0
13.633119,1.910254,0
13.634893,1.773490,0
13.636937,2.044538,0
13.639057,2.119734,0
13.641051,1.994380,0
13.643000,1.948227,0
13.645110,2.110581,0
13.646828,1.717616,0
13.649346,2.518556,0
13.651084,1.737214,0
13.653117,2.033200,0
13.654852,1.734730,0
13.656966,2.114801,0
13.658943,1.976297,0
13.661242,2.298941,0
13.663531,2.289829,0
13.664791,1.259963,0
13.666967,2.175794,0
13.669046,2.078377,0
13.670864,1.818920,0
13.673177,2.312386,0
13.675072,1.895419,0
13.676974,1.901562,0
13.678841,1.867471,0
13.680973,2.131861,0
13.683280,2.306363,0
13.684931,1.651791,0
13.686784,1.852323,0
13.688855,2.071454,0
13.691041,2.185463,0
13.693217,2.176448,0
13.694876,1.659432,0
13.696967,2.090728,0
13.698941,1.973363,0
13.700897,1.956450,0
13.703419,2.522386,0
13.705111,1.691214,0
13.706963,1.852301,0
13.708920,1.956716,0
13.711232,2.312536,0
13.713136,1.903882,0
13.714739,1.602672,0
13.716797,2.058378,0
13.718978,2.180718,0
13.720733,1.755291,0
13.722813,2.080272,0
13.724743,1.929720,0
13.727077,2.334026,0
13.728961,1.884040,0
13.730902,1.940945,0
13.733013,2.111271,0
13.734819,1.805422,0
13.736807,1.988254,0
13.738939,2.132049,0
13.740948,2.009238,0
13.743184,2.235431,0
13.744887,1.702858,0
13.746661,1.774200,0
13.748946,2.284913,0
13.750983,2.037087,0
13.753169,2.186286,0
13.754882,1.713095,0
13.757038,2.156101,0
13.759197,2.159084,0
13.761196,1.998993,0
13.763438,2.241724,0
13.764999,1.561317,0
13.766902,1.902847,0
13.768848,1.945753,0
13.770748,1.899636,0
13.773200,2.452254,0
13.775017,1.817199,0
13.776869,1.851923,0
13.779067,2.198338,0
13.781051,1.983858,0
13.783458,2.406975,0
13.785072,1.613845,0
13.786972,1.899687,0
13.789094,2.122519,0
13.790750,1.655447,0
13.793134,2.384305,0
13.795049,1.915035,0
13.796897,1.847800,0
13.799068,2.170715,0
13.800893,1.825000,0
13.803320,2.427073,0
13.805134,1.814610,0
13.806977,1.843007,0
13.809053,2.075702,0
13.810906,1.853355,0
13.812716,1.809859,0
13.814741,2.024901,0
13.816791,2.049987,0
13.818945,2.153733,0
13.820885,1.940220,0
13.823371,2.486109,0
13.825091,1.719873,0
13.826914,1.822982,0
13.829889,2.975500,0
13.831619,1.730005,0
13.833945,2.325938,0
13.835563,1.618078,0
13.837249,1.685164,0
13.838911,1.662143,0
13.841099,2.188622,0
13.842743,1.644029,0
13.844777,2.033434,0
13.846939,2.162021,0
13.849120,2.180637,0
13.851176,2.056355,0
13.853345,2.168771,0
13.855110,1.765829,0
13.856970,1.859194,0
13.859100,2.130014,0
13.861109,2.009229,0
13.863169,2.059590,0
13.864781,1.612392,0
13.866779,1.998564,0
13.868909,2.129030,0
13.871082,2.173590,0
13.873000,1.918107,0
13.875150,2.149857,0
13.876763,1.613431,0
13.879144,2.380397,0
13.880949,1.805507,0
13.883319,2.369321,0
13.884703,1.383997,0
13.886963,2.260257,0
13.889014,2.050856,0
13.891093,2.079480,0
13.893312,2.218579,0
13.895095,1.783068,0
13.896979,1.884382,0
13.899209,2.229630,0
13.901187,1.977897,0
13.903520,2.333447,0
13.905155,1.634293,0
13.906996,1.841859,0
13.909097,2.100508,0
13.911267,2.169565,0
13.913345,2.078197,0
13.915027,1.682496,0
13.916792,1.764415,0
13.918888,2.095945,0
13.921108,2.220403,0
13.923320,2.211885,0
13.924936,1.615812,0
13.926750,1.813885,0
13.928761,2.010933,0
13.930748,1.987317,0
13.932772,2.024192,0
13.934744,1.972308,0
13.936780,2.035714,0
13.939215,2.434541,0
13.941112,1.897410,0
13.943232,2.119906,0
13.944978,1.746442,0
13.946971,1.992766,0
13.949103,2.131666,0
13.950884,1.780986,0
13.953258,2.374619,0
13.955030,1.771571,0
13.957003,1.973177,0
13.959001,1.997646,0
13.961126,2.124893,0
13.963205,2.079411,0
13.964746,1.541004,0
13.966748,2.001909,0
13.969067,2.319412,0
13.971199,2.131383,0
13.973467,2.268098,0
13.975231,1.764607,0
13.977014,1.782868,0
13.979234,2.219226,0
13.981126,1.892166,0
13.983051,1.925335,0
13.984731,1.680375,0
13.986774,2.042455,0
13.988896,2.122369,0
13.990950,2.053569,0
13.992861,1.910786,0
13.995005,2.144099,0
13.996965,1.960020,0
13.999015,2.050658,0
14.000959,1.943547,0
14.003209,2.250187,0
14.004647,1.438070,0
14.006953,2.305772,0
14.009055,2.102299,0
14.011238,2.183007,0
14.013466,2.228126,0
14.014871,1.404155,0
14.016965,2.094901,0
14.019079,2.113750,0
14.021027,1.947846,0
14.023228,2.200661,0
14.024989,1.760784,0
14.026770,1.781425,0
14.028797,2.027010,0
14.031177,2.380475,0
14.033466,2.288369,0
14.035090,1.623790,0
14.036970,1.880870,0
14.038986,2.015223,0
14.041022,2.036587,0
14.043212,2.189593,0
14.044990,1.777772,0
14.046736,1.746160,0
14.048649,1.913218,0
14.051297,2.648270,0
14.053307,2.009819,0
14.055085,1.777557,0
14.056939,1.854376,0
14.059072,2.133069,0
14.061209,2.137155,0
14.063286,2.076429,0
14.064744,1.458536,0
14.066781,2.037156,0
14.068872,2.090335,0
14.070885,2.013237,0
14.073022,2.137492,0
14.074878,1.855334,0
14.076949,2.071713,0
14.078951,2.001886,0
14.080902,1.950649,0
14.082969,2.067014,0
14.084729,1.759680,0
14.086779,2.050069,0
14.088829,2.050492,0
14.090875,2.046038,0
14.093082,2.207026,0
14.094880,1.797287,0
14.096918,2.038176,0
14.098948,2.030326,0
14.100752,1.803696,0
14.103062,2.309687,0
14.104883,1.821719,0
14.106994,2.110646,0
14.109158,2.163630,0
14.111012,1.854909,0
14.112885,1.872821,0
14.114971,2.085343,0
14.116707,1.736715,0
14.118976,2.269043,0
14.120865,1.888496,0
14.123273,2.407902,0
14.124830,1.557318,0
14.126812,1.981606,0
14.129011,2.199294,0
14.130862,1.851224,0
14.133132,2.269630,0
14.134690,1.557759,0
14.136719,2.029768,0
14.139111,2.391390,0
14.140800,1.689530,0
14.144049,3.248365,1
14.145559,1.510179,0
14.147137,1.578520,0
14.149450,2.313064,0
14.151784,2.333257,0
14.154787,3.003567,1
14.154788,0.000661,0
14.156944,2.156259,0
14.158786,1.841375,0
14.161026,2.240640,0
14.163488,2.461923,0
14.165200,1.712384,0
14.166990,1.789192,0
14.169287,2.296980,0
14.171129,1.842585,0
14.173301,2.171557,0
14.175072,1.770971,0
14.176765,1.692832,0
14.178909,2.144649,0
14.181083,2.173465,0
14.183355,2.272759,0
14.184976,1.620868,0
14.187029,2.052388,0
14.188904,1.874993,0
14.191068,2.163881,0
14.193122,2.054745,0
14.194892,1.769556,0
14.196979,2.086944,0
14.199028,2.048699,0
14.201092,2.064187,0
14.203191,2.099131,0
14.204884,1.692954,0
14.206769,1.884825,0
14.208745,1.976181,0
14.210674,1.928739,0
14.213028,2.354897,0
14.215236,2.207666,0
14.217052,1.816315,0
14.219167,2.114189,0
14.221246,2.079472,0
14.223361,2.114926,0
14.224881,1.520190,0
14.226747,1.865949,0
14.228765,2.018186,0
14.230755,1.989817,0
14.232746,1.991288,0
14.234726,1.979610,0
14.236777,2.050931,0
14.238800,2.022924,0
14.240809,2.009063,0
14.243561,2.751975,0
14.245083,1.522248,0
14.247035,1.951500,0
14.248865,1.830309,0
14.251095,2.229835,0
14.253374,2.278786,0
14.255023,1.649790,0
14.256943,1.919899,0
14.259027,2.083438,0
14.261237,2.209780,0
14.263234,1.997875,0
14.264868,1.633298,0
14.266771,1.903235,0
14.268730,1.959030,0
14.271025,2.295354,0
14.273097,2.072007,0
14.274881,1.783371,0
14.276909,2.028735,0
14.279088,2.178353,0
14.281052,1.964643,0
14.283357,2.304640,0
14.285097,1.739724,0
14.286670,1.573651,0
14.289078,2.407928,0
14.291080,2.001432,0
14.293173,2.093304,0
14.295079,1.905972,0
14.296976,1.896463,0
14.299084,2.108705,0
14.300803,1.718616,0
14.303280,2.477184,0
14.304783,1.503180,0
14.306762,1.979262,0
14.308971,2.208802,0
14.311205,2.233547,0
14.313241,2.036327,0
14.315009,1.767523,0
14.316759,1.750554,0
14.319041,2.281800,0
14.320863,1.822386,0
14.322815,1.951597,0
14.325121,2.306284,0
14.326948,1.826387,0
14.329214,2.266373,0
14.331546,2.331776,0
14.333523,1.977548,0
14.334744,1.221072,0
14.336796,2.051569,0
14.339026,2.230064,0
14.341082,2.055448,0
14.342822,1.740250,0
14.345163,2.340871,0
14.346992,1.829298,0
14.348816,1.823724,0
14.350884,2.068208,0
14.352725,1.841207,0
14.354748,2.023161,0
14.356928,2.180000,0
14.359153,2.225234,0
14.361225,2.071257,0
14.363389,2.163846,0
14.364800,1.411449,0
14.366779,1.978694,0
14.368835,2.056128,0
14.371023,2.188001,0
14.373131,2.107946,0
14.374776,1.644779,0
14.376961,2.185534,0
14.378936,1.974457,0
14.381031,2.094971,0
14.383292,2.261867,0
14.384975,1.682631,0
14.386802,1.826684,0
14.389242,2.440280,0
14.391148,1.905646,0
14.393322,2.174200,0
14.395002,1.680230,0
14.396887,1.884536,0
14.398866,1.979690,0
14.401124,2.257483,0
14.403269,2.144879,0
14.405013,1.744730,0
14.406947,1.933873,0
14.409078,2.130690,0
14.411322,2.244256,0
14.413274,1.951706,0
14.415081,1.807187,0
14.416650,1.569008,0
14.418973,2.322657,0
14.420888,1.915225,0
14.422812,1.923662,0
14.424826,2.014013,0
14.427033,2.207572,0
14.429267,2.233290,0
14.430962,1.695709,0
14.433391,2.428976,0
14.434940,1.549119,0
14.436944,2.003382,0
14.438972,2.027804,0
14.441003,2.031066,0
14.443318,2.315253,0
14.444966,1.648258,0
14.446788,1.821573,0
14.449070,2.282655,0
14.451185,2.114724,0
14.453385,2.200228,0
14.455099,1.714141,0
14.456872,1.772852,0
14.458962,2.089897,0
14.461094,2.131921,0
14.463029,1.934685,0
14.464757,1.728444,0
14.466979,2.221492,0
14.468976,1.997352,0
14.470862,1.885466,0
14.473285,2.423499,0
14.475016,1.731122,0
14.476891,1.875300,0
14.479077,2.185576,0
14.481100,2.022727,0
14.482987,1.886769,0
14.484774,1.787536,0
14.486793,2.019082,0
14.488762,1.968977,0
14.490871,2.108938,0
14.492781,1.910417,0
14.494672,1.890817,0
14.496727,2.054326,0
14.498766,2.039157,0
14.500799,2.032793,0
14.502800,2.001312,0
14.504659,1.859203,0
14.506754,2.095053,0
14.508744,1.989386,0
14.510794,2.050941,0
14.512742,1.947284,0
14.514566,1.824448,0
14.516716,2.149712,0
14.518632,1.915846,0
14.520639,2.007401,0
14.523073,2.434116,0
14.524931,1.857654,0
14.526971,2.040364,0
14.528772,1.800818,0
14.530941,2.169333,0
14.533130,2.188650,0
14.535016,1.885501,0
14.536926,1.910426,0
14.538999,2.073239,0
14.540996,1.997078,0
14.543147,2.150987,0
14.544972,1.824859,0
14.546770,1.798173,0
14.549001,2.231136,0
14.551169,2.167412,0
14.553365,2.196368,0
14.555045,1.679873,0
14.556908,1.863138,0
14.558910,2.001994,0
14.561055,2.144230,0
14.562767,1.712382,0
14.564815,2.048058,0
14.566779,1.964052,0
14.568788,2.009221,0
14.571043,2.254802,0
14.573299,2.255474,0
14.574849,1.550259,0
14.576964,2.115718,0
14.579087,2.122623,0
14.580743,1.655490,0
14.583276,2.533414,0
14.585104,1.828259,0
14.586973,1.868485,0
14.589050,2.077149,0
14.591100,2.049784,0
14.593321,2.221665,0
14.595105,1.783966,0
14.596975,1.869660,0
14.598761,1.785858,0
14.600917,2.156420,0
14.603289,2.371569,0
14.605199,1.909958,0
14.606977,1.777803,0
14.609179,2.202109,0
14.611223,2.044448,0
14.613383,2.160001,0
14.614741,1.357985,0
14.616721,1.980081,0
14.619197,2.475622,0
14.621110,1.913329,0
14.623345,2.234520,0
14.625161,1.816299,0
14.626980,1.818920,0
14.629104,2.124476,0
14.631133,2.028160,0
14.633407,2.274481,0
14.634781,1.373651,0
14.636973,2.192059,0
14.638750,1.776945,0
14.641092,2.342522,0
14.643011,1.918884,0
14.645185,2.173732,0
14.646751,1.566027,0
14.649158,2.406715,0
14.651158,2.000743,0
14.653090,1.931625,0
14.654973,1.883172,0
14.656918,1.945093,0
14.659068,2.150010,0
14.661116,2.048296,0
14.663098,1.981066,0
14.664921,1.823047,0
14.666664,1.743684,0
14.669072,2.407675,0
14.670947,1.874940,0
14.673210,2.263530,0
14.674834,1.623180,0
14.676800,1.966284,0
14.679026,2.225622,0
14.680847,1.821704,0
14.683239,2.391377,0
14.684876,1.637844,0
14.686772,1.895576,0
14.688752,1.979613,0
14.691144,2.392049,0
14.693426,2.282164,0
14.694981,1.555348,0
14.696970,1.988815,0
14.698937,1.967440,0
14.701304,2.366359,0
14.703240,1.936167,0
14.704893,1.652787,0
14.706778,1.885685,0
14.708760,1.981554,0
14.711076,2.315645,0
14.713308,2.232335,0
14.714986,1.678277,0
14.716783,1.796853,0
14.719023,2.239976,0
14.720851,1.827986,0
14.723165,2.314141,0
14.724762,1.596992,0
14.727298,2.536057,0
14.728930,1.631441,0
14.730975,2.045138,0
14.732896,1.921170,0
14.734799,1.902730,0
14.736775,1.976166,0
14.738971,2.195953,0
14.740883,1.912445,0
14.743062,2.179010,0
14.744781,1.718406,0
14.746788,2.007338,0
14.748824,2.035990,0
14.750774,1.949644,0
14.753318,2.543975,0
14.754838,1.520493,0
14.756807,1.968614,0
14.759024,2.217377,0
14.761161,2.136425,0
14.763311,2.150656,0
14.764902,1.590637,0
14.766771,1.869262,0
14.768883,2.111468,0
14.771230,2.347760,0
14.773302,2.071424,0
14.775150,1.848290,0
14.777015,1.865016,0
14.779098,2.082455,0
14.780961,1.863468,0
14.782942,1.981001,0
14.785076,2.134442,0
14.786773,1.696749,0
14.789101,2.327788,0
14.790835,1.734174,0
14.793172,2.336470,0
14.795206,2.034211,0
14.796949,1.743335,0
14.799108,2.159030,0
14.801248,2.139396,0
14.803396,2.148224,0
14.805024,1.627900,0
14.806828,1.804713,0
14.808805,1.976687,0
14.811002,2.196900,0
14.813402,2.400210,0
14.815118,1.715869,0
14.816950,1.831619,0
14.819137,2.187147,0
14.821049,1.912032,0
14.823166,2.117265,0
14.824869,1.703202,0
14.826737,1.867643,0
14.828802,2.065300,0
14.831048,2.246154,0
14.833239,2.190750,0
14.835080,1.840946,0
14.836776,1.695704,0
14.838902,2.126490,0
14.840836,1.933263,0
14.843503,2.667243,0
14.845281,1.777746,0
14.847081,1.800107,0
14.848896,1.814790,0
14.851254,2.358891,0
14.853286,2.031661,0
14.855117,1.830970,0
14.857021,1.903686,0
14.859099,2.077804,0
14.861339,2.240562,0
14.863262,1.922638,0
14.864994,1.732650,0
14.866811,1.816747,0
14.869284,2.472446,0
14.871130,1.846637,0
14.873182,2.051749,0
14.875045,1.863121,0
14.876953,1.908075,0
14.879096,2.142623,0
14.880723,1.627360,0
14.883573,2.850039,0
14.885239,1.665393,0
14.887021,1.782825,0
14.889047,2.025265,0
14.891289,2.242406,0
14.893408,2.118920,0
14.895099,1.691472,0
14.896961,1.861143,0
14.898710,1.748939,0
14.900795,2.085174,0
14.903403,2.607938,0
14.905153,1.750583,0
14.907023,1.869835,0
14.909137,2.114064,0
14.911284,2.146392,0
14.913074,1.790784,0
14.915091,2.016713,0
14.916969,1.878147,0
14.918795,1.826336,0
14.920874,2.078461,0
14.923360,2.486087,0
14.925269,1.908472,0
14.927018,1.749021,0
14.929047,2.029510,0
14.930984,1.936481,0
14.933189,2.205519,0
14.934730,1.540990,0
14.936754,2.023695,0
14.938841,2.087004,0
14.941141,2.299771,0
14.943149,2.008021,0
14.944995,1.846297,0
14.946970,1.974853,0
14.949303,2.333299,0
14.950983,1.680492,0
14.953426,2.442148,0
14.954800,1.373923,0
14.956778,1.978586,0
14.959070,2.292076,0
14.961262,2.191927,0
14.963461,2.199198,0
14.965088,1.626245,0
14.966975,1.887375,0
14.968736,1.761540,0
14.971074,2.337821,0
14.973240,2.165771,0
14.975188,1.948032,0
14.977021,1.833086,0
14.978803,1.781503,0
14.980871,2.068006,0
14.982903,2.032361,0
14.984721,1.818152,0
14.986764,2.043238,0
14.988805,2.040896,0
14.990848,2.042177,0
14.992895,2.047704,0
14.994821,1.925432,0
14.996787,1.966012,0
14.998836,2.049038,0
15.000881,2.045664,0
15.002908,2.026699,0
15.004787,1.878826,0
15.006742,1.955266,0
15.008741,1.999306,0
15.010939,2.197124,0
15.012900,1.961160,0
15.014988,2.088034,0
15.016963,1.974984,0
15.019180,2.217545,0
15.021143,1.962749,0
15.023416,2.273097,0
15.025007,1.591325,0
15.026832,1.824302,0
15.028942,2.110625,0
15.030876,1.933778,0
15.033148,2.272200,0
15.034845,1.696858,0
15.036825,1.979952,0
15.039077,2.251400,0
15.040931,1.854855,0
15.043320,2.388552,0
15.045054,1.734089,0
15.046836,1.782327,0
15.048790,1.953745,0
15.051155,2.364643,0
15.053502,2.346878,0
15.055119,1.617096,0
15.057017,1.898053,0
15.058924,1.907641,0
15.061212,2.287968,0
15.063417,2.204747,0
15.065251,1.833393,0
15.066994,1.743840,0
15.069335,2.340911,0
15.071254,1.918199,0
15.073319,2.065349,0
15.074937,1.617882,0
15.076763,1.826600,0
15.078716,1.952358,0
15.080845,2.129259,0
15.083102,2.257039,0
15.084735,1.632545,0
15.086775,2.040066,0
15.089065,2.290242,0
15.090748,1.682837,0
15.093336,2.587873,0
15.094972,1.636033,0
15.096959,1.987098,0
15.099157,2.197882,0
15.100961,1.804024,0
15.102922,1.961080,0
15.104936,2.013810,0
15.106949,2.013128,0
15.108970,2.021318,0
15.111172,2.202081,0
15.113173,2.000820,0
15.114975,1.802195,0
15.116915,1.939448,0
15.118853,1.938708,0
15.121039,2.185817,0
15.122759,1.719594,0
15.124998,2.239125,0
15.126994,1.995942,0
15.128908,1.913956,0
15.131109,2.201224,0
15.133167,2.058292,0
15.134702,1.534777,0
15.136640,1.938540,0
15.138705,2.064838,0
15.140780,2.074237,0
15.142848,2.068321,0
15.144751,1.903586,0
15.146928,2.176725,0
15.148901,1.973208,0
15.150826,1.924928,0
15.153178,2.351894,0
15.154842,1.663794,0
15.156910,2.068362,0
15.158922,2.011680,0
15.161175,2.252474,0
15.163371,2.196003,0
15.164965,1.594049,0
15.166931,1.966780,0
15.168835,1.903752,0
15.170996,2.160896,0
15.172809,1.813392,0
15.174727,1.917510,0
15.176983,2.255761,0
15.179113,2.130164,0
15.181025,1.912263,0
15.183393,2.368334,0
15.185041,1.647620,0
15.186897,1.856074,0
15.188984,2.086759,0
15.190729,1.745236,0
15.193189,2.459513,0
15.194943,1.754531,0
15.196965,2.022047,0
15.199208,2.242363,0
15.201093,1.885114,0
15.203317,2.224225,0
15.205039,1.722005,0
15.206778,1.739568,0
15.208750,1.971222,0
15.211330,2.580716,0
15.212834,1.503562,0
15.214912,2.077664,0
15.216927,2.015424,0
15.219075,2.147778,0
15.220944,1.869549,0
15.223258,2.313460,0
15.224736,1.477949,0
15.226851,2.114842,0
15.229011,2.160645,0
15.230871,1.859230,0
15.232984,2.113924,0
15.234866,1.881699,0
15.236763,1.896782,0
15.238782,2.018611,0
15.240878,2.096372,0
15.242793,1.914707,0
15.244656,1.863331,0
15.246940,2.283636,0
15.248972,2.032379,0
15.251233,2.260702,0
15.253432,2.199700,0
15.255077,1.644677,0
15.257067,1.990199,0
15.259054,1.986332,0
15.261239,2.185375,0
15.263107,1.868500,0
15.264850,1.743017,0
15.266995,2.144117,0
15.268888,1.893135,0
15.270957,2.069493,0
15.273310,2.352612,0
15.275125,1.814722,0
15.276983,1.858306,0
15.279131,2.148333,0
15.280748,1.617217,0
15.282849,2.100553,0
15.284824,1.974564,0
15.286980,2.156285,0
15.289157,2.177026,0
15.290848,1.691048,0
15.293496,2.648014,0
15.295188,1.691837,0
15.296972,1.783848,0
15.298790,1.818326,0
15.300800,2.009588,0
15.303402,2.602155,0
15.305035,1.633249,0
15.306952,1.916763,0
15.309052,2.099987,0
15.311391,2.339705,0
15.313646,2.254602,0
15.315192,1.546446,0
15.316978,1.785915,0
15.319186,2.208032,0
15.321035,1.848628,0
15.322635,1.600135,0
15.325033,2.397406,0
15.326917,1.884473,0
15.329038,2.121313,0
15.330979,1.940675,0
15.333191,2.211732,0
15.334863,1.672007,0
15.336915,2.052100,0
15.339219,2.304387,0
15.340891,1.671903,0
15.343313,2.422059,0
15.345062,1.748843,0
15.346934,1.872415,0
15.349240,2.305960,0
15.351158,1.917235,0
15.353280,2.121875,0
15.354780,1.500307,0
15.356781,2.001027,0
15.359107,2.326093,0
15.361224,2.116854,0
15.363012,1.788015,0
15.365102,2.090274,0
15.366977,1.875181,0
15.369070,2.092857,0
15.370738,1.667936,0
15.372996,2.257872,0
15.375038,2.041748,0
15.376972,1.934568,0
15.378714,1.742019,0
15.381268,2.553641,0
15.383175,1.906896,0
15.384740,1.565066,0
15.386969,2.229391,0
15.389074,2.104824,0
15.390720,1.645490,0
15.392912,2.192522,0
15.394689,1.776824,0
15.396808,2.119519,0
15.399085,2.277006,0
15.400885,1.799522,0
15.403345,2.459841,0
15.404790,1.445357,0
15.406964,2.174273,0
15.408899,1.934523,0
15.411104,2.205422,0
15.413331,2.226673,0
15.414782,1.450650,0
15.416966,2.183977,0
15.419082,2.115890,0
15.420955,1.873372,0
15.423217,2.261816,0
15.425021,1.804045,0
15.426981,1.960684,0
15.429063,2.082009,0
15.430668,1.604467,0
15.433489,2.821159,0
15.435195,1.705654,0
15.436965,1.770145,0
15.439211,2.245608,0
15.440965,1.754913,0
15.443082,2.116238,0
15.445053,1.971381,0
15.446976,1.923086,0
15.448764,1.788267,0
15.450984,2.219958,0
15.453195,2.210787,0
15.454696,1.501164,0
15.456714,2.017813,0
15.458807,2.093355,0
15.460840,2.032026,0
15.463220,2.380115,0
15.464932,1.712342,0
15.466755,1.823248,0
15.469130,2.375032,0
15.471072,1.941646,0
15.473343,2.270683,0
15.475112,1.769027,0
15.476897,1.785630,0
15.479288,2.390605,0
15.481100,1.812382,0
15.483056,1.956057,0
15.484824,1.767302,0
15.486781,1.957819,0
15.488771,1.989964,0
15.490864,2.092166,0
15.493285,2.421160,0
15.494912,1.627297,0
15.496938,2.025627,0
15.498836,1.898262,0
15.501075,2.238949,0
15.503315,2.239805,0
15.505015,1.699901,0
15.506780,1.765061,0
15.508945,2.165240,0
15.511296,2.351560,0
15.513135,1.838391,0
15.514783,1.647954,0
15.516966,2.183023,0
15.518866,1.900453,0
15.520866,1.999374,0
15.523270,2.404318,0
15.525088,1.818325,0
15.527007,1.919011,0
15.528874,1.867073,0
15.530812,1.937684,0
15.533178,2.366205,0
15.534754,1.575298,0
15.536794,2.040769,0
15.538754,1.959436,0
15.540976,2.222612,0
15.543106,2.129535,0
15.544732,1.626035,0
15.546770,2.038598,0
15.548682,1.911362,0
15.551217,2.535272,0
15.553404,2.187368,0
15.555079,1.674180,0
15.556776,1.697744,0
15.558955,2.178804,0
15.561052,2.096882,0
15.562821,1.768963,0
15.564799,1.978428,0
15.566783,1.983383,0
15.568980,2.197448,0
15.571013,2.032709,0
15.573401,2.387549,0
15.574927,1.526406,0
15.576787,1.860202,0
15.579117,2.329693,0
15.580942,1.824841,0
15.583329,2.386782,0
15.585121,1.792053,0
15.586963,1.842172,0
15.589089,2.126505,0
15.590994,1.905267,0
15.593422,2.427321,0
15.595051,1.628981,0
15.596970,1.918962,0
15.599011,2.041715,0
15.601054,2.042772,0
15.603479,2.425137,0
15.605180,1.700907,0
15.606961,1.780779,0
15.608742,1.780747,0
15.610919,2.177667,0
15.613164,2.244399,0
15.614731,1.567344,0
15.616992,2.260877,0
15.619103,2.110718,0
15.621082,1.979022,0
15.623374,2.291673,0
15.625097,1.723375,0
15.627128,2.030890,0
15.629165,2.037459,0
15.631172,2.007234,0
15.633387,2.214465,0
15.634920,1.533132,0
15.636934,2.013579,0
15.639087,2.153267,0
15.640916,1.829153,0
15.643213,2.296922,0
15.644779,1.566116,0
15.646876,2.097041,0
15.648859,1.983327,0
15.650863,2.003625,0
15.653086,2.222817,0
15.655083,1.997270,0
15.656935,1.851321,0
15.658892,1.957654,0
15.661282,2.389711,0
15.663135,1.853022,0
15.664877,1.741924,0
15.666959,2.081867,0
15.669207,2.248078,0
15.670913,1.706501,0
15.673357,2.443622,0
15.674910,1.552849,0
15.676965,2.054978,0
15.679076,2.111448,0
15.680727,1.650539,0
15.683279,2.552613,0
15.684999,1.719578,0
15.686796,1.797321,0
15.689018,2.221584,0
15.691040,2.022491,0
15.693104,2.063472,0
15.694978,1.874635,0
15.696925,1.946609,0
15.698957,2.032021,0
15.701256,2.299438,0
15.703331,2.074034,0
15.705160,1.829086,0
15.706974,1.814517,0
15.709190,2.215629,0
15.711203,2.012869,0
15.713187,1.984894,0
15.715155,1.967542,0
15.716785,1.629727,0
15.718884,2.098941,0
15.721204,2.320198,0
15.723230,2.026199,0
15.725165,1.934749,0
15.726977,1.811762,0
15.728760,1.783274,0
15.730685,1.924732,0
15.732928,2.243160,0
15.734677,1.748919,0
15.736772,2.094914,0
15.738792,2.020520,0
15.740840,2.047479,0
15.742979,2.139874,0
15.744823,1.843436,0
15.746758,1.934803,0
15.748732,1.973941,0
15.750780,2.047839,0
15.752793,2.013879,0
15.754778,1.985098,0
15.756767,1.988827,0
15.758854,2.086535,0
15.761070,2.216232,0
15.763097,2.027003,0
15.764941,1.843503,0
15.766902,1.961352,0
15.768775,1.873480,0
15.770993,2.217724,0
15.773332,2.338882,0
15.775129,1.797173,0
15.776955,1.826095,0
15.778784,1.828531,0
15.780941,2.157046,0
15.783275,2.334352,0
15.785229,1.954132,0
15.787014,1.784241,0
15.788804,1.790580,0
15.791024,2.220304,0
15.793381,2.356470,0
15.795139,1.757813,0
15.796879,1.740583,0
15.799152,2.272921,0
15.801135,1.982776,0
15.803315,2.180252,0
15.805139,1.823244,0
15.806917,1.778363,0
15.808997,2.080449,0
15.811266,2.268168,0
15.813355,2.089588,0
15.814942,1.587074,0
15.816888,1.945433,0
15.818956,2.068089,0
15.821246,2.289822,0
15.823506,2.260885,0
15.824973,1.466393,0
15.827018,2.045639,0
15.829215,2.196151,0
15.831110,1.895730,0
15.833173,2.062653,0
15.835146,1.973005,0
15.837020,1.874126,0
15.839287,2.266697,0
15.841246,1.959276,0
15.843303,2.057333,0
15.845262,1.958128,0
15.847021,1.759415,0
15.849080,2.059545,0
15.851138,2.057622,0
15.853403,2.264794,0
15.854837,1.434435,0
15.857018,2.181087,0
15.858877,1.858260,0
15.861437,2.560761,0
15.863350,1.912872,0
15.865129,1.778885,0
15.867025,1.895986,0
15.869127,2.101330,0
15.871191,2.064677,0
15.873506,2.314453,0
15.874957,1.451786,0
15.876897,1.939990,0
15.879136,2.238865,0
15.880946,1.809783,0
15.883330,2.384033,0
15.885147,1.816786,0
15.887047,1.899742,0
15.888823,1.776625,0
15.891301,2.477456,0
15.892810,1.508959,0
15.894792,1.982753,0
15.896766,1.973993,0
15.898587,1.820548,0
15.900587,1.999666,0
15.902950,2.363326,0
15.904867,1.916998,0
15.906890,2.022988,0
15.909271,2.380661,0
15.911319,2.048745,0
15.913120,1.800158,0
15.914916,1.796354,0
15.916752,1.836435,0
15.918934,2.181503,0
15.921237,2.302773,0
15.923444,2.207400,0
15.925210,1.765796,0
15.926925,1.715500,0
15.929271,2.345453,0
15.931102,1.831306,0
15.932884,1.782418,0
15.934761,1.876818,0
15.936754,1.992708,0
15.938894,2.140045,0
15.940754,1.859804,0
15.943610,2.855863,0
15.945062,1.452643,0
15.946838,1.775953,0
15.949159,2.321179,0
15.950971,1.811688,0
15.953004,2.033305,0
15.954743,1.738695,0
15.956615,1.871914,0
15.958986,2.371149,0
15.961117,2.131150,0
15.963209,2.091989,0
15.964882,1.672977,0
15.966627,1.744735,0
15.968615,1.988337,0
15.970985,2.369305,0
15.973248,2.263452,0
15.974950,1.701663,0
15.976770,1.820283,0
15.979031,2.260771,0
15.981053,2.022105,0
15.982864,1.811220,0
15.984721,1.856400,0
15.986739,2.018828,0
15.989119,2.379249,0
15.990720,1.601246,0
15.992688,1.967947,0
15.995032,2.343655,0
15.996846,1.814946,0
15.998729,1.883014,0
16.000751,2.021295,0
16.002832,2.081348,0
16.004713,1.880980,0
16.006703,1.990266,0
16.008604,1.900335,0
16.010702,2.098151,0
16.012886,2.184042,0
16.014829,1.943539,0
16.016752,1.922525,0
16.018786,2.033763,0
16.020859,2.072893,0
16.023032,2.173588,0
16.024750,1.717567,0
16.026745,1.995297,0
16.028733,1.987748,0
16.030704,1.970706,0
16.032872,2.168225,0
16.034845,1.972938,0
16.036909,2.063931,0
16.039009,2.100021,0
16.040813,1.804569,0
16.043415,2.601991,0
16.044953,1.538009,0
16.046887,1.933312,0
16.048921,2.034653,0
16.051037,2.115365,0
16.053125,2.088629,0
16.055106,1.980776,0
16.056788,1.682226,0
16.059112,2.324124,0
16.061399,2.286917,0
16.063332,1.932904,0
16.065222,1.889509,0
16.067021,1.799734,0
16.069077,2.055760,0
16.070825,1.748225,0
16.073402,2.577095,0
16.074751,1.348944,0
16.077004,2.253065,0
16.079066,2.061825,0
16.081135,2.068297,0
16.083402,2.267803,0
16.085210,1.808093,0
16.087033,1.822353,0
16.089165,2.132206,0
16.090785,1.620038,0
16.093347,2.562100,0
16.094709,1.362262,0
16.096750,2.040467,0
16.098728,1.978244,0
16.100794,2.065676,0
16.102817,2.023594,0
16.104717,1.899396,0
16.106665,1.948643,0
16.108925,2.259633,0
16.111266,2.340970,0
16.113406,2.140378,0
16.115221,1.814173,0
16.117021,1.800313,0
16.119125,2.103957,0
16.120803,1.678147,0
16.122990,2.187442,0
16.124804,1.813771,0
16.126819,2.015028,0
16.129156,2.337005,0
16.131046,1.889840,0
16.133049,2.002448,0
16.134986,1.937828,0
16.136696,1.709670,0
16.138661,1.965425,0
16.140606,1.944666,0
16.142872,2.266045,0
16.144775,1.902531,0
16.146798,2.023010,0
16.149121,2.323530,0
16.150972,1.851085,0
16.153205,2.232934,0
16.154792,1.586410,0
16.156839,2.047705,0
16.158763,1.923615,0
16.161078,2.314970,0
16.163280,2.202453,0
16.164960,1.679530,0
16.166808,1.848045,0
16.169119,2.311024,0
16.170626,1.507351,0
16.173221,2.594772,0
16.174967,1.745483,0
16.176862,1.895142,0
16.179019,2.157566,0
16.181046,2.027096,0
16.183190,2.143223,0
16.184982,1.792233,0
16.186836,1.854487,0
16.188728,1.891289,0
16.190909,2.181750,0
16.193186,2.276854,0
16.194640,1.453939,0
16.196746,2.106085,0
16.198842,2.095618,0
16.200757,1.914958,0
16.202870,2.113165,0
16.205029,2.159355,0
16.206844,1.814628,0
16.208961,2.117013,0
16.211104,2.142777,0
16.213060,1.955836,0
16.214626,1.566666,0
16.216785,2.158333,0
16.218879,2.094236,0
16.220854,1.975097,0
16.223002,2.148462,0
16.224862,1.860002,0
16.226829,1.966819,0
16.229148,2.318303,0
16.231069,1.921402,0
16.232940,1.871134,0
16.234855,1.914617,0
16.236834,1.979400,0
16.238924,2.090016,0
16.240789,1.864786,0
16.242975,2.186374,0
16.244881,1.905724,0
16.246769,1.887721,0
16.249221,2.452281,0
16.251070,1.848833,0
16.253199,2.129049,0
16.255085,1.885642,0
16.256863,1.778348,0
16.258978,2.115388,0
16.260974,1.996196,0
16.263241,2.266604,0
16.265015,1.773450,0
16.266843,1.828076,0
16.268717,1.874024,0
16.270792,2.075791,0
16.273130,2.337924,0
16.274874,1.743547,0
16.276780,1.906561,0
16.278983,2.202580,0
16.280976,1.993309,0
16.283063,2.087140,0
16.285017,1.953266,0
16.286838,1.820886,0
16.289389,2.551309,0
16.290550,1.161490,0
16.292631,2.080388,0
16.294571,1.940339,0
16.296844,2.272699,0
16.298874,2.030243,0
16.301181,2.306929,0
16.303415,2.234117,0
16.304997,1.582247,0
16.306811,1.813216,0
16.308955,2.144596,0
16.311248,2.292293,0
16.312939,1.691342,0
16.314931,1.992216,0
16.316813,1.881610,0
16.318990,2.177042,0
16.320735,1.744898,0
16.323220,2.485745,0
16.324854,1.633844,0
16.326832,1.977480,0
16.328729,1.897789,0
16.330653,1.923760,0
16.332747,2.094040,0
16.334744,1.996708,0
16.336728,1.983713,0
16.338926,2.198743,0
16.341148,2.221751,0
16.343104,1.955423,0
16.344924,1.820076,0
16.346836,1.912279,0
16.348868,2.032268,0
16.350687,1.819071,0
16.352964,2.276466,0
16.354782,1.818653,0
16.356799,2.016728,0
16.358945,2.146191,0
16.361104,2.158358,0
16.363129,2.025729,0
16.364763,1.633515,0
16.366723,1.959760,0
16.368787,2.063844,0
16.371081,2.294585,0
16.373040,1.958642,0
16.374789,1.749086,0
16.376817,2.028372,0
16.378987,2.169881,0
16.380741,1.754023,0
16.383098,2.356620,0
16.384763,1.665014,0
16.386623,1.860457,0
16.388690,2.066960,0
16.390752,2.061873,0
16.393393,2.641207,0
16.394997,1.603466,0
16.396786,1.788823,0
16.399022,2.236847,0
16.400765,1.743002,0
16.402947,2.182067,0
16.405021,2.073478,0
16.406814,1.793476,0
16.408644,1.829326,0
16.411056,2.412640,0
16.413204,2.147936,0
16.414988,1.783444,0
16.416855,1.867563,0
16.418951,2.095166,0
16.420787,1.836600,0
16.423221,2.433644,0
16.425012,1.791010,0
16.426645,1.633242,0
16.428811,2.166295,0
16.430925,2.114192,0
16.433143,2.217287,0
16.435115,1.971953,0
16.436836,1.721330,0
16.439000,2.164147,0
16.440595,1.594604,0
16.443167,2.572071,0
16.445010,1.843349,0
16.446839,1.828818,0
16.449063,2.224134,0
16.450993,1.930264,0
16.453300,2.306993,0
16.455084,1.784057,0
16.456628,1.543019,0
16.458983,2.355978,0
16.461270,2.286374,0
16.463220,1.950022,0
16.464810,1.590142,0
16.466661,1.851290,0
16.468707,2.046128,0
16.470870,2.162494,0
16.473219,2.348595,0
16.474821,1.602186,0
16.476812,1.991546,0
16.478791,1.978400,0
16.480740,1.949084,0
16.482907,2.166756,0
16.484794,1.887170,0
16.486766,1.972443,0
16.488757,1.991012,0
16.490818,2.061127,0
16.492921,2.102271,0
16.494753,1.832301,0
16.496764,2.011237,0
16.498640,1.875789,0
16.500939,2.299021,0
16.503102,2.163280,0
16.504968,1.866115,0
16.506814,1.845831,0
16.508948,2.134170,0
16.511168,2.219746,0
16.513249,2.080633,0
16.514992,1.743450,0
16.516606,1.613759,0
16.518776,2.170167,0
16.520956,2.180414,0
16.523337,2.380108,0
16.525051,1.714909,0
16.526837,1.785319,0
16.528988,2.151125,0
16.531056,2.067677,0
16.533137,2.081273,0
16.535001,1.864517,0
16.536792,1.791061,0
16.538847,2.054237,0
16.540735,1.888523,0
16.543084,2.349089,0
16.544736,1.652195,0
16.546837,2.100277,0
16.548985,2.147784,0
16.550896,1.911905,0
16.552757,1.860743,0
16.554753,1.996220,0
16.556652,1.898884,0
16.558960,2.308003,0
16.560954,1.993315,0
16.562985,2.031277,0
16.564674,1.689336,0
16.566648,1.973978,0
16.568824,2.176106,0
16.570956,2.131681,0
16.572892,1.935683,0
16.574957,2.064989,0
16.576756,1.799839,0
16.578829,2.072026,0
16.581003,2.174446,0
16.583054,2.051430,0
16.584661,1.606309,0
16.586862,2.201096,0
16.588943,2.081255,0
16.590875,1.932322,0
16.593287,2.411317,0
16.594976,1.689537,0
16.596846,1.869717,0
16.599078,2.231669,0
16.600970,1.892238,0
16.602743,1.772838,0
16.604715,1.972349,0
16.606678,1.962795,0
16.608773,2.095651,0
16.611090,2.316490,0
16.613193,2.103467,0
16.614899,1.705717,0
16.616843,1.943848,0
16.618671,1.828259,0
16.620924,2.252888,0
16.623193,2.268521,0
16.624914,1.721802,0
16.626757,1.842122,0
16.628846,2.089598,0
16.630685,1.839209,0
16.632689,2.003359,0
16.634918,2.229644,0
16.636713,1.794169,0
16.639130,2.417688,0
16.640879,1.748926,0
16.643287,2.407944,0
16.645007,1.719754,0
16.646835,1.828267,0
16.649083,2.247768,0
16.650901,1.818084,0
16.653430,2.529258,0
16.654970,1.539671,0
16.656775,1.805097,0
16.658799,2.023994,0
16.660933,2.133739,0
16.662789,1.856714,0
16.664933,2.143962,0
16.666813,1.879346,0
16.668696,1.882930,0
16.670658,1.962626,0
16.673047,2.388837,0
16.674852,1.804588,0
16.676718,1.866277,0
16.678784,2.065796,0
16.680711,1.926968,0
16.683078,2.366796,0
16.684970,1.892239,0
16.686834,1.864326,0
16.688619,1.784790,0
16.690953,2.333726,0
16.693069,2.116117,0
16.694771,1.702356,0
16.696841,2.069981,0
16.699119,2.277388,0
16.701099,1.980020,0
16.703330,2.231832,0
16.705055,1.724415,0
16.706887,1.832480,0
16.708864,1.976491,0
16.711356,2.492340,0
16.713319,1.962512,0
16.715099,1.780845,0
16.716848,1.748185,0
16.718995,2.147002,0
16.720956,1.961040,0
16.723134,2.177806,0
16.724725,1.591901,0
16.726836,2.110380,0
16.728996,2.160263,0
16.731085,2.088713,0
16.732955,1.870282,0
16.734755,1.800185,0
16.737015,2.259610,0
16.739316,2.301410,0
16.740882,1.565300,0
16.743452,2.570045,0
16.744890,1.437980,0
16.746832,1.942766,0
16.748682,1.850106,0
16.750907,2.224932,0
16.753084,2.176677,0
16.755028,1.943630,0
16.756715,1.687349,0
16.759116,2.400682,0
16.761091,1.975720,0
16.763298,2.207017,0
16.764911,1.612326,0
16.766765,1.853865,0
16.768924,2.159121,0
16.770978,2.054719,0
16.773065,2.086287,0
16.774747,1.681867,0
16.776798,2.051849,0
16.779034,2.235891,0
16.781035,2.000743,0
16.783327,2.292359,0
16.785057,1.729521,0
16.786836,1.778639,0
16.788961,2.125635,0
16.790987,2.025849,0
16.792627,1.639611,0
16.794975,2.347962,0
16.796861,1.885869,0
16.799098,2.237148,0
16.801108,2.010234,0
16.803354,2.246389,0
16.804969,1.614949,0
16.806833,1.864049,0
16.808972,2.138592,0
16.811208,2.236448,0
16.813162,1.953849,0
16.815031,1.869194,0
16.816838,1.806619,0
16.819247,2.409440,0
16.821224,1.976403,0
16.823392,2.167853,0
16.825286,1.894422,0
16.826845,1.559281,0
16.828631,1.785108,0
16.830907,2.276590,0
16.832810,1.903187,0
16.834815,2.004381,0
16.836833,2.018080,0
16.839132,2.299640,0
16.841030,1.897655,0
16.843345,2.314954,0
16.844984,1.639018,0
16.846771,1.786568,0
16.848716,1.945330,0
16.850804,2.088302,0
16.853220,2.415712,0
16.854940,1.720024,0
16.856837,1.897206,0
16.858915,2.078180,0
16.860984,2.068444,0
16.862760,1.776511,0
16.864679,1.918747,0
16.866577,1.898048,0
16.868900,2.322452,0
16.870910,2.010900,0
16.873033,2.122435,0
16.874702,1.669537,0
16.876777,2.075054,0
16.878707,1.929667,0
16.880931,2.223935,0
16.883276,2.344972,0
16.884862,1.586310,0
16.886710,1.847263,0
16.889066,2.356056,0
16.890775,1.708915,0
16.893303,2.528880,0
16.894966,1.662136,0
16.896836,1.870844,0
16.898985,2.148701,0
16.900841,1.855487,0
16.903177,2.336054,0
16.904622,1.445692,0
16.906819,2.196213,0
16.909027,2.208875,0
16.910948,1.920464,0
16.913202,2.253687,0
16.914973,1.771266,0
16.916837,1.863602,0
16.919005,2.168716,0
16.920665,1.659441,0
16.923376,2.711765,0
16.924996,1.619353,0
16.926836,1.840228,0
16.928968,2.132160,0
16.930807,1.838668,0
16.933098,2.291506,0
16.934737,1.638194,0
16.936589,1.852507,0
16.938684,2.094903,0
16.940797,2.112629,0
16.943110,2.313203,0
16.944769,1.658982,0
16.946816,2.047677,0
16.948964,2.148035,0
16.951161,2.196641,0
16.952860,1.698906,0
16.954952,2.092355,0
16.956714,1.761589,0
16.958812,2.097679,0
16.961142,2.330343,0
16.963102,1.959899,0
16.964884,1.782200,0
16.966833,1.949267,0
16.968919,2.085201,0
16.970817,1.898636,0
16.973212,2.394604,0
16.974665,1.453134,0
16.976792,2.127536,0
16.978957,2.164610,0
16.980877,1.920379,0
16.982832,1.954662,0
16.984840,2.008345,0
16.986819,1.978320,0
16.988765,1.946237,0
16.990757,1.991942,0
16.992788,2.031450,0
16.994916,2.127974,0
16.996838,1.921801,0
16.998874,2.035666,0
17.000970,2.096521,0
17.002977,2.006893,0
17.004675,1.697827,0
17.006612,1.936968,0
17.008632,2.020306,0
17.011321,2.688593,0
17.013142,1.821115,0
17.014748,1.605838,0
17.016832,2.084304,0
17.018954,2.122020,0
17.020750,1.795670,0
17.022943,2.192822,0
17.024911,1.968193,0
17.026835,1.923866,0
17.028889,2.054262,0
17.030769,1.879885,0
17.032734,1.965512,0
17.034764,2.029214,0
17.036592,1.828532,0
17.038996,2.403666,0
17.041142,2.145895,0
17.043426,2.284413,0
17.045148,1.721496,0
17.046901,1.752934,0
17.048896,1.995633,0
17.050683,1.786596,0
17.053068,2.384701,0
17.054813,1.745337,0
17.056716,1.903051,0
17.059012,2.295771,0
17.061224,2.212106,0
17.063312,2.088233,0
17.065108,1.795693,0
17.066837,1.729283,0
17.068761,1.924332,0
17.070879,2.117280,0
17.072974,2.094900,0
17.074814,1.840599,0
17.076836,2.022329,0
17.078792,1.955379,0
17.080705,1.913339,0
17.082755,2.049377,0
17.084923,2.168409,0
17.086703,1.780266,0
17.088727,2.024279,0
17.091023,2.295407,0
17.093198,2.175175,0
17.095578,2.379626,0
17.096841,1.263708,0
17.098757,1.915717,0
17.101036,2.279095,0
17.103200,2.164252,0
17.104946,1.745765,0
17.106846,1.899415,0
17.108984,2.138567,0
17.110684,1.700108,0
17.112629,1.944859,0
17.114875,2.246271,0
17.116701,1.825318,0
17.118683,1.981723,0
17.120752,2.069465,0
17.123273,2.521518,0
17.124935,1.662000,0
17.126830,1.894707,0
17.128975,2.144999,0
17.131035,2.059880,0
17.133200,2.164923,0
17.134638,1.437597,0
17.136602,1.964679,0
17.138713,2.110852,0
17.140828,2.114693,0
17.142995,2.167602,0
17.144762,1.766242,0
17.146815,2.053126,0
17.148754,1.938845,0
17.150764,2.010554,0
17.152851,2.086720,0
17.154749,1.898201,0
17.156813,2.063922,0
17.158889,2.076154,0
17.161062,2.172616,0
17.163162,2.100426,0
17.164627,1.464471,0
17.166836,2.209163,0
17.168796,1.960574,0
17.170983,2.186643,0
17.173263,2.279427,0
17.174956,1.693778,0
17.176809,1.852310,0
17.178974,2.165288,0
17.181169,2.194654,0
17.183497,2.328336,0
17.185057,1.559920,0
17.186897,1.840079,0
17.189121,2.224071,0
17.191004,1.883251,0
17.193054,2.050054,0
17.194768,1.714198,0
17.196716,1.947157,0
17.198991,2.275757,0
17.200983,1.991483,0
17.203196,2.213425,0
17.204832,1.635712,0
17.206769,1.937310,0
17.208763,1.994079,0
17.211027,2.263737,0
17.212894,1.867298,0
17.214722,1.827335,0
17.216800,2.078003,0
17.218729,1.929525,0
17.220911,2.181658,0
17.223182,2.271423,0
17.224913,1.730542,0
17.226848,1.935482,0
17.228913,2.064427,0
17.231213,2.300006,0
17.232808,1.595529,0
17.234853,2.044722,0
17.236843,1.989984,0
17.238871,2.028233,0
17.240835,1.963319,0
17.243333,2.498157,0
17.244909,1.576628,0
17.246779,1.869884,0
17.248696,1.916316,0
17.250701,2.005019,0
17.253220,2.519117,0
17.254951,1.730796,0
17.256778,1.827644,0
17.258988,2.210313,0
17.261154,2.165225,0
17.263056,1.902215,0
17.265014,1.958242,0
17.266838,1.824192,0
17.268723,1.884372,0
17.270869,2.146645,0
17.272975,2.105547,0
17.275056,2.081161,0
17.276835,1.779216,0
17.278967,2.131323,0
17.280974,2.007395,0
17.283059,2.084920,0
17.285032,1.973575,0
17.286599,1.566936,0
17.289010,2.410710,0
17.290947,1.936665,0
17.293062,2.115623,0
17.294722,1.659720,0
17.296828,2.105541,0
17.298816,1.987914,0
17.300609,1.793633,0
17.302976,2.366658,0
17.304815,1.838764,0
17.306859,2.044751,0
17.308818,1.958392,0
17.311083,2.265570,0
17.313314,2.230337,0
17.314812,1.498499,0
17.316605,1.792887,0
17.318690,2.084902,0
17.320718,2.027798,0
17.322762,2.044665,0
17.324634,1.871209,0
17.326789,2.154961,0
17.328693,1.904372,0
17.330708,2.014508,0
17.332911,2.203846,0
17.334760,1.848937,0
17.336736,1.975809,0
17.338697,1.961094,0
17.340836,2.138848,0
17.343129,2.293108,0
17.344814,1.684422,0
17.346633,1.819524,0
17.348681,2.048070,0
17.350975,2.294328,0
17.352847,1.871687,0
17.354932,2.084728,0
17.356731,1.798596,0
17.358946,2.215908,0
17.360846,1.899624,0
17.362976,2.130189,0
17.364770,1.793864,0
17.366830,2.060151,0
17.368904,2.073760,0
17.370928,2.024308,0
17.372958,2.029813,0
17.374638,1.679872,0
17.376715,2.077457,0
17.378741,2.025658,0
17.380628,1.886685,0
17.382799,2.171209,0
17.384753,1.954157,0
17.386693,1.939724,0
17.388853,2.160147,0
17.390835,1.982096,0
17.393226,2.390681,0
17.395107,1.881251,0
17.396713,1.606000,0
17.398667,1.953865,0
17.400806,2.139076,0
17.403223,2.416585,0
17.404882,1.658934,0
17.406861,1.979013,0
17.408857,1.995976,0
17.410928,2.071094,0
17.412999,2.071246,0
17.415123,2.123738,0
17.416920,1.797121,0
17.418776,1.855961,0
17.420982,2.206668,0
17.423054,2.071170,0
17.424791,1.737922,0
17.426840,2.048260,0
17.428986,2.146072,0
17.430752,1.766161,0
17.433192,2.440014,0
17.434995,1.802856,0
17.436811,1.816254,0
17.438788,1.977020,0
17.440690,1.902233,0
17.443149,2.458338,0
17.444930,1.781450,0
17.446776,1.846374,0
17.448956,2.179547,0
17.450983,2.026574,0
17.453226,2.243122,0
17.454989,1.763447,0
17.456762,1.773154,0
17.458753,1.991091,0
17.461112,2.358917,0
17.463262,2.149447,0
17.464803,1.541553,0
17.466818,2.015055,0
17.468906,2.087998,0
17.470755,1.848157,0
17.473235,2.480375,0
17.474947,1.711686,0
17.476837,1.890133,0
17.478632,1.795682,0
17.480694,2.062008,0
17.482786,2.091412,0
17.484969,2.183363,0
17.486823,1.854126,0
17.488880,2.056551,0
17.490912,2.032411,0
17.493267,2.354784,0
17.494888,1.621225,0
17.496625,1.736840,0
17.498762,2.136981,0
17.500713,1.950418,0
17.503226,2.513598,0
17.504808,1.581924,0
17.506783,1.974709,0
17.508816,2.033223,0
17.511116,2.300171,0
17.513235,2.118475,0
17.514993,1.758698,0
17.516787,1.793481,0
17.518640,1.853425,0
17.520779,2.138746,0
17.523216,2.436549,0
17.524955,1.739852,0
17.526843,1.887450,0
17.528979,2.135706,0
17.531068,2.089919,0
17.533236,2.167722,0
17.534871,1.635144,0
17.536574,1.702974,0
17.538763,2.188720,0
17.540761,1.998454,0
17.543452,2.690990,0
17.544954,1.501622,0
17.546807,1.852798,0
17.548783,1.975999,0
17.550967,2.184167,0
17.553400,2.432698,0
17.554623,1.222951,0
17.556818,2.195760,0
17.558955,2.136127,0
17.560984,2.029612,0
17.562856,1.872203,0
17.564684,1.827793,0
17.566698,2.013898,0
17.568663,1.965289,0
17.570939,2.275735,0
17.572659,1.719777,0
17.574624,1.965392,0
17.576586,1.961880,0
17.579108,2.521921,0
17.580831,1.723273,0
17.583264,2.432214,0
17.585058,1.794104,0
17.586833,1.775661,0
17.588975,2.141504,0
17.590902,1.927179,0
17.593360,2.457776,0
17.594841,1.481656,0
17.596633,1.791933,0
17.598698,2.064179,0
17.600848,2.149976,0
17.603242,2.394880,0
17.604954,1.711837,0
17.606805,1.851251,0
17.608955,2.149769,0
17.611161,2.205718,0
17.613164,2.003022,0
17.614733,1.569373,0
17.616856,2.122968,0
17.618690,1.833269,0
17.620767,2.077490,0
17.623005,2.238331,0
17.624742,1.736941,0
17.626808,2.065832,0
17.628766,1.958075,0
17.630861,2.094563,0
17.632944,2.083381,0
17.634824,1.879505,0
17.636622,1.797951,0
17.638940,2.318217,0
17.640897,1.957127,0
17.643076,2.178852,0
17.644868,1.792331,0
17.646775,1.907114,0
17.648755,1.979749,0
17.650735,1.979931,0
17.652652,1.916625,0
17.654893,2.241076,0
17.656804,1.911600,0
17.658935,2.131106,0
17.660986,2.050167,0
17.662860,1.874764,0
17.664691,1.830981,0
17.666783,2.092050,0
17.668929,2.145331,0
17.670750,1.821328,0
17.673190,2.440057,0
17.675059,1.868437,0
17.676883,1.824960,0
17.678989,2.105213,0
17.680900,1.910914,0
17.682987,2.087262,0
17.684732,1.744709,0
17.686593,1.861663,0
17.688811,2.217482,0
17.690869,2.057776,0
17.693086,2.217160,0
17.694868,1.782832,0
17.696804,1.935788,0
17.698681,1.876811,0
17.700876,2.194567,0
17.703009,2.133534,0
17.704741,1.731667,0
17.706784,2.043341,0
17.708825,2.040699,0
17.711082,2.256964,0
17.713244,2.162233,0
17.714989,1.744545,0
17.716842,1.852984,0
17.718630,1.788456,0
17.720774,2.144132,0
17.723195,2.420569,0
17.724994,1.799532,0
17.726839,1.844854,0
17.728823,1.983361,0
17.730774,1.951951,0
17.732889,2.114449,0
17.734762,1.873524,0
17.736786,2.023306,0
17.738845,2.059505,0
17.740842,1.996699,0
17.743508,2.665945,0
17.745032,1.523651,0
17.747010,1.978042,0
17.749083,2.073589,0
17.751085,2.001412,0
17.753363,2.278703,0
17.754949,1.585709,0
17.757014,2.064720,0
17.759143,2.129548,0
17.761088,1.945034,0
17.763432,2.344147,0
17.765081,1.648546,0
17.766820,1.738939,0
17.769002,2.182062,0
17.771217,2.214934,0
17.773434,2.217159,0
17.775121,1.686866,0
17.777007,1.885917,0
17.778859,1.851964,0
17.781157,2.297800,0
17.783129,1.972672,0
17.785088,1.958969,0
17.786951,1.862829,0
17.789080,2.129321,0
17.791110,2.029900,0
17.793343,2.232592,0
17.794936,1.593241,0
17.796855,1.918844,0
17.798815,1.959684,0
17.801042,2.226988,0
17.803074,2.031974,0
17.805101,2.027777,0
17.807016,1.914468,0
17.809212,2.196469,0
17.811103,1.890696,0
17.813416,2.313015,0
17.815132,1.715504,0
17.816987,1.855139,0
17.818742,1.754941,0
17.820874,2.132150,0
17.823508,2.634644,0
17.825282,1.773287,0
17.827035,1.752836,0
17.829173,2.138725,0
17.831266,2.092248,0
17.833436,2.170044,0
17.835181,1.745752,0
17.836811,1.629536,0
17.838738,1.926667,0
17.840848,2.110798,0
17.843089,2.240413,0
17.845168,2.079367,0
17.846931,1.762786,0
17.848909,1.977825,0
17.851155,2.246183,0
17.853280,2.125548,0
17.855028,1.747740,0
17.857014,1.985865,0
17.858821,1.806994,0
17.861073,2.251919,0
17.863092,2.018975,0
17.864968,1.876379,0
17.866847,1.878754,0
17.868740,1.893364,0
17.870796,2.055207,0
17.872927,2.131629,0
17.875073,2.145322,0
17.876977,1.904430,0
17.879037,2.060063,0
17.881301,2.263939,0
17.883573,2.272222,0
17.885171,1.597251,0
17.887027,1.856077,0
17.889246,2.218959,0
17.891114,1.868787,0
17.893440,2.325617,0
17.894922,1.481957,0
17.896767,1.845273,0
17.898839,2.071828,0
17.900942,2.102710,0
17.902857,1.915714,0
17.905273,2.415120,0
17.906774,1.501466,0
17.908938,2.164243,0
17.910965,2.026724,0
17.912807,1.842037,0
17.915028,2.221067,0
17.917022,1.994334,0
17.918942,1.919172,0
17.920809,1.867313,0
17.923388,2.578996,0
17.925236,1.848415,0
17.927006,1.769468,0
17.929157,2.151126,0
17.930837,1.680340,0
17.933120,2.282406,0
17.935165,2.045614,0
17.936796,1.630949,0
17.938817,2.020989,0
17.940889,2.071453,0
17.943259,2.370689,0
17.944993,1.733586,0
17.947008,2.014636,0
17.948955,1.946911,0
17.951181,2.226336,0
17.953126,1.945318,0
17.954799,1.672564,0
17.957002,2.203699,0
17.958961,1.958404,0
17.961263,2.302380,0
17.963344,2.081205,0
17.965147,1.803051,0
17.967073,1.925692,0
17.969506,2.433240,0
17.971268,1.761615,0
17.973623,2.354809,0
17.975175,1.551692,0
17.976821,1.646748,0
17.979095,2.273628,0
17.980898,1.803021,0
17.982872,1.974279,0
17.984880,2.007790,0
17.987040,2.159734,0
17.989042,2.002198,0
17.991414,2.371825,0
17.993124,1.709908,0
17.994842,1.718755,0
17.996826,1.983872,0
17.998812,1.985775,0
18.000687,1.875004,0
18.003237,2.550242,0
18.004922,1.684475,0
18.007047,2.125047,0
18.009142,2.094994,0
18.011365,2.222822,0
18.012977,1.612470,0
18.014728,1.750845,0
18.016766,2.038504,0
18.018616,1.849108,0
18.020723,2.107661,0
18.022972,2.249118,0
18.024865,1.892771,0
18.026766,1.901230,0
18.028877,2.110556,0
18.030999,2.121768,0
18.033086,2.087558,0
18.035045,1.958397,0
18.036618,1.573712,0
18.038966,2.347960,0
18.040873,1.906611,0
18.043168,2.294992,0
18.044833,1.664990,0
18.046776,1.942693,0
18.048779,2.003432,0
18.051107,2.328130,0
18.053337,2.230223,0
18.054745,1.407998,0
18.056774,2.028556,0
18.058695,1.920845,0
18.060972,2.277418,0
18.062994,2.022312,0
18.064779,1.784937,0
18.066630,1.850332,0
18.068666,2.036668,0
18.071056,2.389607,0
18.073293,2.236837,0
18.074976,1.682704,0
18.076690,1.714336,0
18.078751,2.061075,0
18.080760,2.009248,0
18.082814,2.053295,0
18.084802,1.988480,0
18.086801,1.998719,0
18.088657,1.856761,0
18.090664,2.006128,0
18.092714,2.050499,0
18.094989,2.274953,0
18.096766,1.776796,0
18.098974,2.208336,0
18.100920,1.945314,0
18.103119,2.199398,0
18.104951,1.832448,0
18.106829,1.877899,0
18.108699,1.869441,0
18.110987,2.288148,0
18.113052,2.065232,0
18.114666,1.613811,0
18.116794,2.128465,0
18.118814,2.019528,0
18.120924,2.110386,0
18.123082,2.157266,0
18.124797,1.715042,0
18.126756,1.959057,0
18.128960,2.203866,0
18.130952,1.992873,0
18.133200,2.247637,0
18.134748,1.547499,0
18.136860,2.112222,0
18.138708,1.848122,0
18.140810,2.101692,0
18.142854,2.044864,0
18.144789,1.934783,0
18.146721,1.931738,0
18.148920,2.198723,0
18.150718,1.798145,0
18.152739,2.021168,0
18.154701,1.962412,0
18.156690,1.988671,0
18.158770,2.080148,0
18.161161,2.390893,0
18.163112,1.950427,0
18.164940,1.828891,0
18.166760,1.819886,0
18.169344,2.583233,0
18.170862,1.518585,0
18.173034,2.171507,0
18.174822,1.788779,0
18.176778,1.955431,0
18.178820,2.042269,0
18.180818,1.997726,0
18.183025,2.207430,0
18.184785,1.760058,0
18.186881,2.095518,0
18.188957,2.076421,0
18.190727,1.770041,0
18.192933,2.205293,0
18.194719,1.786082,0
18.196674,1.955471,0
18.198617,1.942731,0
18.200792,2.174876,0
18.202842,2.050739,0
18.204843,2.000198,0
18.206768,1.925689,0
18.208905,2.136459,0
18.211020,2.115052,0
18.212927,1.907284,0
18.214832,1.904508,0
18.216792,1.960402,0
18.218947,2.155098,0
18.220819,1.871473,0
18.223026,2.207289,0
18.224712,1.686494,0
18.226764,2.051856,0
18.228765,2.000462,0
18.230906,2.140784,0
18.233000,2.094224,0
18.234667,1.666884,0
18.236755,2.088306,0
18.238840,2.084613,0
18.240773,1.933842,0
18.243121,2.347297,0
18.244822,1.701092,0
18.246776,1.954622,0
18.248933,2.156613,0
18.250904,1.970939,0
18.253312,2.407589,0
18.255141,1.828999,0
18.257013,1.872680,0
18.259173,2.159623,0
18.261302,2.128898,0
18.262760,1.458235,0
18.264688,1.927552,0
18.266702,2.014112,0
18.268700,1.998032,0
18.270681,1.980836,0
18.273127,2.446356,0
18.274979,1.851636,0
18.276809,1.830239,0
18.278891,2.082701,0
18.280762,1.870257,0
18.283026,2.264647,0
18.284799,1.772769,0
18.286851,2.052090,0
18.288845,1.993768,0
18.290825,1.979708,0
18.292871,2.046096,0
18.294848,1.977311,0
18.296752,1.903791,0
18.298762,2.010432,0
18.300761,1.998298,0
18.303027,2.266231,0
18.304852,1.825029,0
18.306768,1.916510,0
18.309000,2.231730,0
18.311159,2.158964,0
18.313065,1.905531,0
18.314872,1.807433,0
18.316876,2.003604,0
18.318828,1.952318,0
18.320646,1.818244,0
18.323072,2.425414,0
18.324920,1.848029,0
18.326973,2.053434,0
18.329046,2.073186,0
18.330985,1.938624,0
18.332999,2.014483,0
18.334743,1.743600,0
18.336803,2.060326,0
18.338604,1.800317,0
18.340834,2.230524,0
18.343085,2.250652,0
18.345130,2.045176,0
18.346990,1.859767,0
18.349174,2.184575,0
18.350975,1.800574,0
18.352965,1.989883,0
18.355113,2.148611,0
18.356804,1.690276,0
18.359119,2.315196,0
18.361348,2.229350,0
18.363374,2.026150,0
18.365083,1.709086,0
18.366923,1.839514,0
18.369005,2.081570,0
18.371011,2.006616,0
18.373204,2.193044,0
18.374694,1.489381,0
18.377001,2.307657,0
18.379050,2.049013,0
18.381086,2.035769,0
18.383455,2.369287,0
18.385205,1.749254,0
18.386985,1.780842,0
18.389208,2.222963,0
18.390767,1.558750,0
18.393396,2.628715,0
18.395229,1.832720,0
18.397000,1.771053,0
18.398699,1.698905,0
18.400719,2.020008,0
18.402933,2.214489,0
18.404885,1.951532,0
18.406799,1.914244,0
18.408791,1.992269,0
18.411392,2.601301,0
18.413231,1.838909,0
18.415040,1.809054,0
18.416763,1.722432,0
18.419057,2.293794,0
18.420718,1.661038,0
18.423113,2.395390,0
18.425070,1.956691,0
18.427006,1.936845,0
18.429083,2.076900,0
18.431149,2.065823,0
18.432845,1.695358,0
18.434914,2.069749,0
18.436899,1.984957,0
18.439249,2.349765,0
18.441123,1.873618,0
18.443377,2.254032,0
18.445125,1.748783,0
18.447007,1.881538,0
18.449148,2.140822,0
18.450973,1.825235,0
18.452999,2.025586,0
18.455557,2.557917,0
18.457073,1.516501,0
18.459446,2.372766,0
18.461790,2.343713,0
18.463547,1.757204,0
18.464740,1.193463,0
18.466724,1.983971,0
18.468872,2.147787,0
18.470973,2.100597,0
18.472963,1.990450,0
18.475174,2.211398,0
18.476999,1.824957,0
18.479058,2.059071,0
18.480991,1.932080,0
18.483049,2.058761,0
18.484814,1.764219,0
18.486792,1.978660,0
18.488876,2.083583,0
18.490699,1.822900,0
18.492863,2.164025,0
18.495012,2.149509,0
18.496788,1.775631,0
18.499045,2.256819,0
18.500877,1.832518,0
18.503199,2.321949,0
18.504811,1.611708,0
18.506844,2.032997,0
18.508755,1.911112,0
18.510814,2.059193,0
18.512818,2.003456,0
18.514718,1.900647,0
18.516680,1.962173,0
18.518588,1.907410,0
18.520666,2.078345,0
18.522738,2.071904,0
18.524880,2.141462,0
18.526707,1.827883,0
18.528857,2.149254,0
18.530772,1.914998,0
18.533344,2.572084,0
18.534789,1.445244,0
18.536790,2.000798,0
18.538811,2.020719,0
18.540779,1.968114,0
18.542948,2.168961,0
18.545161,2.213247,0
18.546675,1.514137,0
18.549065,2.389738,0
18.550821,1.756591,0
18.552748,1.927048,0
18.554930,2.181295,0
18.556769,1.839865,0
18.558697,1.927788,0
18.560981,2.283884,0
18.562886,1.905025,0
18.564817,1.931107,0
18.566700,1.882441,0
18.568688,1.988521,0
18.570729,2.040454,0
18.572892,2.163264,0
18.574791,1.898795,0
18.576983,2.192370,0
18.578971,1.987504,0
18.580941,1.970292,0
18.583434,2.492749,0
18.584897,1.463796,0
18.586762,1.864712,0
18.588929,2.167242,0
18.590759,1.829698,0
18.592998,2.238979,0
18.594758,1.759580,0
18.596711,1.953535,0
18.599036,2.325015,0
18.600699,1.662596,0
18.602638,1.939629,0
18.605020,2.381724,0
18.606822,1.801779,0
18.608865,2.043456,0
18.611105,2.239150,0
18.613137,2.032524,0
18.614688,1.550680,0
18.616814,2.126659,0
18.618730,1.915630,0
18.620619,1.889250,0
18.623186,2.566519,0
18.624858,1.671772,0
18.626793,1.935546,0
18.628980,2.186911,0
18.630868,1.887548,0
18.633325,2.457362,0
18.635025,1.700327,0
18.636829,1.803712,0
18.638651,1.822465,0
18.641000,2.348111,0
18.643108,2.108898,0
18.644757,1.648308,0
18.646833,2.076322,0
18.649230,2.397355,0
18.651073,1.842317,0
18.653184,2.110853,0
18.654840,1.656456,0
18.656617,1.777183,0
18.659033,2.415371,0
18.660837,1.804013,0
18.663022,2.185612,0
18.664720,1.698117,0
18.666863,2.142111,0
18.668927,2.064268,0
18.670986,2.059613,0
18.673103,2.116592,0
18.674650,1.547403,0
18.676729,2.078912,0
18.678790,2.060717,0
18.680780,1.989777,0
18.683231,2.451505,0
18.684933,1.701724,0
18.686820,1.886867,0
18.689042,2.221618,0
18.691009,1.967087,0
18.693074,2.065882,0
18.694952,1.877746,0
18.697090,2.138105,0
18.698906,1.815621,0
18.700863,1.957374,0
18.702917,2.053904,0
18.704904,1.986581,0
18.706776,1.872582,0
18.708949,2.172718,0
18.711059,2.109638,0
18.713134,2.075724,0
18.715103,1.968969,0
18.716834,1.730919,0
18.719097,2.262199,0
18.721069,1.972639,0
18.723191,2.121739,0
18.725058,1.866636,0
18.726834,1.776442,0
18.728681,1.847343,0
18.730800,2.118987,0
18.732973,2.172666,0
18.734815,1.842031,0
18.736737,1.921963,0
18.738761,2.023972,0
18.740692,1.930573,0
18.742729,2.037117,0
18.744681,1.952565,0
18.746580,1.898761,0
18.748713,2.133053,0
18.750924,2.211191,0
18.753071,2.147058,0
18.754755,1.683207,0
18.756753,1.998932,0
18.758781,2.027671,0
18.761031,2.249882,0
18.762718,1.687494,0
18.764757,2.038350,0
18.766733,1.976299,0
18.768764,2.030857,0
18.771269,2.504800,0
18.773518,2.249515,0
18.775290,1.772032,0
18.777023,1.732417,0
18.779048,2.024850,0
18.780954,1.906537,0
18.782858,1.904111,0
18.784932,2.073785,0
18.787023,2.091347,0
18.789252,2.228564,0
18.791071,1.818583,0
18.793202,2.131447,0
18.795034,1.831914,0
18.796915,1.881333,0
18.798853,1.938167,0
18.800958,2.104787,0
18.803209,2.251322,0
18.805259,2.049995,0
18.806978,1.718172,0
18.808835,1.857794,0
18.811152,2.316365,0
18.813122,1.970135,0
18.815117,1.995187,0
18.817018,1.901020,0
18.819007,1.988891,0
18.820734,1.727429,0
18.823228,2.493545,0
18.825083,1.854813,0
18.826814,1.730762,0
18.828934,2.120541,0
18.830953,2.019094,0
18.833370,2.416887,0
18.835201,1.830571,0
18.836813,1.612308,0
18.838781,1.967530,0
18.841223,2.442454,0
18.843013,1.789835,0
18.845111,2.098577,0
18.847000,1.888751,0
18.849233,2.232952,0
18.851064,1.831110,0
18.853277,2.212401,0
18.854965,1.688236,0
18.856769,1.803696,0
18.859159,2.390673,0
18.861053,1.893579,0
18.863253,2.200147,0
18.864925,1.671860,0
18.866790,1.864953,0
18.868766,1.976047,0
18.871123,2.356809,0
18.872766,1.643539,0
18.874727,1.960919,0
18.876776,2.049408,0
18.878868,2.091764,0
18.880830,1.961916,0
18.883535,2.704432,0
18.885254,1.719048,0
18.887038,1.784802,0
18.889132,2.093812,0
18.890849,1.716953,0
18.893414,2.564849,0
18.895242,1.828427,0
18.897017,1.774156,0
18.899120,2.103492,0
18.901122,2.001660,0
18.903525,2.403015,0
18.905253,1.728069,0
18.907017,1.764579,0
18.909277,2.259270,0
18.911207,1.930589,0
18.913006,1.798652,0
18.915149,2.143265,0
18.916965,1.815560,0
18.919046,2.081019,0
18.921134,2.088510,0
18.923305,2.170937,0
18.924842,1.536621,0
18.927017,2.175368,0
18.928990,1.972690,0
18.931188,2.198421,0
18.933348,2.160064,0
18.935037,1.688481,0
18.936974,1.937053,0
18.938988,2.014085,0
18.940968,1.980122,0
18.943162,2.194097,0
18.944981,1.818437,0
18.947020,2.039063,0
18.948739,1.718983,0
18.951444,2.705301,0
18.953222,1.778087,0
18.954887,1.664848,0
18.957033,2.146243,0
18.958898,1.864963,0
18.960931,2.032362,0
18.963241,2.310609,0
18.965074,1.832419,0
18.966674,1.600056,0
18.969079,2.405465,0
18.971068,1.989018,0
18.973471,2.402629,0
18.975310,1.839515,0
18.977033,1.722765,0
18.979296,2.263272,0
18.981251,1.955034,0
18.982932,1.681106,0
18.984904,1.971398,0
18.986799,1.894871,0
18.988872,2.073108,0
18.990892,2.020472,0
18.993180,2.287968,0
18.995209,2.028831,0
18.997050,1.841286,0
18.999265,2.214987,0
19.000951,1.685156,0
19.003136,2.185218,0
19.005087,1.950949,0
19.006992,1.905582,0
19.008896,1.904204,0
19.010687,1.790876,0
19.012860,2.173138,0
19.015012,2.151425,0
19.017035,2.023501,0
19.018991,1.955368,0
19.021255,2.263776,0
19.023342,2.086974,0
19.025065,1.723927,0
19.026794,1.728928,0
19.029059,2.265005,0
19.031052,1.992959,0
19.033133,2.081103,0
19.034946,1.812236,0
19.036814,1.868608,0
19.039146,2.331819,0
19.041071,1.924464,0
19.043349,2.278139,0
19.045247,1.898441,0
19.047016,1.768902,0
19.048936,1.919954,0
19.051161,2.224658,0
19.053281,2.120723,0
19.054846,1.564466,0
19.057005,2.159443,0
19.059018,2.012582,0
19.061163,2.144972,0
19.063437,2.274528,0
19.065158,1.720563,0
19.067022,1.864036,0
19.068746,1.724059,0
19.071002,2.255823,0
19.073354,2.352103,0
19.074913,1.558720,0
19.076891,1.978121,0
19.079251,2.360191,0
19.081205,1.954443,0
19.083523,2.317391,0
19.085094,1.571612,0
19.087087,1.992673,0
19.089399,2.311935,0
19.091358,1.959052,0
19.093760,2.402018,0
19.095267,1.506800,0
19.097031,1.764170,0
19.099189,2.157768,0
19.101143,1.954474,0
19.103013,1.869558,0
19.104799,1.785814,0
19.106767,1.968053,0
19.108820,2.053274,0
19.110926,2.106157,0
19.112971,2.044966,0
19.115219,2.247591,0
19.116963,1.743918,0
19.118995,2.032072,0
19.121166,2.171193,0
19.123191,2.025031,0
19.125217,2.026341,0
19.126918,1.700326,0
19.129150,2.232297,0
19.131013,1.863173,0
19.133421,2.407915,0
19.135031,1.610031,0
19.136831,1.799593,0
19.138804,1.973732,0
19.140735,1.930417,0
19.142891,2.156565,0
19.144713,1.821897,0
19.146733,2.019355,0
19.149071,2.338116,0
19.151069,1.998477,0
19.153229,2.160272,0
19.154955,1.725966,0
19.156850,1.894230,0
19.158775,1.925629,0
19.161087,2.312194,0
19.163232,2.144920,0
19.164870,1.637599,0
19.166587,1.717175,0
19.168973,2.386179,0
19.171065,2.091720,0
19.173200,2.134906,0
19.174862,1.662395,0
19.176777,1.914754,0
19.178797,2.019789,0
19.180764,1.966588,0
19.183063,2.299624,0
19.184618,1.555109,0
19.186660,2.041547,0
19.188924,2.264442,0
19.190936,2.011955,0
19.193312,2.375793,0
19.195060,1.747656,0
19.196840,1.780726,0
19.198997,2.156781,0
19.201033,2.035423,0
19.202990,1.957768,0
19.204823,1.832858,0
19.206842,2.018777,0
19.208922,2.080042,0
19.210953,2.030959,0
19.213144,2.190638,0
19.214977,1.833589,0
19.216854,1.876310,0
19.219014,2.160391,0
19.220659,1.645192,0
19.223257,2.597753,0
19.225056,1.798962,0
19.226902,1.846676,0
19.229131,2.228902,0
19.231393,2.261146,0
19.233210,1.817781,0
19.235077,1.866560,0
19.236823,1.746199,0
19.238582,1.758434,0
19.240768,2.186796,0
19.242648,1.879541,0
19.244884,2.236430,0
19.246752,1.867258,0
19.249238,2.486272,0
19.250978,1.740539,0
19.253321,2.342442,0
19.255117,1.796700,0
19.256715,1.597741,0
19.258893,2.177988,0
19.260976,2.083016,0
19.262993,2.016297,0
19.264891,1.898330,0
19.266772,1.881227,0
19.269092,2.320044,0
19.271332,2.239611,0
19.273284,1.951778,0
19.274852,1.568100,0
19.276803,1.951793,0
19.278964,2.160573,0
19.281008,2.044260,0
19.283229,2.220441,0
19.284965,1.736519,0
19.286839,1.873975,0
19.288789,1.949581,0
19.290718,1.928861,0
19.292644,1.926090,0
19.294855,2.211577,0
19.296714,1.858882,0
19.299229,2.514540,0
19.300981,1.751977,0
19.303252,2.271382,0
19.305024,1.771681,0
19.306841,1.817721,0
19.308841,1.999958,0
19.311010,2.168109,0
19.313315,2.305032,0
19.314865,1.549949,0
19.316831,1.966612,0
19.319028,2.196506,0
19.320923,1.895274,0
19.323272,2.349469,0
19.324976,1.703767,0
19.326851,1.874586,0
19.328672,1.821519,0
19.330972,2.299384,0
19.332977,2.004932,0
19.334704,1.727895,0
19.336819,2.114376,0
19.338679,1.860559,0
19.340897,2.217665,0
19.343153,2.255847,0
19.344944,1.791217,0
19.346673,1.729120,0
19.348937,2.263577,0
19.350718,1.781015,0
19.353095,2.377279,0
19.354959,1.863572,0
19.356843,1.883989,0
19.358965,2.122045,0
19.360747,1.782746,0
19.362784,2.036099,0
19.364623,1.839395,0
19.366789,2.166234,0
19.369088,2.298700,0
19.370944,1.855610,0
19.373331,2.387909,0
19.375103,1.771742,0
19.376837,1.733667,0
19.379173,2.335999,0
19.381098,1.924703,0
19.382731,1.633192,0
19.384794,2.063515,0
19.386721,1.926482,0
19.388949,2.228207,0
19.391022,2.072720,0
19.393437,2.415181,0
19.395060,1.623175,0
19.396831,1.770678,0
19.398871,2.040266,0
19.400720,1.849531,0
19.403316,2.596009,0
19.404853,1.536420,0
19.406785,1.932504,0
19.409044,2.258425,0
19.411050,2.006420,0
19.413157,2.107197,0
19.415069,1.911980,0
19.416842,1.772424,0
19.418685,1.842746,0
19.421184,2.499851,0
19.423320,2.135266,0
19.425086,1.766543,0
19.426844,1.757577,0
19.428973,2.128940,0
19.430832,1.858825,0
19.433215,2.383414,0
19.435043,1.828289,0
19.436832,1.788462,0
19.438963,2.131452,0
19.441124,2.160628,0
19.443266,2.141959,0
19.444998,1.732589,0
19.446848,1.850019,0
19.449273,2.424441,0
19.451062,1.789158,0
19.453451,2.388539,0
19.454989,1.538909,0
19.456838,1.848961,0
19.459053,2.214270,0
19.461207,2.154666,0
19.463283,2.075682,0
19.465066,1.782586,0
19.466835,1.769346,0
19.469059,2.223792,0
19.471081,2.022059,0
19.473360,2.279006,0
19.475180,1.819747,0
19.476838,1.658538,0
19.478748,1.909798,0
19.481128,2.380306,0
19.482902,1.773411,0
19.484801,1.899168,0
19.486758,1.957111,0
19.488847,2.089517,0
19.490849,2.002014,0
19.493162,2.312099,0
19.494873,1.711715,0
19.496832,1.959244,0
19.498896,2.063613,0
19.500961,2.064459,0
19.502958,1.997603,0
19.504732,1.773340,0
19.506846,2.114862,0
19.508688,1.841179,0
19.511010,2.322713,0
19.512933,1.922796,0
19.514808,1.874916,0
19.516623,1.815386,0
19.518727,2.103659,0
19.520857,2.129953,0
19.522930,2.073283,0
19.524779,1.848831,0
19.526620,1.841017,0
19.528701,2.080570,0
19.530805,2.103869,0
19.533207,2.402901,0
19.534996,1.789048,0
19.536826,1.829478,0
19.538871,2.045475,0
19.540815,1.943481,0
19.543091,2.276118,0
19.544659,1.567940,0
19.546653,1.994278,0
19.548814,2.161004,0
19.550923,2.108533,0
19.553156,2.233471,0
19.554823,1.666981,0
19.556780,1.956404,0
19.558772,1.992365,0
19.560853,2.080719,0
19.562920,2.066804,0
19.564745,1.825061,0
19.566695,1.950796,0
19.568620,1.925085,0
19.570782,2.161256,0
19.573109,2.326948,0
19.574764,1.655293,0
19.576816,2.052139,0
19.578851,2.035107,0
19.580634,1.782361,0
19.583191,2.557793,0
19.584947,1.755340,0
19.586789,1.842450,0
19.588926,2.136469,0
19.590963,2.036940,0
19.593135,2.171944,0
19.595053,1.918446,0
19.596839,1.785752,0
19.598669,1.830592,0
19.600678,2.008865,0
19.603340,2.661516,0
19.604933,1.593260,0
19.606862,1.928982,0
19.608957,2.095028,0
19.611068,2.111487,0
19.613095,2.026507,0
19.614767,1.672423,0
19.616668,1.900645,0
19.618863,2.194576,0
19.620900,2.037261,0
19.623088,2.188344,0
19.624695,1.606951,0
19.626904,2.208862,0
19.628953,2.048914,0
19.631028,2.074979,0
19.633009,1.981281,0
19.634810,1.800355,0
19.636940,2.130111,0
19.638785,1.844855,0
19.640844,2.059054,0
19.642799,1.955326,0
19.644788,1.989592,0
19.646741,1.952590,0
19.648758,2.016623,0
19.650737,1.979305,0
19.653030,2.293024,0
19.654742,1.711765,0
19.656537,1.795531,0
19.658686,2.149021,0
19.660685,1.998660,0
19.662823,2.137745,0
19.664915,2.092707,0
19.666904,1.988461,0
19.668955,2.050889,0
19.670897,1.942373,0
19.673007,2.109456,0
19.674718,1.711425,0
19.676881,2.162484,0
19.679000,2.119274,0
19.681009,2.009217,0
19.683121,2.111998,0
19.684923,1.802122,0
19.686880,1.957184,0
19.688843,1.963049,0
19.690883,2.040075,0
19.693050,2.166173,0
19.694823,1.773366,0
19.696751,1.928324,0
19.698922,2.170275,0
19.700943,2.021102,0
19.703089,2.146118,0
19.704795,1.705815,0
19.706784,1.989248,0
19.708916,2.132456,0
19.711023,2.106201,0
19.713060,2.036964,0
19.714818,1.758870,0
19.716745,1.926810,0
19.718862,2.117090,0
19.720814,1.951796,0
19.722951,2.136964,0
19.724817,1.865843,0
19.726798,1.980829,0
19.728865,2.067322,0
19.730783,1.917608,0
19.733074,2.291636,0
19.734770,1.695585,0
19.736707,1.937026,0
19.738927,2.219760,0
19.740793,1.866361,0
19.743009,2.216113,0
19.744767,1.758079,0
19.746796,2.028884,0
19.748707,1.910697,0
19.750874,2.167605,0
19.753064,2.189623,0
19.755961,2.897419,0
19.759217,3.255689,1
19.761884,2.666387,0
19.764417,2.533945,0
19.764529,0.111790,0
19.766756,2.226993,0
19.768810,2.053295,0
19.771146,2.336839,0
19.773516,2.369284,0
19.774894,1.378055,0
19.776853,1.959734,0
19.778834,1.980200,0
19.781258,2.424645,0
19.783139,1.880779,0
19.785042,1.903361,0
19.787008,1.965967,0
19.788790,1.781616,0
19.791169,2.379010,0
19.793423,2.253604,0
19.795227,1.804829,0
19.797008,1.781025,0
19.799243,2.234273,0
19.801108,1.865376,0
19.803356,2.247870,0
19.805234,1.877732,0
19.806772,1.538250,0
19.808786,2.014235,0
19.810916,2.129821,0
19.813231,2.315288,0
19.814919,1.687590,0
19.816997,2.077707,0
19.818962,1.965033,0
19.820931,1.969443,0
19.823101,2.170025,0
19.824993,1.891907,0
19.826789,1.796211,0
19.828867,2.077748,0
19.831144,2.277084,0
19.833298,2.154020,0
19.834986,1.687854,0
19.836836,1.850300,0
19.839213,2.376695,0
19.840997,1.784510,0
19.843028,2.030308,0
19.844908,1.880256,0
19.846758,1.850449,0
19.849126,2.367717,0
19.851050,1.923730,0
19.853443,2.393237,0
19.854822,1.378497,0
19.856898,2.076626,0
19.859242,2.343447,0
19.861230,1.988494,0
19.863359,2.129226,0
19.864896,1.536867,0
19.866875,1.978551,0
19.869024,2.148790,0
19.870958,1.934846,0
19.873476,2.517288,0
19.875181,1.705492,0
19.877015,1.833803,0
19.879145,2.130395,0
19.881244,2.098677,0
19.883214,1.969583,0
19.885130,1.916044,0
19.886939,1.809436,0
19.889026,2.087277,0
19.891072,2.045864,0
19.893265,2.192911,0
19.895056,1.790647,0
19.897000,1.944119,0
19.899290,2.290443,0
19.901244,1.953228,0
19.903195,1.950965,0
19.904896,1.700880,0
19.907026,2.130396,0
19.909129,2.102895,0
19.911215,2.086148,0
19.913376,2.160679,0
19.914917,1.541383,0
19.917047,2.130082,0
19.919244,2.196532,0
19.921117,1.873193,0
19.923380,2.262922,0
19.925159,1.779723,0
19.927023,1.863871,0
19.929190,2.166925,0
19.931140,1.950038,0
19.933158,2.017721,0
19.934864,1.705527,0
19.936793,1.929413,0
19.939147,2.353826,0
19.940983,1.836550,0
19.943170,2.186495,0
19.944995,1.825527,0
19.946908,1.912821,0
19.948918,2.009599,0
19.950830,1.911878,0
19.952906,2.076211,0
19.955118,2.212279,0
19.957037,1.919205,0
19.959237,2.199894,0
19.961572,2.334401,0
19.963501,1.928842,0
19.965345,1.844371,0
19.967022,1.677431,0
19.968799,1.777137,0
19.971151,2.351997,0
19.973399,2.247334,0
19.975174,1.775202,0
19.977020,1.845872,0
19.979230,2.210415,0
19.981171,1.940308,0
19.982995,1.824331,0
19.984999,2.003602,0
19.986789,1.790451,0
19.988962,2.172755,0
19.991028,2.066171,0
19.993282,2.254021,0
19.994966,1.684390,0
19.996848,1.881763,0
19.998880,2.031494,0
20.000756,1.875991,0
20.003083,2.326984,0
20.004882,1.799578,0
20.006654,1.771655,0
20.008943,2.289058,0
20.010990,2.047029,0
20.012979,1.988845,0
20.014901,1.922561,0
20.016856,1.954584,0
20.018792,1.936165,0
20.020944,2.151665,0
20.023130,2.186470,0
20.024871,1.741029,0
20.026818,1.946881,0
20.028626,1.807511,0
20.030865,2.239297,0
20.033172,2.307299,0
20.035106,1.933407,0
20.037033,1.927914,0
20.039280,2.246708,0
20.040921,1.640322,0
20.043513,2.592796,0
20.045123,1.610099,0
20.046597,1.473229,0
20.048569,1.972399,0
20.050736,2.167179,0
20.052665,1.929198,0
20.054805,2.139211,0
20.056885,2.080322,0
20.058819,1.934059,0
20.061062,2.243303,0
20.063063,2.000891,0
20.065104,2.040392,0
20.066790,1.686112,0
20.068967,2.177035,0
20.071039,2.072520,0
20.072918,1.879058,0
20.074813,1.895143,0
20.076778,1.964982,0
20.078782,2.003795,0
20.080999,2.216296,0
20.083432,2.433683,0
20.085167,1.734427,0
20.086832,1.665097,0
20.088723,1.891146,0
20.091100,2.377262,0
20.093056,1.955906,0
20.095038,1.982042,0
20.096814,1.775790,0
20.098941,2.127470,0
20.100733,1.791742,0
20.103006,2.272459,0
20.104748,1.742594,0
20.106845,2.096975,0
20.109123,2.277872,0
20.111313,2.190446,0
20.113097,1.783610,0
20.114917,1.820317,0
20.116801,1.883454,0
20.119070,2.269341,0
20.121102,2.031419,0
20.123164,2.062282,0
20.124848,1.684617,0
20.126841,1.992859,0
20.128951,2.109505,0
20.130996,2.044813,0
20.133222,2.226218,0
20.134698,1.476535,0
20.136619,1.920930,0
20.138715,2.095815,0
20.140834,2.119337,0
20.142946,2.111549,0
20.144709,1.762651,0
20.146777,2.068390,0
20.148768,1.991234,0
20.150868,2.099821,0
20.153160,2.292332,0
20.154970,1.809498,0
20.156812,1.842003,0
20.158661,1.849453,0
20.160856,2.194404,0
20.162976,2.120095,0
20.164701,1.725426,0
20.166798,2.096263,0
20.169054,2.256697,0
20.171102,2.047238,0
20.173108,2.006194,0
20.174966,1.858085,0
20.176797,1.831409,0
20.178877,2.079968,0
20.180943,2.066118,0
20.183110,2.166299,0
20.184661,1.551177,0
20.186837,2.175936,0
20.188807,1.970342,0
20.190783,1.975820,0
20.192949,2.166384,0
20.194644,1.695011,0
20.196840,2.196103,0
20.199101,2.260951,0
20.200947,1.845845,0
20.203154,2.206679,0
20.204966,1.812507,0
20.206833,1.866315,0
20.208780,1.947655,0
20.211014,2.233685,0
20.213095,2.080494,0
20.214860,1.765497,0
20.216814,1.953970,0
20.218669,1.855019,0
20.220974,2.304922,0
20.223203,2.228693,0
20.224893,1.689909,0
20.226825,1.932215,0
20.228865,2.039774,0
20.230795,1.930127,0
20.233020,2.225528,0
20.234811,1.790399,0
20.236614,1.803238,0
20.238753,2.139398,0
20.240773,2.019907,0
20.243128,2.354568,0
20.244787,1.659694,0
20.246831,2.043377,0
20.249048,2.217631,0
20.250808,1.759980,0
20.253189,2.380395,0
20.255002,1.813493,0
20.256805,1.802688,0
20.259061,2.255591,0
20.260969,1.908264,0
20.263047,2.077698,0
20.264947,1.900708,0
20.266838,1.891266,0
20.268913,2.074212,0
20.271139,2.226671,0
20.272714,1.574711,0
20.274950,2.235533,0
20.276794,1.844431,0
20.278916,2.121596,0
20.280915,1.999152,0
20.283316,2.401244,0
20.285103,1.786939,0
20.286839,1.736373,0
20.289128,2.288487,0
20.290765,1.636906,0
20.293223,2.458430,0
20.295101,1.877842,0
20.296841,1.740432,0
20.298942,2.100204,0
20.300965,2.023828,0
20.303311,2.345812,0
20.305065,1.754101,0
20.306783,1.717175,0
20.309091,2.308274,0
20.311141,2.050158,0
20.312626,1.485031,0
20.314658,2.032207,0
20.316554,1.895909,0
20.319058,2.503546,0
20.320783,1.724961,0
20.323238,2.455561,0
20.324891,1.652685,0
20.326839,1.948202,0
20.328968,2.128861,0
20.331062,2.093842,0
20.333318,2.256509,0
20.334758,1.439583,0
20.336812,2.054499,0
20.339299,2.487117,0
20.341047,1.747015,0
20.343049,2.002709,0
20.344691,1.641567,0
20.346765,2.073768,0
20.348940,2.175607,0
20.351029,2.088885,0
20.353044,2.014914,0
20.354965,1.921000,0
20.356805,1.839572,0
20.358932,2.127422,0
20.361076,2.143919,0
20.363242,2.165731,0
20.364939,1.697648,0
20.366823,1.883861,0
20.368802,1.979243,0
20.370636,1.833950,0
20.373362,2.725935,0
20.375014,1.651334,0
20.376840,1.826406,0
20.379403,2.563149,0
20.380994,1.591184,0
20.383215,2.221013,0
20.385059,1.844072,0
20.386839,1.779297,0
20.388695,1.856473,0
20.390863,2.167890,0
20.393332,2.468957,0
20.395076,1.744068,0
20.396896,1.820278,0
20.399162,2.266088,0
20.401089,1.926753,0
20.402966,1.876834,0
20.404887,1.921326,0
20.406713,1.825981,0
20.409092,2.378640,0
20.411305,2.213454,0
20.413789,2.483297,0
20.415307,1.518409,0
20.416998,1.690961,0
20.419462,2.464336,0
20.421019,1.556406,0
20.423348,2.329323,0
20.424851,1.503007,0
20.426871,2.019584,0
20.428958,2.087594,0
20.430940,1.981281,0
20.433192,2.252116,0
20.434916,1.724179,0
20.436614,1.698503,0
20.439155,2.540319,0
20.440982,1.827264,0
20.443181,2.198886,0
20.444900,1.719165,0
20.446632,1.732040,0
20.448662,2.030063,0
20.450953,2.290996,0
20.453433,2.479699,0
20.455280,1.846796,0
20.456842,1.561956,0
20.458993,2.150908,0
20.461320,2.327418,0
20.463227,1.907344,0
20.465054,1.826244,0
20.466637,1.583117,0
20.469074,2.437473,0
20.471068,1.994186,0
20.473301,2.233170,0
20.475053,1.751570,0
20.476839,1.786033,0
20.479028,2.188728,0
20.481029,2.001524,0
20.482737,1.707279,0
20.484576,1.839317,0
20.486695,2.118795,0
20.488739,2.044455,0
20.490707,1.967397,0
20.493183,2.476625,0
20.495054,1.870839,0
20.496813,1.759246,0
20.498903,2.090029,0
20.500873,1.969724,0
20.503431,2.557869,0
20.504624,1.193275,0
20.506765,2.140827,0
20.508912,2.147340,0
20.510926,2.013549,0
20.513004,2.077801,0
20.515067,2.063547,0
20.516787,1.719928,0
20.518668,1.881236,0
20.520874,2.205738,0
20.523264,2.389365,0
20.525053,1.789279,0
20.526832,1.779346,0
20.528877,2.044543,0
20.530823,1.946427,0
20.532654,1.830528,0
20.534723,2.069049,0
20.536604,1.881079,0
20.539077,2.473216,0
20.540859,1.782155,0
20.542831,1.971914,0
20.544702,1.870736,0
20.546766,2.063991,0
20.548798,2.032245,0
20.550962,2.163737,0
20.553272,2.309846,0
20.554843,1.571713,0
20.556707,1.863444,0
20.558724,2.017066,0
20.560704,1.980296,0
20.562663,1.958649,0
20.564635,1.972221,0
20.566703,2.067960,0
20.568733,2.029905,0
20.570904,2.170943,0
20.572807,1.903210,0
20.574758,1.950962,0
20.576863,2.104620,0
20.579147,2.284629,0
20.580889,1.741321,0
20.583316,2.427729,0
20.585022,1.705695,0
20.586783,1.760537,0
20.588813,2.030674,0
20.590880,2.066711,0
20.593221,2.341155,0
20.594941,1.720127,0
20.596836,1.895077,0
20.598747,1.910382,0
20.600905,2.158319,0
20.603281,2.376464,0
20.605048,1.766869,0
20.606838,1.789887,0
20.608791,1.953003,0
20.610967,2.175711,0
20.613213,2.246130,0
20.615045,1.832178,0
20.616862,1.816442,0
20.619036,2.174590,0
20.621037,2.000769,0
20.623233,2.195904,0
20.625014,1.781064,0
20.626815,1.801395,0
20.629077,2.261173,0
20.631068,1.991627,0
20.633373,2.304702,0
20.634725,1.352409,0
20.636841,2.115466,0
20.638994,2.152936,0
20.641062,2.068307,0
20.642939,1.876935,0
20.645013,2.074505,0
20.646839,1.825952,0
20.649030,2.190684,0
20.650992,1.962236,0
20.653014,2.021289,0
20.654939,1.925268,0
20.656839,1.899763,0
20.658986,2.147360,0
20.661158,2.172338,0
20.663416,2.257850,0
20.665019,1.602472,0
20.666838,1.818886,0
20.669020,2.182381,0
20.670725,1.705254,0
20.673230,2.504678,0
20.675086,1.856428,0
20.676749,1.663235,0
20.678702,1.952354,0
20.680764,2.061900,0
20.683019,2.255681,0
20.684917,1.897108,0
20.686716,1.799744,0
20.688771,2.054887,0
20.691081,2.310006,0
20.693405,2.323330,0
20.694859,1.454368,0
20.696835,1.975959,0
20.698961,2.126079,0
20.700710,1.748915,0
20.702706,1.996385,0
20.704705,1.998465,0
20.706717,2.012065,0
20.709112,2.395658,0
20.711388,2.275135,0
20.713329,1.941257,0
20.715001,1.672236,0
20.716779,1.777964,0
20.718885,2.105964,0
20.720809,1.924251,0
20.723315,2.505828,0
20.724659,1.344195,0
20.726814,2.155161,0
20.728723,1.909097,0
20.730818,2.094689,0
20.732910,2.091493,0
20.734753,1.843625,0
20.736838,2.084916,0
20.738769,1.930912,0
20.740740,1.971011,0
20.742756,2.016008,0
20.744606,1.850021,0
20.746663,2.056616,0
20.748783,2.120404,0
20.750981,2.198154,0
20.753215,2.233367,0
20.754978,1.763467,0
20.756835,1.856942,0
20.758632,1.796751,0
20.761178,2.546065,0
20.763164,1.985673,0
20.764919,1.755688,0
20.766799,1.880147,0
20.769073,2.273816,0
20.771059,1.985937,0
20.773203,2.143984,0
20.775041,1.838163,0
20.776625,1.584042,0
20.778801,2.175905,0
20.781061,2.260154,0
20.783238,2.176147,0
20.785076,1.838102,0
20.786844,1.767864,0
20.788943,2.099878,0
20.790898,1.954922,0
20.793105,2.206277,0
20.794954,1.849785,0
20.796852,1.897836,0
20.799091,2.239004,0
20.801026,1.934833,0
20.803143,2.116595,0
20.804755,1.611872,0
20.806692,1.937606,0
20.808737,2.044737,0
20.811179,2.441976,0
20.813246,2.066760,0
20.814966,1.719874,0
20.816808,1.842915,0
20.818928,2.119711,0
20.820946,2.017643,0
20.823215,2.268764,0
20.824959,1.744849,0
20.826688,1.729035,0
20.828693,2.005073,0
20.831240,2.546178,0
20.833341,2.101058,0
20.835143,1.802399,0
20.836842,1.699318,0
20.839044,2.201981,0
20.841090,2.045181,0
20.843047,1.957817,0
20.844699,1.651910,0
20.846807,2.107363,0
20.849018,2.211087,0
20.850986,1.967811,0
20.853170,2.183985,0
20.855040,1.870579,0
20.856839,1.798350,0
20.858927,2.088314,0
20.861100,2.173370,0
20.862706,1.605708,0
20.864919,2.213179,0
20.866797,1.878416,0
20.869161,2.363513,0
20.871128,1.966607,0
20.873386,2.257955,0
20.875049,1.663021,0
20.876836,1.787309,0
20.878991,2.155166,0
20.880660,1.668899,0
20.883241,2.580933,0
20.884981,1.740006,0
20.886839,1.857973,0
20.888770,1.931531,0
20.890995,2.224437,0
20.893102,2.106686,0
20.894972,1.870910,0
20.896841,1.868447,0
20.898627,1.786591,0
20.900859,2.232014,0
20.903141,2.281232,0
20.904974,1.833209,0
20.906834,1.860332,0
20.908974,2.139398,0
20.911081,2.107594,0
20.913161,2.079714,0
20.915039,1.877816,0
20.916717,1.678327,0
20.919062,2.345089,0
20.920987,1.924395,0
20.923255,2.268300,0
20.925004,1.748646,0
20.926841,1.837924,0
20.928981,2.139248,0
20.930991,2.010520,0
20.933210,2.218407,0
20.934729,1.519490,0
20.936790,2.060364,0
20.939019,2.229536,0
20.940972,1.953093,0
20.943168,2.195934,0
20.944789,1.620456,0
20.946722,1.933216,0
20.948761,2.038775,0
20.950727,1.966124,0
20.952932,2.205272,0
20.955330,2.398475,0
20.957008,1.677478,0
20.959194,2.186237,0
20.961155,1.961347,0
20.963296,2.140351,0
20.964965,1.669034,0
20.966837,1.871851,0
20.969174,2.337038,0
20.970720,1.546723,0
20.973190,2.469798,0
20.974985,1.794362,0
20.976837,1.852893,0
20.979105,2.267336,0
20.981055,1.950539,0
20.983103,2.047726,0
20.984950,1.846872,0
20.986835,1.885216,0
20.988978,2.143224,0
20.990724,1.745987,0
20.993214,2.490036,0
20.994848,1.633495,0
20.996850,2.001836,0
20.998917,2.066793,0
21.000986,2.069457,0
21.003160,2.173785,0
21.004693,1.532989,0
21.006576,1.883287,0
21.008654,2.077641,0
21.010896,2.241944,0
21.012696,1.800604,0
21.014534,1.838221,0
21.016612,2.077158,0
21.018517,1.905738,0
21.020506,1.988590,0
21.022580,2.074250,0
21.024672,2.091298,0
21.026686,2.014352,0
21.028703,2.016752,0
21.030700,1.997874,0
21.032855,2.154795,0
21.034735,1.880121,0
21.036762,2.026629,0
21.038965,2.202874,0
21.040810,1.845438,0
21.043043,2.232347,0
21.044728,1.685647,0
21.046630,1.901216,0
21.048778,2.148500,0
21.050636,1.858116,0
21.053016,2.380195,0
21.054806,1.789592,0
21.056633,1.827530,0
21.058726,2.092783,0
21.061332,2.605573,0
21.063563,2.231586,0
21.064742,1.178706,0
21.066966,2.224267,0
21.069053,2.086778,0
21.071084,2.030705,0
21.073232,2.147678,0
21.075180,1.948070,0
21.076984,1.804297,0
21.079075,2.091465,0
21.080783,1.707530,0
21.083046,2.262998,0
21.084814,1.768482,0
21.086781,1.966504,0
21.088824,2.043067,0
21.091217,2.393499,0
21.093525,2.307075,0
21.095134,1.609007,0
21.096962,1.828766,0
21.098929,1.966464,0
21.100940,2.010823,0
21.103270,2.330536,0
21.104833,1.562350,0
21.106781,1.948246,0
21.108826,2.044869,0
21.111321,2.494967,0
21.113386,2.065342,0
21.114946,1.559784,0
21.116970,2.023848,0
21.119191,2.221689,0
21.121125,1.933827,0
21.123066,1.940657,0
21.125003,1.937287,0
21.126970,1.967409,0
21.129193,2.222911,0
21.131090,1.896477,0
21.133185,2.095286,0
21.134784,1.598605,0
21.136698,1.914066,0
21.139033,2.335040,0
21.140740,1.706787,0
21.143084,2.344636,0
21.144753,1.668706,0
21.146770,2.016566,0
21.148831,2.061904,0
21.150823,1.991106,0
21.152875,2.052935,0
21.154873,1.997761,0
21.156886,2.013113,0
21.159168,2.282053,0
21.161121,1.952810,0
21.163285,2.163725,0
21.165107,1.821736,0
21.166834,1.726883,0
21.169189,2.355231,0
21.171115,1.925848,0
21.173371,2.256152,0
21.175112,1.741471,0
21.176978,1.865667,0
21.179010,2.032211,0
21.180993,1.982905,0
21.183527,2.533765,0
21.184935,1.408384,0
21.186883,1.947771,0
21.188871,1.987787,0
21.191047,2.176630,0
21.193366,2.318395,0
21.195143,1.777314,0
21.196969,1.826422,0
21.198799,1.829209,0
21.201041,2.242468,0
21.202742,1.700764,0
21.205233,2.491017,0
21.206952,1.719094,0
21.209238,2.285958,0
21.211400,2.162026,0
21.213129,1.728901,0
21.214669,1.539778,0
21.216774,2.105464,0
21.219362,2.588319,0
21.220955,1.592305,0
21.223312,2.357323,0
21.225116,1.803982,0
21.226970,1.854225,0
21.228774,1.803539,0
21.230865,2.091582,0
21.233043,2.177803,0
21.234844,1.800986,0
21.236773,1.928585,0
21.238723,1.950550,0
21.240859,2.135994,0
21.243117,2.257526,0
21.245391,2.273953,0
21.246969,1.578554,0
21.249091,2.121946,0
21.251029,1.937958,0
21.253406,2.376305,0
21.255046,1.640056,0
21.256711,1.665645,0
21.258901,2.190059,0
21.261342,2.440659,0
21.263464,2.122035,0
21.265091,1.626643,0
21.266968,1.877034,0
21.269043,2.075113,0
21.270974,1.930672,0
21.273398,2.424036,0
21.275024,1.626100,0
21.276962,1.938254,0
21.278946,1.984267,0
21.281094,2.147416,0
21.283117,2.023749,0
21.285168,2.050402,0
21.286910,1.742462,0
21.289157,2.246821,0
21.290925,1.767893,0
21.292972,2.047132,0
21.295217,2.245367,0
21.296910,1.692131,0
21.298899,1.988955,0
21.301166,2.267069,0
21.303407,2.241063,0
21.305101,1.694716,0
21.307084,1.983120,0
21.308933,1.848861,0
21.310862,1.928678,0
21.313168,2.305902,0
21.314847,1.678935,0
21.316750,1.902675,0
21.319018,2.268629,0
21.321258,2.239420,0
21.323439,2.181364,0
21.325056,1.616919,0
21.326951,1.894953,0
21.329259,2.308483,0
21.331100,1.841108,0
21.333352,2.251807,0
21.334747,1.394775,0
21.336982,2.234717,0
21.339035,2.053257,0
21.341266,2.230718,0
21.343377,2.111599,0
21.344838,1.460291,0
21.346678,1.840089,0
21.348689,2.011725,0
21.350693,2.003545,0
21.352946,2.253540,0
21.354830,1.883790,0
21.356781,1.950837,0
21.358762,1.980716,0
21.361258,2.496158,0
21.363310,2.052080,0
21.365117,1.807327,0
21.366837,1.719419,0
21.369066,2.229554,0
21.370990,1.923808,0
21.372897,1.906614,0
21.374930,2.033097,0
21.377866,2.936103,0
21.379237,1.371365,0
21.381182,1.944307,0
21.383443,2.261489,0
21.385139,1.695400,0
21.386840,1.701319,0
21.388969,2.128848,0
21.390728,1.759409,0
21.392719,1.991322,0
21.394665,1.945447,0
21.396688,2.023104,0
21.399192,2.504103,0
21.401042,1.849813,0
21.403363,2.321349,0
21.405154,1.791081,0
21.406836,1.681552,0
21.408742,1.906137,0
21.410963,2.220752,0
21.413231,2.267998,0
21.414914,1.683429,0
21.416878,1.963775,0
21.418808,1.929584,0
21.420872,2.064608,0
21.423251,2.378634,0
21.424990,1.739347,0
21.426887,1.896862,0
21.429100,2.213479,0
21.431072,1.971307,0
21.433285,2.213088,0
21.435102,1.817040,0
21.436853,1.750634,0
21.438905,2.052478,0
21.440935,2.030127,0
21.443118,2.182514,0
21.444658,1.539883,0
21.446764,2.106300,0
21.449068,2.304511,0
21.451151,2.083053,0
21.453378,2.226548,0
21.455251,1.873116,0
21.456844,1.592647,0
21.458830,1.986069,0
21.460988,2.158351,0
21.462686,1.698353,0
21.464798,2.111219,0
21.466835,2.037376,0
21.469105,2.269418,0
21.470993,1.888928,0
21.473276,2.282786,0
21.475043,1.767140,0
21.476839,1.795353,0
21.479096,2.257778,0
21.480767,1.670326,0
21.482889,2.122082,0
21.484821,1.931975,0
21.486809,1.988490,0
21.488940,2.130769,0
21.490806,1.866084,0
21.493306,2.500079,0
21.494822,1.515278,0
21.496814,1.992635,0
21.498645,1.830691,0
21.500959,2.314315,0
21.502985,2.025323,0
21.504982,1.997426,0
21.506774,1.792041,0
21.508830,2.056235,0
21.511264,2.434236,0
21.513060,1.795304,0
21.514858,1.797911,0
21.516618,1.760528,0
21.518956,2.337383,0
21.520715,1.759332,0
21.523305,2.589973,0
21.524869,1.564430,0
21.526836,1.966818,0
21.529098,2.261899,0
21.530913,1.814679,0
21.533180,2.267002,0
21.534762,1.582743,0
21.536820,2.057680,0
21.539151,2.330990,0
21.541143,1.992013,0
21.542893,1.749485,0
21.544769,1.876005,0
21.546745,1.976837,0
21.548882,2.136935,0
21.550765,1.882447,0
21.553104,2.339389,0
21.554809,1.704700,0
21.556678,1.868854,0
21.559144,2.466445,0
21.561318,2.173300,0
21.563248,1.930369,0
21.564782,1.534035,0
21.566753,1.970996,0
21.568703,1.950110,0
21.570790,2.086520,0
21.573149,2.359863,0
21.574953,1.803672,0
21.576828,1.875317,0
21.578698,1.869878,0
21.580910,2.211515,0
21.583021,2.111410,0
21.584956,1.934679,0
21.586777,1.820621,0
21.588795,2.018620,0
21.590761,1.965648,0
21.593179,2.418369,0
21.594877,1.698213,0
21.596816,1.938843,0
21.599165,2.348523,0
21.600892,1.727298,0
21.603243,2.350619,0
21.604725,1.482587,0
21.606839,2.113517,0
21.608910,2.070785,0
21.610946,2.036484,0
21.612970,2.023988,0
21.614994,2.024438,0
21.616773,1.778462,0
21.619008,2.235059,0
21.620739,1.731000,0
21.623113,2.374449,0
21.624697,1.583091,0
21.626647,1.950561,0
21.628943,2.295930,0
21.631045,2.101988,0
21.633205,2.159820,0
21.634926,1.720672,0
21.636833,1.907684,0
21.638684,1.850365,0
21.641212,2.527994,0
21.643435,2.223842,0
21.644966,1.530141,0
21.646798,1.832710,0
21.648703,1.904471,0
21.650765,2.062578,0
21.653138,2.373090,0
21.654930,1.792034,0
21.656613,1.682611,0
21.658803,2.189632,0
21.660830,2.027644,0
21.663082,2.252050,0
21.664912,1.830002,0
21.666899,1.986700,0
21.668825,1.925847,0
21.670802,1.976607,0
21.673126,2.324060,0
21.674617,1.491601,0
21.676774,2.156419,0
21.678719,1.945438,0
21.680673,1.953627,0
21.683018,2.345323,0
21.684819,1.801021,0
21.686791,1.972306,0
21.688887,2.095403,0
21.690799,1.912031,0
21.692668,1.868835,0
21.694947,2.279523,0
21.696830,1.882577,0
21.698932,2.102090,0
21.701095,2.162913,0
21.703250,2.154841,0
21.704862,1.612648,0
21.706815,1.952627,0
21.709042,2.227650,0
21.710927,1.884889,0
21.713175,2.248103,0
21.714802,1.627062,0
21.716809,2.006677,0
21.718866,2.056619,0
21.720971,2.105447,0
21.722966,1.994592,0
21.724917,1.951218,0
21.726747,1.830346,0
21.728646,1.898687,0
21.730840,2.193992,0
21.732985,2.144985,0
21.734874,1.888467,0
21.736840,1.966618,0
21.738759,1.919301,0
21.740883,2.123406,0
21.743039,2.156509,0
21.744804,1.764597,0
21.746684,1.880174,0
21.748747,2.063334,0
21.750729,1.981250,0
21.752998,2.269572,0
21.754945,1.946833,0
21.756836,1.891324,0
21.759096,2.259573,0
21.761029,1.933240,0
21.763077,2.047797,0
21.764660,1.582502,0
21.766828,2.168597,0
21.768778,1.949520,0
21.770754,1.975857,0
21.773130,2.376333,0
21.774957,1.827049,0
21.776869,1.912542,0
21.778938,2.068149,0
21.781071,2.133131,0
21.782970,1.899749,0
21.784889,1.918845,0
21.786837,1.947774,0
21.788997,2.159545,0
21.790739,1.742065,0
21.793138,2.398975,0
21.794831,1.692882,0
21.796776,1.945621,0
21.799209,2.433038,0
21.800888,1.678790,0
21.803405,2.517353,0
21.805016,1.610680,0
21.806782,1.765527,0
21.808793,2.011003,0
21.811157,2.364625,0
21.813124,1.966404,0
21.814847,1.723805,0
21.816830,1.982194,0
21.818754,1.924127,0
21.820993,2.239047,0
21.823189,2.196020,0
21.825018,1.828875,0
21.826806,1.787829,0
21.828910,2.104577,0
21.830678,1.768055,0
21.833023,2.344916,0
21.834824,1.800907,0
21.836623,1.798547,0
21.838837,2.214762,0
21.841082,2.244869,0
21.843098,2.015813,0
21.844938,1.840461,0
21.846803,1.864324,0
21.848701,1.898584,0
21.850829,2.127665,0
21.853229,2.400339,0
21.854619,1.389451,0
21.856781,2.161949,0
21.859159,2.378310,0
21.861228,2.068951,0
21.863327,2.098898,0
21.865145,1.818158,0
21.866835,1.689674,0
21.868971,2.135873,0
21.870680,1.709861,0
21.872628,1.947430,0
21.874631,2.003282,0
21.876626,1.995259,0
21.879237,2.611027,0
21.881096,1.858166,0
21.883284,2.188343,0
21.885004,1.720244,0
21.886836,1.831830,0
21.889019,2.183429,0
21.891015,1.995150,0
21.893277,2.262548,0
21.895039,1.761348,0
21.896843,1.804615,0
21.898786,1.942531,0
21.900794,2.008832,0
21.903178,2.383261,0
21.904940,1.761989,0
21.906841,1.901552,0
21.908800,1.958763,0
21.911401,2.600623,0
21.913254,1.853468,0
21.915075,1.820873,0
21.916829,1.753526,0
21.918902,2.073485,0
21.921036,2.134048,0
21.923299,2.262952,0
21.925016,1.716905,0
21.926709,1.692794,0
21.928909,2.200166,0
21.930795,1.886155,0
21.932829,2.034188,0
21.934760,1.930716,0
21.936839,2.078957,0
21.939157,2.317982,0
21.941415,2.257725,0
21.943705,2.290348,0
21.945213,1.507911,0
21.947044,1.830679,0
21.949370,2.326087,0
21.950749,1.379701,0
21.952986,2.236550,0
21.954730,1.743972,0
21.956780,2.049833,0
21.958661,1.880811,0
21.961386,2.725474,0
21.963154,1.768010,0
21.964904,1.749879,0
21.966835,1.931008,0
21.969178,2.342839,0
21.970936,1.757796,0
21.973287,2.351575,0
21.975069,1.781575,0
21.976838,1.769172,0
21.978984,2.146009,0
21.981008,2.023894,0
21.982811,1.803042,0
21.984731,1.920553,0
21.986822,2.090476,0
21.989044,2.222252,0
21.990835,1.790842,0
21.993069,2.233796,0
21.994983,1.914499,0
21.996802,1.818876,0
21.999053,2.251012,0
22.000858,1.804787,0
22.002874,2.016422,0
22.004971,2.096503,0
22.006832,1.861429,0
22.009050,2.217771,0
22.010956,1.906428,0
22.012755,1.798606,0
22.015004,2.248573,0
22.016817,1.813824,0
22.018888,2.070102,0
22.020771,1.883475,0
22.022813,2.041604,0
22.025000,2.187131,0
22.026733,1.732930,0
22.028599,1.866422,0
22.030742,2.142747,0
22.032885,2.143443,0
22.034752,1.866740,0
22.036559,1.806979,0
22.038654,2.094982,0
22.040635,1.981204,0
22.042644,2.008819,0
22.044615,1.970937,0
22.046539,1.923770,0
22.048614,2.074895,0
22.050634,2.020591,0
22.052749,2.114824,0
22.054742,1.992479,0
22.056669,1.927630,0
22.059089,2.420145,0
22.061127,2.037870,0
22.063323,2.195828,0
22.065070,1.746530,0
22.066864,1.794553,0
22.069013,2.148595,0
22.071125,2.112385,0
22.073283,2.157805,0
22.075196,1.913099,0
22.077003,1.806665,0
22.079143,2.139908,0
22.081164,2.021409,0
22.083158,1.994474,0
22.085003,1.844180,0
22.086916,1.913016,0
22.089250,2.334087,0
22.091147,1.897613,0
22.093045,1.898199,0
22.095033,1.987104,0
22.096778,1.745737,0
22.099262,2.483835,0
22.100844,1.582144,0
22.103450,2.606161,0
22.104993,1.542621,0
22.106941,1.947836,0
22.109029,2.087859,0
22.111124,2.095385,0
22.113043,1.919191,0
22.114954,1.910713,0
22.116805,1.850767,0
22.119031,2.226460,0
22.121096,2.065100,0
22.123048,1.951515,0
22.124850,1.802215,0
22.126824,1.974347,0
22.128980,2.155133,0
22.130930,1.950404,0
22.133513,2.582613,0
22.134954,1.441603,0
22.136958,2.003980,0
22.138968,2.009414,0
22.141090,2.122375,0
22.143247,2.157070,0
22.145053,1.806369,0
22.146810,1.756254,0
22.148877,2.066953,0
22.150936,2.059229,0
22.153440,2.504048,0
22.155027,1.586703,0
22.157040,2.013130,0
22.158967,1.927573,0
22.161339,2.371395,0
22.163250,1.911375,0
22.165011,1.761298,0
22.166899,1.887460,0
22.168979,2.079879,0
22.171229,2.250723,0
22.172841,1.611934,0
22.174773,1.931712,0
22.176818,2.044398,0
22.178950,2.132531,0
22.180883,1.933327,0
22.183080,2.196562,0
22.184978,1.898068,0
22.186987,2.009315,0
22.189220,2.232346,0
22.191069,1.849706,0
22.193456,2.386629,0
22.194791,1.334632,0
22.197009,2.218335,0
22.199052,2.043413,0
22.201094,2.041995,0
22.203224,2.129601,0
22.205032,1.808437,0
22.207074,2.041447,0
22.209279,2.205020,0
22.211267,1.988608,0
22.213294,2.026664,0
22.215032,1.737917,0
22.217002,1.970156,0
22.219077,2.074864,0
22.221111,2.033669,0
22.223388,2.277714,0
22.224814,1.425059,0
22.226865,2.051638,0
22.228995,2.130155,0
22.230815,1.819316,0
22.233047,2.232164,0
22.234838,1.790762,0
22.236859,2.021306,0
22.238899,2.040108,0
22.240802,1.903461,0
22.242862,2.059221,0
22.244824,1.962491,0
22.246923,2.098817,0
22.248910,1.987414,0
22.250992,2.081991,0
22.253351,2.358288,0
22.254884,1.533056,0
22.256995,2.110922,0
22.258876,1.881086,0
22.261145,2.269604,0
22.263236,2.090809,0
22.265168,1.932076,0
22.266988,1.820132,0
22.269165,2.177118,0
22.271099,1.933990,0
22.273500,2.400801,0
22.275207,1.706777,0
22.276976,1.769302,0
22.278965,1.988246,0
22.280959,1.994359,0
22.283361,2.401686,0
22.285148,1.787757,0
22.286975,1.826195,0
22.289169,2.194678,0
22.291081,1.911566,0
22.293377,2.295730,0
22.295187,1.810398,0
22.297043,1.855833,0
22.299288,2.244849,0
22.301184,1.896709,0
22.303247,2.062691,0
22.305079,1.831529,0
22.307010,1.931086,0
22.309040,2.030533,0
22.311170,2.129943,0
22.312984,1.813469,0
22.315089,2.105180,0
22.317002,1.913268,0
22.319006,2.003662,0
22.321082,2.076775,0
22.323219,2.136506,0
22.325020,1.800948,0
22.326953,1.932585,0
22.329165,2.212684,0
22.330903,1.738258,0
22.333262,2.358688,0
22.334915,1.652577,0
22.337035,2.120620,0
22.338966,1.930338,0
22.341006,2.040113,0
22.343187,2.180731,0
22.344899,1.712300,0
22.346809,1.909887,0
22.348823,2.014061,0
22.350885,2.061961,0
22.353208,2.323198,0
22.354883,1.675105,0
22.357007,2.123730,0
22.359117,2.110416,0
22.361470,2.353044,0
22.363456,1.986148,0
22.365046,1.589837,0
22.366864,1.818098,0
22.368803,1.938450,0
22.371134,2.331470,0
22.373147,2.012658,0
22.374977,1.830045,0
22.377169,2.191775,0
22.379780,2.610911,0
22.381715,1.935568,0
22.385968,4.253009,1
22.386273,0.304490,0
22.386808,0.535494,0
22.388814,2.006111,0
22.390803,1.988301,0
22.392797,1.994356,0
22.394871,2.074135,0
22.396849,1.978372,0
22.399205,2.355552,0
22.401058,1.852755,0
22.403328,2.270536,0
22.405064,1.736189,0
22.406890,1.825429,0
22.409191,2.300966,0
22.411191,2.000557,0
22.413452,2.260765,0
22.415237,1.785119,0
22.417032,1.794476,0
22.418791,1.759233,0
22.421180,2.388652,0
22.423006,1.826590,0
22.425080,2.073481,0
22.426802,1.721975,0
22.429214,2.412548,0
22.431160,1.945876,0
22.433229,2.068973,0
22.435153,1.923622,0
22.436998,1.845754,0
22.439003,2.004749,0
22.441075,2.071885,0
22.443380,2.304501,0
22.445242,1.861960,0
22.446772,1.530339,0
22.449450,2.677920,0
22.451374,1.923762,0
22.453696,2.322037,0
22.454965,1.268895,0
22.456923,1.958025,0
22.459231,2.308021,0
22.461034,1.803704,0
22.463298,2.263908,0
22.464792,1.493471,0
22.466904,2.112194,0
22.469030,2.125947,0
22.470952,1.922382,0
22.473422,2.469730,0
22.475058,1.636210,0
22.477067,2.008449,0
22.479148,2.081332,0
22.481030,1.882113,0
22.483026,1.995531,0
22.485002,1.976325,0
22.486962,1.959799,0
22.489001,2.039560,0
22.491173,2.172092,0
22.493306,2.132743,0
22.494917,1.611377,0
22.496904,1.987017,0
22.499111,2.206645,0
22.501112,2.001193,0
22.503281,2.169102,0
22.505160,1.878171,0
22.506940,1.780762,0
22.509265,2.325121,0
22.510842,1.576815,0
22.512735,1.892602,0
22.514798,2.063476,0
22.517065,2.266998,0
22.518926,1.860892,0
22.521137,2.211126,0
22.522849,1.711140,0
22.524869,2.020687,0
22.526759,1.890183,0
22.528802,2.042547,0
22.530887,2.084976,0
22.533103,2.215742,0
22.534840,1.737639,0
22.536807,1.966563,0
22.539018,2.211546,0
22.540889,1.870951,0
22.543013,2.123895,0
22.544846,1.832378,0
22.546768,1.921875,0
22.549002,2.234383,0
22.551016,2.014499,0
22.553385,2.368636,0
22.555110,1.724724,0
22.556971,1.860780,0
22.558895,1.924680,0
22.560967,2.071972,0
22.563352,2.384514,0
22.565052,1.700747,0
22.566801,1.748812,0
22.568815,2.013493,0
22.570893,2.077929,0
22.573058,2.165678,0
22.575159,2.100715,0
22.577003,1.844138,0
22.579218,2.214850,0
22.581076,1.858417,0
22.583381,2.304992,0
22.585131,1.749389,0
22.586764,1.633605,0
22.588960,2.195640,0
22.591002,2.041794,0
22.593438,2.436403,0
22.595183,1.744214,0
22.596976,1.793902,0
22.599269,2.292564,0
22.601115,1.845675,0
22.603136,2.021734,0
22.604893,1.756137,0
22.606890,1.997757,0
22.609105,2.214492,0
22.611249,2.144400,0
22.613207,1.957371,0
22.614779,1.572397,0
22.616941,2.162421,0
22.619029,2.087427,0
22.620975,1.946469,0
22.623296,2.320640,0
22.624959,1.662785,0
22.626955,1.996807,0
22.629027,2.071512,0
22.630993,1.966092,0
22.633219,2.226090,0
22.635044,1.824470,0
22.636900,1.856446,0
22.639062,2.161856,0
22.640923,1.861522,0
22.643137,2.213895,0
22.644952,1.814423,0
22.646975,2.022826,0
22.649134,2.159850,0
22.651125,1.990856,0
22.653307,2.182095,0
22.655041,1.733422,0
22.656893,1.851678,0
22.658851,1.958677,0
22.661159,2.308043,0
22.663287,2.127544,0
22.665079,1.792099,0
22.666953,1.874348,0
22.669000,2.046492,0
22.671198,2.198734,0
22.673572,2.373737,0
22.675280,1.707411,0
22.677045,1.764981,0
22.679318,2.273575,0
22.680869,1.551174,0
22.683893,3.024081,1
22.684901,1.007856,0
22.686752,1.850796,0
22.688969,2.217284,0
22.691160,2.191072,0
22.693181,2.020085,0
22.695203,2.022831,0
22.696992,1.789080,0
22.699035,2.042567,0
22.701022,1.986932,0
22.703220,2.197750,0
22.705071,1.851819,0
22.706923,1.851654,0
22.708989,2.066322,0
22.711112,2.122382,0
22.713182,2.070192,0
22.714896,1.714021,0
22.717034,2.137619,0
22.719166,2.132150,0
22.721037,1.871236,0
22.723470,2.433224,0
22.724808,1.338000,0
22.727036,2.227642,0
22.729084,2.047921,0
22.730876,1.792494,0
22.733327,2.450700,0
22.734858,1.530944,0
22.736860,2.002302,0
22.739055,2.194517,0
22.740834,1.778920,0
22.743129,2.295496,0
22.744758,1.628534,0
22.746696,1.938518,0
22.748746,2.049771,0
22.750866,2.119926,0
22.753017,2.151364,0
22.754942,1.924943,0
22.756939,1.996249,0
22.759031,2.092032,0
22.760906,1.875804,0
22.763272,2.365633,0
22.765064,1.792271,0
22.766942,1.877512,0
22.768916,1.973860,0
22.770895,1.979131,0
22.772907,2.012517,0
22.774822,1.914333,0
22.776892,2.070032,0
22.778806,1.914306,0
22.781107,2.301085,0
22.783164,2.057400,0
22.785058,1.893757,0
22.786907,1.848427,0
22.789184,2.277501,0
22.791288,2.103592,0
22.793282,1.994219,0
22.795022,1.739667,0
22.796824,1.802583,0
22.799164,2.340178,0
22.801074,1.910041,0
22.803620,2.545775,0
22.805284,1.663600,0
22.807036,1.752106,0
22.809188,2.152535,0
22.811335,2.147065,0
22.812917,1.581815,0
22.814810,1.892690,0
22.816911,2.101304,0
22.819113,2.201752,0
22.820906,1.792599,0
22.823559,2.653808,0
22.825121,1.561072,0
22.827018,1.897817,0
22.829155,2.136339,0
22.831013,1.858813,0
22.832798,1.784812,0
22.835076,2.277297,0
22.836805,1.729518,0
22.838881,2.075889,0
22.840996,2.115141,0
22.843199,2.202625,0
22.845072,1.873691,0
22.847028,1.955482,0
22.849362,2.334248,0
22.851027,1.664902,0
22.853129,2.101520,0
22.855249,2.120099,0
22.856924,1.675769,0
22.859013,2.088128,0
22.861336,2.323026,0
22.863836,2.500547,0
22.865089,1.253176,0
22.867014,1.924699,0
22.869192,2.177819,0
22.871228,2.036092,0
22.873135,1.906969,0
22.874876,1.741433,0
22.877023,2.146845,0
22.878808,1.784711,0
22.880875,2.066673,0
22.883441,2.566878,0
22.885159,1.717815,0
22.886959,1.799239,0
22.888982,2.023108,0
22.891252,2.269996,0
22.893334,2.081880,0
22.894889,1.555215,0
22.897022,2.133148,0
22.899096,2.074158,0
22.901038,1.941481,0
22.903098,2.059991,0
22.905084,1.986255,0
22.906991,1.907256,0
22.909378,2.386942,0
22.911348,1.970007,0
22.913650,2.302488,0
22.915162,1.511354,0
22.916923,1.760904,0
22.919014,2.091386,0
22.921148,2.134041,0
22.923272,2.123406,0
22.924932,1.660188,0
22.927009,2.077114,0
22.929015,2.006406,0
22.931193,2.177387,0
22.933266,2.073041,0
22.935191,1.924835,0
22.937064,1.873840,0
22.939161,2.096406,0
22.941156,1.995608,0
22.943488,2.331159,0
22.944913,1.425837,0
22.947043,2.129397,0
22.949010,1.967335,0
22.951082,2.072220,0
22.953195,2.112441,0
22.955102,1.907702,0
22.956941,1.838141,0
22.958989,2.048288,0
22.961129,2.139697,0
22.963108,1.979381,0
22.964841,1.732987,0
22.966938,2.096851,0
22.968930,1.992131,0
22.971037,2.107270,0
22.973027,1.989620,0
22.975149,2.122329,0
22.977035,1.886325,0
22.979193,2.157031,0
22.981100,1.907618,0
22.983162,2.061675,0
22.984878,1.716042,0
22.986870,1.991962,0
22.989163,2.293524,0
22.991005,1.841419,0
22.993297,2.292420,0
22.994876,1.578652,0
22.996977,2.101351,0
22.999205,2.227317,0
23.001182,1.977052,0
23.003332,2.150899,0
23.005008,1.675558,0
23.006981,1.973182,0
23.008873,1.892251,0
23.011228,2.354075,0
23.013277,2.049795,0
23.014941,1.663728,0
23.016922,1.980881,0
23.019050,2.127897,0
23.021177,2.127645,0
23.023794,2.616502,0
23.025036,1.241607,0
23.026878,1.842610,0
23.028899,2.021234,0
23.031024,2.124580,0
23.033257,2.232534,0
23.034977,1.720747,0
23.036912,1.934690,0
23.039110,2.198501,0
23.040804,1.693731,0
23.043341,2.536395,0
23.044804,1.463448,0
23.046778,1.974003,0
23.048993,2.214827,0
23.051078,2.084649,0
23.053276,2.198254,0
23.055151,1.875688,0
23.056898,1.746793,0
23.059069,2.170649,0
23.061273,2.203695,0
23.063383,2.110891,0
23.064913,1.529690,0
23.066984,2.071263,0
23.068903,1.918619,0
23.071114,2.211187,0
23.073267,2.152607,0
23.074822,1.554989,0
23.077031,2.209168,0
23.078734,1.703361,0
23.080733,1.998719,0
23.082868,2.134844,0
23.085117,2.249406,0
23.086842,1.725121,0
23.088923,2.080325,0
23.091160,2.237163,0
23.093461,2.301307,0
23.095284,1.822730,0
23.097033,1.749338,0
23.099267,2.233768,0
23.101207,1.939931,0
23.103173,1.966166,0
23.105004,1.830512,0
23.106896,1.892047,0
23.109237,2.341425,0
23.111192,1.955256,0
23.113249,2.056308,0
23.114997,1.748130,0
23.117036,2.039035,0
23.119018,1.982544,0
23.121002,1.983698,0
23.123436,2.433497,0
23.125045,1.609449,0
23.126930,1.884782,0
23.129093,2.163403,0
23.130868,1.775160,0
23.133403,2.534364,0
23.135017,1.614397,0
23.136846,1.829241,0
23.138937,2.090780,0
23.140883,1.946185,0
23.143246,2.362492,0
23.144975,1.729389,0
23.147000,2.024660,0
23.149077,2.077538,0
23.151116,2.038190,0
23.153436,2.319970,0
23.155271,1.835849,0
23.157040,1.768477,0
23.159031,1.991111,0
23.160988,1.956697,0
23.162842,1.854422,0
23.164802,1.960262,0
23.167000,2.197452,0
23.169076,2.075660,0
23.171063,1.987486,0
23.173242,2.178562,0
23.175029,1.787204,0
23.177012,1.982782,0
23.179043,2.031535,0
23.180728,1.685110,0
23.183203,2.474708,0
23.185194,1.991427,0
23.186907,1.713024,0
23.188821,1.913202,0
23.191000,2.179691,0
23.193156,2.156182,0
23.195077,1.920221,0
23.196977,1.899929,0
23.199000,2.023566,0
23.201265,2.264313,0
23.203458,2.193224,0
23.205059,1.600878,0
23.206853,1.794053,0
23.208818,1.965356,0
23.211315,2.496799,0
23.213392,2.077605,0
23.215194,1.801502,0
23.216979,1.785131,0
23.219206,2.226726,0
23.221035,1.829285,0
23.223372,2.337086,0
23.225125,1.752985,0
23.226985,1.859781,0
23.229111,2.126221,0
23.231403,2.291449,0
23.233158,1.755718,0
23.235026,1.867774,0
23.236921,1.895272,0
23.239418,2.497000,0
23.240791,1.372888,0
23.242966,2.174486,0
23.245031,2.064907,0
23.246950,1.919840,0
23.249146,2.195502,0
23.251657,2.511170,0
23.254181,2.523540,0
23.255923,1.742512,0
23.258806,2.883227,0
23.259875,1.068751,0
23.260916,1.040602,0
23.263002,2.086125,0
23.264785,1.782622,0
23.267000,2.214996,0
23.268894,1.894278,0
23.271357,2.463057,0
23.273598,2.241428,0
23.275158,1.559523,0
23.277037,1.879186,0
23.279245,2.208172,0
23.281225,1.980305,0
23.283385,2.159366,0
23.284926,1.541141,0
23.287029,2.102632,0
23.289055,2.026482,0
23.290980,1.924542,0
23.293406,2.426731,0
23.295180,1.773352,0
23.297057,1.877009,0
23.299169,2.112013,0
23.301241,2.072670,0
23.303505,2.263912,0
23.305291,1.785671,0
23.306949,1.657634,0
23.309084,2.135856,0
23.311303,2.218955,0
23.313290,1.986989,0
23.315128,1.837459,0
23.316820,1.691983,0
23.318916,2.096408,0
23.320893,1.976636,0
23.323420,2.526974,0
23.325141,1.720646,0
23.326790,1.649684,0
23.329015,2.224776,0
23.331760,2.744772,0
23.334016,2.256697,0
23.335963,1.946321,0
23.337390,1.426932,0
23.340284,2.894190,0
23.340805,0.521434,0
23.343338,2.532992,0
23.345084,1.746129,0
23.347032,1.947604,0
23.348878,1.845641,0
23.351207,2.329185,0
23.353225,2.017634,0
23.355212,1.987945,0
23.357087,1.874922,0
23.359172,2.085005,0
23.361149,1.976247,0
23.363185,2.036717,0
23.364933,1.747320,0
23.367007,2.074250,0
23.369146,2.138873,0
23.371254,2.107744,0
23.373486,2.232068,0
23.375055,1.569612,0
23.376980,1.925069,0
23.379030,2.049800,0
23.380890,1.860385,0
23.383095,2.204331,0
23.385045,1.950561,0
23.386973,1.927230,0
23.389112,2.139749,0
23.390979,1.866813,0
23.393148,2.168524,0
23.395019,1.871481,0
23.396933,1.914103,0
23.398799,1.865951,0
23.401200,2.400819,0
23.403237,2.037180,0
23.405210,1.972667,0
23.406796,1.586116,0
23.409087,2.291341,0
23.411010,1.923032,0
23.413533,2.522639,0
23.415214,1.681362,0
23.417030,1.816056,0
23.418970,1.939540,0
23.421259,2.288985,0
23.423372,2.113487,0
23.425120,1.747874,0
23.426976,1.855951,0
23.428935,1.959016,0
23.431229,2.293835,0
23.433280,2.051312,0
23.435093,1.812692,0
23.436736,1.643194,0
23.438941,2.204190,0
23.440902,1.961247,0
23.443638,2.736150,0
23.445285,1.647433,0
23.447021,1.735509,0
23.449288,2.266869,0
23.451293,2.005063,0
23.453114,1.821062,0
23.454961,1.846686,0
23.456842,1.881327,0
23.459127,2.284812,0
23.461128,2.001262,0
23.462960,1.832190,0
23.465439,2.478529,0
23.466818,1.379557,0
23.469262,2.443513,0
23.471239,1.977461,0
23.473558,2.318328,0
23.475348,1.790973,0
23.477253,1.904173,0
23.479338,2.084995,0
23.481015,1.677757,0
23.483200,2.184253,0
23.484988,1.787871,0
23.486929,1.941237,0
23.489033,2.104529,0
23.491108,2.074583,0
23.493195,2.086818,0
23.494970,1.775779,0
23.496911,1.940858,0
23.499096,2.184805,0
23.500913,1.817308,0
23.503363,2.449247,0
23.505025,1.662735,0
23.506905,1.879578,0
23.508978,2.072781,0
23.511385,2.407160,0
23.513009,1.623905,0
23.514819,1.810185,0
23.516797,1.977856,0
23.518736,1.939116,0
23.520774,2.037873,0
23.523040,2.266454,0
23.525384,2.343356,0
23.526970,1.585942,0
23.529262,2.291970,0
23.531306,2.044750,0
23.533359,2.052804,0
23.535126,1.766371,0
23.536897,1.771387,0
23.539286,2.389143,0
23.541056,1.770102,0
23.543181,2.124720,0
23.544978,1.797004,0
23.546895,1.917374,0
23.549003,2.107449,0
23.550922,1.919027,0
23.553026,2.104336,0
23.555087,2.060626,0
23.556873,1.786268,0
23.559221,2.348347,0
23.561205,1.983963,0
23.563036,1.830236,0
23.564972,1.936291,0
23.566776,1.804052,0
23.568851,2.075389,0
23.570896,2.044630,0
23.573109,2.212767,0
23.575192,2.083256,0
23.577022,1.830512,0
23.579081,2.058402,0
23.580920,1.839328,0
23.583219,2.298518,0
23.584735,1.516490,0
23.586821,2.086022,0
23.589246,2.425171,0
23.591218,1.971884,0
23.593316,2.097595,0
23.595247,1.930728,0
23.597014,1.767193,0
23.598946,1.932744,0
23.601047,2.100037,0
23.603381,2.334599,0
23.604796,1.415036,0
23.607011,2.215094,0
23.609113,2.102210,0
23.611399,2.285366,0
23.613564,2.164873,0
23.615183,1.619029,0
23.616986,1.803211,0
23.619023,2.037347,0
23.621052,2.028668,0
23.623629,2.577416,0
23.625239,1.610035,0
23.627066,1.826257,0
23.629564,2.498689,0
23.631119,1.554523,0
23.633242,2.123013,0
23.635132,1.890407,0
23.637004,1.871391,0
23.639129,2.125301,0
23.641433,2.304049,0
23.643245,1.812437,0
23.645252,2.006876,0
23.647012,1.759565,0
23.649334,2.322124,0
23.651242,1.907964,0
23.653332,2.089963,0
23.655192,1.859663,0
23.657029,1.836917,0
23.659318,2.289121,0
23.661215,1.897014,0
23.663412,2.197315,0
23.664912,1.500286,0
23.666972,2.059583,0
23.669316,2.343680,0
23.671247,1.931135,0
23.673381,2.134064,0
23.675252,1.871056,0
23.677041,1.789153,0
23.678811,1.769925,0
23.681267,2.456332,0
23.683187,1.920158,0
23.685239,2.051491,0
23.687046,1.806869,0
23.689308,2.262660,0
23.691241,1.933064,0
23.693388,2.146305,0
23.695018,1.630430,0
23.697014,1.996126,0
23.698929,1.914451,0
23.701071,2.141917,0
23.703392,2.321188,0
23.705235,1.843331,0
23.707030,1.795037,0
23.709317,2.287223,0
23.711049,1.731341,0
23.713334,2.284814,0
23.714822,1.488115,0
23.716775,1.953361,0
23.719346,2.570585,0
23.721102,1.756698,0
23.723335,2.232165,0
23.725189,1.854543,0
23.727033,1.843478,0
23.728940,1.907195,0
23.730733,1.792747,0
23.732998,2.265394,0
23.734718,1.719802,0
23.737299,2.581035,0
23.739235,1.936354,0
23.741119,1.883574,0
23.743520,2.400850,0
23.745148,1.628869,0
23.746984,1.835434,0
23.749098,2.113764,0
23.751003,1.905523,0
23.753247,2.243652,0
23.754890,1.643254,0
23.757030,2.140159,0
23.759245,2.215253,0
23.761444,2.198233,0
23.763393,1.949665,0
23.765060,1.666207,0
23.766774,1.714922,0
23.769014,2.239460,0
23.771167,2.152918,0
23.773325,2.158003,0
23.775027,1.702329,0
23.776797,1.770178,0
23.779153,2.355664,0
23.780797,1.643546,0
23.783153,2.356301,0
23.785010,1.857114,0
23.787017,2.006724,0
23.789309,2.292320,0
23.791100,1.790972,0
23.792948,1.847671,0
23.794907,1.959641,0
23.796803,1.895821,0
23.799388,2.585190,0
23.801256,1.868098,0
23.803246,1.989606,0
23.805139,1.892566,0
23.806975,1.836520,0
23.809109,2.133621,0
23.811222,2.113223,0
23.813202,1.980021,0
23.815145,1.943353,0
23.816926,1.780682,0
23.818940,2.014178,0
23.820908,1.967819,0
23.823350,2.441812,0
23.825149,1.799455,0
23.827055,1.905446,0
23.829188,2.133776,0
23.831111,1.922146,0
23.833389,2.278660,0
23.835240,1.850624,0
23.836903,1.663143,0
23.839292,2.389329,0
23.840921,1.628981,0
23.843378,2.456487,0
23.845157,1.779370,0
23.847027,1.869979,0
23.849208,2.180751,0
23.851228,2.020486,0
23.853475,2.246122,0
23.855259,1.784574,0
23.856899,1.640175,0
23.859125,2.225380,0
23.861337,2.211854,0
23.863223,1.886742,0
23.865151,1.928141,0
23.867025,1.874026,0
23.868893,1.867847,0
23.870906,2.013076,0
23.873725,2.818284,0
23.875311,1.586510,0
23.877027,1.716007,0
23.878978,1.950782,0
23.880990,2.012481,0
23.883432,2.441077,0
23.885214,1.782500,0
23.887013,1.798894,0
23.889185,2.172249,0
23.891017,1.832225,0
23.893354,2.336444,0
23.894921,1.567368,0
23.896682,1.761017,0
23.898600,1.917455,0
23.900905,2.305358,0
23.903049,2.144163,0
23.905188,2.138696,0
23.907004,1.815813,0
23.909205,2.200979,0
23.911334,2.129320,0
23.913396,2.061892,0
23.914799,1.403585,0
23.916954,2.154171,0
23.918853,1.899380,0
23.921234,2.380698,0
23.923325,2.091406,0
23.924847,1.522345,0
23.927005,2.157222,0
23.929229,2.224387,0
23.931031,1.801690,0
23.933189,2.158065,0
23.934800,1.611588,0
23.937000,2.200062,0
23.939044,2.043105,0
23.940868,1.824313,0
23.943187,2.319312,0
23.945071,1.884151,0
23.946972,1.900720,0
23.948960,1.987447,0
23.950916,1.956603,0
23.953210,2.294110,0
23.955066,1.855819,0
23.957025,1.959274,0
23.959193,2.167637,0
23.961413,2.219551,0
23.963332,1.919922,0
23.965204,1.871706,0
23.966831,1.626675,0
23.968902,2.071085,0
23.971188,2.285940,0
23.973372,2.183775,0
23.975186,1.814728,0
23.977022,1.836092,0
23.979330,2.307588,0
23.981202,1.871615,0
23.983152,1.950628,0
23.985149,1.996570,0
23.986776,1.627536,0
23.989144,2.368058,0
23.991269,2.124864,0
23.993501,2.231649,0
23.995198,1.697068,0
23.996838,1.639595,0
23.998934,2.096731,0
24.000802,1.867727,0
24.002752,1.949661,0
24.004754,2.002671,0
24.006764,2.009172,0
24.008766,2.002292,0
24.011079,2.312666,0
24.013332,2.253741,0
24.015243,1.910527,0
24.016874,1.630894,0
24.019000,2.126187,0
24.020885,1.884919,0
24.023261,2.376050,0
24.025082,1.821231,0
24.026950,1.867750,0
24.029231,2.281477,0
24.030769,1.537423,0
24.032766,1.996792,0
24.034919,2.153209,0
24.036843,1.924168,0
24.039072,2.228797,0
24.041178,2.106309,0
24.043390,2.211941,0
24.045108,1.718334,0
24.046879,1.770936,0
24.048830,1.950747,0
24.050846,2.015531,0
24.053176,2.330743,0
24.054885,1.708517,0
24.056802,1.917438,0
24.058869,2.066958,0
24.061018,2.148846,0
24.063189,2.171053,0
24.064959,1.769486,0
24.066943,1.984363,0
24.069101,2.158470,0
24.070823,1.721725,0
24.073100,2.276481,0
24.075010,1.910576,0
24.077039,2.028690,0
24.079285,2.245659,0
24.081065,1.780940,0
24.083482,2.416134,0
24.085275,1.793169,0
24.086962,1.687511,0
24.089160,2.198153,0
24.091021,1.860510,0
24.093344,2.322694,0
24.095054,1.710453,0
24.096973,1.919145,0
24.099277,2.303995,0
24.101111,1.833983,0
24.103218,2.106953,0
24.105148,1.930196,0
24.106974,1.825473,0
24.109136,2.162287,0
24.111270,2.133833,0
24.113147,1.877134,0
24.115053,1.906411,0
24.116981,1.927656,0
24.119140,2.158422,0
24.121197,2.057417,0
24.123188,1.991156,0
24.125099,1.910661,0
24.126983,1.884006,0
24.128995,2.011949,0
24.130790,1.795313,0
24.132946,2.155650,0
24.135078,2.132000,0
24.136950,1.872724,0
24.139378,2.427397,0
24.141112,1.734551,0
24.143448,2.335830,0
24.144975,1.526722,0
24.146750,1.775439,0
24.148672,1.921191,0
24.150892,2.220413,0
24.152827,1.935468,0
24.154920,2.092861,0
24.157064,2.143650,0
24.159138,2.074496,0
24.161194,2.055211,0
24.163405,2.211119,0
24.165105,1.700418,0
24.166909,1.803910,0
24.169229,2.319922,0
24.170918,1.688741,0
24.173402,2.483930,0
24.175006,1.603952,0
24.177075,2.069266,0
24.179016,1.940684,0
24.181078,2.062449,0
24.183129,2.051250,0
24.185076,1.946761,0
24.187024,1.947842,0
24.188904,1.880338,0
24.191015,2.110578,0
24.193363,2.347923,0
24.195217,1.854473,0
24.197007,1.790017,0
24.199247,2.239964,0
24.201254,2.006533,0
24.203369,2.115605,0
24.205119,1.750048,0
24.207059,1.939428,0
24.209111,2.051910,0
24.211051,1.939858,0
24.213089,2.038270,0
24.215132,2.043185,0
24.217037,1.905049,0
24.219142,2.104617,0
24.221131,1.989468,0
24.223201,2.070272,0
24.224835,1.633541,0
24.226782,1.946913,0
24.229138,2.356528,0
24.231176,2.037992,0
24.233140,1.963547,0
24.235100,1.960292,0
24.236961,1.860241,0
24.238783,1.822389,0
24.240785,2.001699,0
24.242839,2.053974,0
24.244910,2.071315,0
24.246732,1.822588,0
24.248771,2.038647,0
24.250798,2.026548,0
24.253137,2.339101,0
24.255113,1.975761,0
24.256782,1.669105,0
24.259374,2.592696,0
24.261342,1.967814,0
24.263443,2.100863,0
24.265231,1.788298,0
24.266957,1.725675,0
24.269201,2.244301,0
24.270941,1.739660,0
24.273214,2.272619,0
24.275023,1.809047,0
24.276890,1.867212,0
24.279244,2.353736,0
24.281015,1.771198,0
24.282827,1.812133,0
24.285150,2.323078,0
24.286759,1.609128,0
24.288782,2.022754,0
24.291214,2.431813,0
24.293416,2.202298,0
24.295041,1.624958,0
24.297001,1.959697,0
24.299244,2.242986,0
24.300948,1.704285,0
24.303460,2.511654,0
24.304866,1.406047,0
24.307024,2.158611,0
24.308848,1.824168,0
24.311282,2.433708,0
24.313414,2.131721,0
24.315078,1.664435,0
24.317033,1.954457,0
24.319358,2.325219,0
24.321192,1.833646,0
24.323365,2.173223,0
24.324996,1.631400,0
24.326918,1.921463,0
24.329018,2.100841,0
24.331278,2.259995,0
24.333403,2.124894,0
24.335277,1.873839,0
24.337037,1.759590,0
24.339114,2.077167,0
24.340979,1.865343,0
24.343150,2.170262,0
24.345097,1.947136,0
24.346772,1.675495,0
24.349134,2.361697,0
24.350890,1.756483,0
24.353009,2.119055,0
24.354975,1.965666,0
24.356903,1.927773,0
24.359198,2.295466,0
24.361294,2.095983,0
24.363157,1.862551,0
24.364728,1.571191,0
24.367006,2.277848,0
24.369172,2.165828,0
24.371055,1.883381,0
24.373405,2.349823,0
24.375295,1.890465,0
24.377023,1.727171,0
24.379230,2.207832,0
24.381215,1.984965,0
24.382972,1.757013,0
24.385086,2.113552,0
24.386996,1.910426,0
24.389259,2.263043,0
24.390852,1.593078,0
24.393071,2.218675,0
24.394882,1.810638,0
24.397004,2.121708,0
24.399160,2.156186,0
24.401172,2.012378,0
24.403509,2.337169,0
24.405117,1.608120,0
24.407034,1.916991,0
24.409120,2.085777,0
24.411269,2.149125,0
24.413516,2.246509,0
24.414966,1.450236,0
24.416896,1.930500,0
24.418960,2.063141,0
24.421040,2.080607,0
24.423246,2.205763,0
24.425103,1.856557,0
24.427012,1.909867,0
24.429028,2.015544,0
24.431209,2.180526,0
24.433375,2.166208,0
24.435011,1.636678,0
24.436779,1.767997,0
24.439232,2.452670,0
24.441049,1.816671,0
24.443321,2.272034,0
24.445213,1.892584,0
24.447030,1.816496,0
24.449258,2.227771,0
24.451168,1.910328,0
24.453536,2.368317,0
24.455026,1.489498,0
24.457012,1.985937,0
24.459103,2.091012,0
24.461509,2.405918,0
24.463130,1.621296,0
24.465184,2.054309,0
24.467007,1.822587,0
24.469097,2.090156,0
24.471188,2.090760,0
24.473162,1.974120,0
24.475118,1.956200,0
24.477036,1.918432,0
24.479237,2.200396,0
24.481001,1.763871,0
24.483172,2.170906,0
24.485071,1.899425,0
24.487017,1.945470,0
24.489154,2.137334,0
24.491001,1.847381,0
24.493283,2.281811,0
24.494941,1.657893,0
24.497002,2.061322,0
24.498892,1.889385,0
24.501305,2.413015,0
24.503443,2.138526,0
24.505230,1.786366,0
24.507044,1.814445,0
24.509323,2.279194,0
24.511325,2.001849,0
24.513373,2.047798,0
24.514987,1.614431,0
24.517042,2.055011,0
24.519241,2.198777,0
24.520880,1.638532,0
24.523310,2.430790,0
24.525211,1.900752,0
24.527044,1.832683,0
24.529156,2.112351,0
24.531228,2.072282,0
24.533487,2.258991,0
24.535217,1.729251,0
24.537032,1.814798,0
24.539284,2.252331,0
24.541252,1.968173,0
24.543210,1.957857,0
24.544900,1.689929,0
24.547005,2.104953,0
24.549274,2.268879,0
24.550886,1.612048,0
24.553121,2.235477,0
24.555003,1.882168,0
24.557031,2.027190,0
24.559003,1.972060,0
24.561412,2.409813,0
24.563240,1.827951,0
24.564893,1.652624,0
24.566774,1.881152,0
24.568803,2.029044,0
24.570808,2.004350,0
24.572680,1.872359,0
24.574696,2.015845,0
24.576759,2.063411,0
24.578971,2.211922,0
24.580930,1.958829,0
24.583347,2.416796,0
24.584917,1.570733,0
24.586995,2.077869,0
24.589133,2.137828,0
24.591068,1.934459,0
24.593409,2.341859,0
24.595173,1.763531,0
24.597035,1.861591,0
24.599244,2.209023,0
24.601236,1.992130,0
24.603441,2.204844,0
24.605257,1.816157,0
24.607016,1.759422,0
24.609042,2.025410,0
24.611341,2.299840,0
24.613096,1.754809,0
24.615012,1.915411,0
24.616998,1.986239,0
24.618943,1.945395,0
24.621148,2.204695,0
24.623416,2.267629,0
24.625003,1.587656,0
24.626778,1.775268,0
24.628899,2.120810,0
24.630942,2.042917,0
24.633131,2.188506,0
24.634808,1.676895,0
24.636685,1.877136,0
24.638774,2.089253,0
24.640804,2.030460,0
24.642877,2.072548,0
24.644824,1.947038,0
24.647003,2.178689,0
24.648815,1.812235,0
24.651057,2.241804,0
24.652843,1.785822,0
24.655131,2.288859,0
24.657032,1.900691,0
24.659202,2.170225,0
24.661328,2.125536,0
24.663216,1.887937,0
24.664959,1.742825,0
24.666899,1.940785,0
24.668870,1.970449,0
24.670852,1.982156,0
24.673364,2.512111,0
24.674932,1.568181,0
24.676770,1.837999,0
24.679558,2.787931,0
24.680882,1.323341,0
24.683543,2.661086,0
24.684837,1.293955,0
24.686945,2.108813,0
24.688917,1.971640,0
24.690907,1.989696,0
24.693359,2.452308,0
24.694969,1.610327,0
24.696957,1.987800,0
24.699300,2.342389,0
24.701030,1.730177,0
24.703390,2.360219,0
24.705109,1.719068,0
24.706909,1.799622,0
24.709077,2.168691,0
24.711101,2.023181,0
24.712828,1.727887,0
24.715299,2.470847,0
24.716963,1.663491,0
24.719364,2.401144,0
24.721260,1.896157,0
24.723467,2.206882,0
24.725254,1.787327,0
24.726979,1.724449,0
24.729095,2.116032,0
24.730797,1.702123,0
24.732977,2.180121,0
24.734930,1.953261,0
24.736797,1.866525,0
24.738948,2.151343,0
24.740865,1.916532,0
24.742910,2.044962,0
24.745164,2.254588,0
24.746921,1.756874,0
24.749412,2.491154,0
24.751260,1.847291,0
24.753782,2.522774,0
24.755608,1.825605,0
24.756896,1.288005,0
24.759051,2.154950,0
24.761113,2.061796,0
24.763126,2.012849,0
24.765007,1.880948,0
24.766919,1.912012,0
24.769296,2.377598,0
24.771231,1.934590,0
24.773581,2.349846,0
24.775324,1.743182,0
24.776970,1.645995,0
24.779145,2.175371,0
24.781187,2.042401,0
24.783151,1.963628,0
24.784991,1.839817,0
24.786912,1.920911,0
24.789001,2.089187,0
24.791169,2.167826,0
24.793336,2.167156,0
24.795223,1.887322,0
24.796974,1.750975,0
24.799258,2.283281,0
24.800891,1.633253,0
24.803236,2.345482,0
24.805120,1.883596,0
24.806959,1.838573,0
24.809200,2.241118,0
24.811149,1.949558,0
24.813345,2.196273,0
24.815083,1.737119,0
24.816897,1.814290,0
24.819012,2.115380,0
24.820950,1.937416,0
24.823802,2.851910,0
24.824911,1.109305,0
24.826968,2.057567,0
24.828869,1.900547,0
24.831092,2.223226,0
24.833284,2.191945,0
24.835163,1.879189,0
24.836826,1.662603,0
24.839115,2.289233,0
24.841329,2.213542,0
24.843477,2.148462,0
24.845105,1.627482,0
24.846986,1.881172,0
24.849099,2.113464,0
24.851014,1.914228,0
24.853105,2.091213,0
24.854988,1.883027,0
24.856946,1.958157,0
24.859115,2.168854,0
24.861091,1.976480,0
24.863315,2.223629,0
24.865107,1.792161,0
24.866912,1.805440,0
24.868944,2.031092,0
24.871133,2.188947,0
24.873306,2.173923,0
24.875201,1.894562,0
24.877001,1.800299,0
24.879058,2.056966,0
24.881025,1.967065,0
24.883168,2.143104,0
24.885075,1.906475,0
24.886974,1.899415,0
24.889254,2.279748,0
24.891039,1.784455,0
24.893517,2.478107,0
24.895280,1.763747,0
24.896969,1.688842,0
24.899177,2.208204,0
24.901116,1.939022,0
24.903317,2.200414,0
24.905176,1.859186,0
24.906982,1.806378,0
24.909072,2.089771,0
24.911393,2.320691,0
24.913470,2.076945,0
24.915204,1.734150,0
24.916974,1.770126,0
24.919132,2.157934,0
24.921138,2.005627,0
24.923288,2.149934,0
24.925080,1.791907,0
24.926983,1.903558,0
24.929209,2.225628,0
24.931048,1.839486,0
24.933079,2.030900,0
24.935100,2.021092,0
24.936977,1.877191,0
24.939020,2.042710,0
24.941201,2.181172,0
24.943563,2.361576,0
24.945246,1.683540,0
24.946773,1.526779,0
24.949107,2.334259,0
24.950895,1.787692,0
24.953182,2.287089,0
24.954871,1.688641,0
24.956780,1.909240,0
24.958813,2.033087,0
24.961250,2.436513,0
24.963273,2.023552,0
24.965094,1.820576,0
24.966915,1.820878,0
24.968832,1.917737,0
24.971014,2.181549,0
24.973410,2.396503,0
24.974959,1.548489,0
24.976910,1.950825,0
24.979337,2.426756,0
24.981048,1.711222,0
24.982863,1.815351,0
24.984781,1.917860,0
24.986713,1.931604,0
24.989100,2.387708,0
24.990971,1.870792,0
24.993516,2.544856,0
24.995223,1.707398,0
24.996946,1.723032,0
24.999384,2.437468,0
25.000741,1.357372,0
25.003359,2.617441,0
25.004848,1.489378,0
25.006996,2.148221,0
25.008927,1.930928,0
25.011403,2.475394,0
25.013511,2.108518,0
25.015081,1.569905,0
25.016746,1.664510,0
25.019321,2.575380,0
25.021145,1.823874,0
25.022931,1.785920,0
25.025048,2.117681,0
25.026939,1.890405,0
25.029047,2.108632,0
25.031072,2.024811,0
25.033422,2.350217,0
25.035157,1.734883,0
25.036993,1.835656,0
25.039145,2.152474,0
25.041304,2.158354,0
25.042896,1.592084,0
25.044882,1.986207,0
25.046899,2.017374,0
25.048842,1.942376,0
25.050847,2.005632,0
25.053315,2.467747,0
25.054737,1.421713,0
25.056773,2.035606,0
25.058979,2.206861,0
25.060974,1.994161,0
25.063509,2.534947,0
25.065077,1.568771,0
25.066975,1.898000,0
25.068967,1.991621,0
25.071100,2.132666,0
25.073166,2.066781,0
25.075056,1.889348,0
25.076997,1.941276,0
25.078748,1.751503,0
25.080973,2.224976,0
25.083257,2.283813,0
25.084929,1.672071,0
25.087064,2.134356,0
25.089198,2.134099,0
25.091104,1.906515,0
25.093272,2.167819,0
25.095037,1.765260,0
25.096906,1.868686,0
25.099082,2.175728,0
25.101057,1.975175,0
25.103339,2.281877,0
25.105310,1.971586,0
25.106974,1.663954,0
25.109229,2.254324,0
25.111430,2.200888,0
25.113419,1.989822,0
25.115117,1.697784,0
25.116778,1.660432,0
25.119197,2.419721,0
25.121184,1.986711,0
25.123015,1.830571,0
25.125089,2.074733,0
25.126971,1.881614,0
25.129063,2.092488,0
25.131113,2.049451,0
25.132925,1.811930,0
25.135074,2.149431,0
25.137045,1.971116,0
25.139086,2.040852,0
25.141113,2.026806,0
25.143132,2.019274,0
25.144838,1.705535,0
25.146794,1.956393,0
25.149053,2.258761,0
25.150941,1.888192,0
25.153151,2.209828,0
25.154769,1.618159,0
25.156743,1.973340,0
25.158947,2.204295,0
25.161079,2.132319,0
25.163134,2.055032,0
25.165185,2.050948,0
25.166902,1.716522,0
25.169028,2.126696,0
25.171060,2.031844,0
25.173350,2.289367,0
25.175041,1.691534,0
25.176779,1.738333,0
25.179122,2.342529,0
25.181173,2.051520,0
25.183321,2.147857,0
25.184738,1.416886,0
25.186976,2.237542,0
25.188937,1.961021,0
25.191072,2.134827,0
25.193058,1.985974,0
25.195329,2.271633,0
25.197079,1.749401,0
25.199337,2.258421,0
25.201203,1.865687,0
25.203549,2.346203,0
25.205211,1.662040,0
25.206970,1.759162,0
25.208999,2.028594,0
25.211264,2.265302,0
25.213079,1.814681,0
25.215142,2.063568,0
25.216781,1.639051,0
25.219047,2.265955,0
25.221017,1.969311,0
25.223113,2.096026,0
25.225143,2.030475,0
25.226972,1.828425,0
25.228740,1.768344,0
25.230751,2.011426,0
25.232850,2.098442,0
25.234828,1.978695,0
25.236808,1.979675,0
25.238877,2.068796,0
25.240907,2.030000,0
25.242967,2.060223,0
25.244976,2.009131,0
25.246987,2.011055,0
25.249059,2.071903,0
25.250865,1.805603,0
25.253174,2.309336,0
25.254921,1.747342,0
25.256976,2.054972,0
25.259306,2.329923,0
25.261306,1.999291,0
25.263495,2.189771,0
25.265385,1.889134,0
25.266977,1.592676,0
25.269090,2.112811,0
25.271096,2.006429,0
25.272905,1.808747,0
25.275078,2.173220,0
25.276991,1.912117,0
25.279267,2.276366,0
25.280944,1.676849,0
25.283488,2.544313,0
25.285251,1.762804,0
25.286980,1.728872,0
25.289161,2.181455,0
25.291042,1.881073,0
25.293293,2.250348,0
25.295044,1.750972,0
25.296998,1.954775,0
25.298990,1.991406,0
25.301336,2.345852,0
25.303433,2.096917,0
25.305392,1.959450,0
25.306974,1.581856,0
25.309076,2.102092,0
25.311167,2.091358,0
25.313197,2.029605,0
25.315143,1.946324,0
25.316972,1.828760,0
25.319130,2.158149,0
25.321186,2.056050,0
25.323460,2.274052,0
25.325253,1.793216,0
25.326975,1.721952,0
25.329107,2.131340,0
25.331127,2.020539,0
25.333067,1.939245,0
25.335172,2.105539,0
25.336977,1.804988,0
25.339178,2.200872,0
25.341258,2.080414,0
25.343346,2.087168,0
25.345130,1.784036,0
25.346970,1.840794,0
25.349002,2.031363,0
25.350771,1.769264,0
25.353033,2.262309,0
25.354817,1.783623,0
25.356962,2.145237,0
25.358880,1.917519,0
25.361076,2.195858,0
25.363290,2.214850,0
25.365210,1.920005,0
25.366752,1.541394,0
25.368826,2.074127,0
25.371087,2.260955,0
25.373269,2.181900,0
25.374967,1.698350,0
25.376919,1.952319,0
25.379146,2.226269,0
25.381149,2.003456,0
25.383094,1.944717,0
25.384854,1.760530,0
25.386965,2.110830,0
25.389290,2.324602,0
25.391249,1.959110,0
25.393274,2.025234,0
25.395115,1.841224,0
25.397027,1.911610,0
25.398927,1.899575,0
25.401081,2.154501,0
25.402745,1.663810,0
25.405025,2.280240,0
25.406834,1.808572,0
25.409205,2.371338,0
25.411145,1.940212,0
25.413170,2.025096,0
25.415317,2.146318,0
25.416892,1.574864,0
25.419181,2.289698,0
25.421077,1.895453,0
25.423169,2.092082,0
25.425207,2.038132,0
25.426926,1.719023,0
25.429093,2.166633,0
25.431240,2.147849,0
25.433293,2.052663,0
25.435023,1.730215,0
25.436981,1.957771,0
25.439201,2.219428,0
25.441124,1.923553,0
25.443361,2.236799,0
25.445244,1.882888,0
25.446982,1.738049,0
25.449088,2.106290,0
25.450953,1.865405,0
25.453261,2.307219,0
25.455033,1.772548,0
25.456944,1.911067,0
25.459187,2.242726,0
25.461485,2.297551,0
25.463550,2.065455,0
25.465268,1.717509,0
25.466994,1.726612,0
25.469154,2.159834,0
25.471093,1.939423,0
25.473253,2.159440,0
25.474756,1.503357,0
25.476962,2.205458,0
25.479094,2.132484,0
25.481247,2.152421,0
25.483866,2.619479,0
25.485135,1.268771,0
25.486980,1.845466,0
25.489360,2.379548,0
25.491209,1.848857,0
25.493243,2.033794,0
25.495134,1.891524,0
25.497045,1.910556,0
25.499208,2.163365,0
25.501332,2.124254,0
25.503579,2.247219,0
25.505283,1.703485,0
25.507028,1.745006,0
25.509322,2.293869,0
25.511395,2.072792,0
25.513392,1.997825,0
25.514933,1.540544,0
25.517029,2.095731,0
25.519264,2.235484,0
25.521136,1.871437,0
25.523238,2.102141,0
25.525185,1.947052,0
25.527030,1.844745,0
25.529060,2.030770,0
25.531177,2.116423,0
25.533513,2.336163,0
25.535074,1.561191,0
25.537061,1.987326,0
25.539372,2.310775,0
25.541135,1.763290,0
25.543123,1.987239,0
25.544962,1.838934,0
25.546670,1.708769,0
25.548736,2.065727,0
25.550793,2.056844,0
25.552673,1.879527,0
25.554681,2.008337,0
25.556676,1.994923,0
25.558646,1.970373,0
25.560887,2.241306,0
25.563254,2.366442,0
25.565467,2.213477,0
25.566784,1.316430,0
25.568734,1.949996,0
25.570967,2.233265,0
25.572823,1.856139,0
25.575073,2.249298,0
25.576973,1.900804,0
25.578941,1.968084,0
25.581135,2.193171,0
25.583471,2.336851,0
25.585090,1.618199,0
25.587049,1.959294,0
25.589438,2.388858,0
25.591192,1.753936,0
25.593343,2.150922,0
25.595244,1.901123,0
25.596775,1.530773,0
25.599254,2.479392,0
25.601194,1.939644,0
25.603338,2.144871,0
25.605176,1.837223,0
25.606977,1.801652,0
25.609139,2.161989,0
25.611328,2.188492,0
25.613186,1.857970,0
25.614747,1.561413,0
25.616919,2.171828,0
25.619093,2.174255,0
25.621063,1.969886,0
25.623287,2.224239,0
25.625044,1.756989,0
25.626972,1.927810,0
25.629318,2.346302,0
25.631191,1.872142,0
25.633642,2.451668,0
25.635425,1.782539,0
25.637055,1.630044,0
25.639174,2.119341,0
25.641346,2.171409,0
25.643200,1.854081,0
25.645175,1.975768,0
25.646972,1.796621,0
25.648812,1.840093,0
25.650993,2.181161,0
25.653515,2.521347,0
25.655190,1.675297,0
25.657013,1.822876,0
25.659144,2.131275,0
25.661353,2.208921,0
25.663200,1.847378,0
25.665104,1.903838,0
25.666967,1.863044,0
25.669198,2.231084,0
25.670999,1.800783,0
25.673182,2.182921,0
25.674782,1.600143,0
25.676940,2.158090,0
25.678811,1.871016,0
25.680836,2.024987,0
25.683581,2.744277,0
25.684879,1.298654,0
25.686970,2.091134,0
25.689050,2.079147,0
25.691049,1.999933,0
25.693428,2.378614,0
25.695091,1.662750,0
25.697039,1.948055,0
25.699233,2.193890,0
25.701321,2.088279,0
25.703459,2.138357,0
25.704747,1.287941,0
25.706784,2.036622,0
25.708907,2.122878,0
25.711064,2.157245,0
25.713238,2.173682,0
25.715171,1.932862,0
25.717010,1.839010,0
25.719145,2.135611,0
25.721086,1.940998,0
25.723523,2.436792,0
25.724904,1.380609,0
25.726772,1.867902,0
25.728828,2.056225,0
25.730839,2.011538,0
25.732946,2.106925,0
25.734848,1.901426,0
25.736768,1.920612,0
25.738693,1.924976,0
25.740870,2.176859,0
25.743202,2.331408,0
25.745168,1.966913,0
25.746842,1.673462,0
25.748915,2.072793,0
25.750820,1.904910,0
25.753321,2.500879,0
25.754696,1.375591,0
25.756715,2.019064,0
25.758685,1.970017,0
25.760707,2.021488,0
25.763064,2.357779,0
25.765212,2.147236,0
25.766831,1.619429,0
25.769119,2.287884,0
25.770920,1.800856,0
25.773399,2.479625,0
25.775068,1.668903,0
25.776777,1.708200,0
25.778902,2.125238,0
25.780920,2.017892,0
25.783168,2.248011,0
25.784984,1.816625,0
25.786920,1.935504,0
25.789325,2.405618,0
25.791227,1.901122,0
25.793440,2.212954,0
25.795172,1.732306,0
25.796856,1.683803,0
25.799269,2.413551,0
25.801192,1.923200,0
25.803390,2.197455,0
25.804954,1.564280,0
25.806803,1.848719,0
25.808892,2.089447,0
25.811061,2.169148,0
25.812742,1.680323,0
25.814772,2.029951,0
25.816860,2.088112,0
25.819005,2.145500,0
25.820986,1.981123,0
25.823327,2.340442,0
25.825062,1.735426,0
25.826835,1.773133,0
25.828963,2.127246,0
25.831059,2.096532,0
25.833279,2.219827,0
25.835017,1.738192,0
25.836901,1.883954,0
25.839013,2.111463,0
25.841157,2.144498,0
25.843380,2.223266,0
25.845160,1.779265,0
25.846839,1.678854,0
25.848916,2.077922,0
25.850846,1.929645,0
25.853219,2.372614,0
25.854716,1.497614,0
25.856815,2.098380,0
25.859034,2.218846,0
25.861279,2.245817,0
25.863611,2.331421,0
25.865091,1.479725,0
25.866837,1.746646,0
25.869139,2.301488,0
25.871031,1.892706,0
25.873380,2.349075,0
25.874734,1.353231,0
25.876838,2.104687,0
25.879158,2.319502,0
25.881175,2.016663,0
25.883389,2.214032,0
25.885224,1.835395,0
25.886817,1.593035,0
25.889112,2.295215,0
25.891108,1.995781,0
25.893182,2.073776,0
25.895049,1.867615,0
25.896691,1.642031,0
25.898970,2.279037,0
25.901073,2.102039,0
25.903209,2.136722,0
25.905088,1.878790,0
25.906964,1.875909,0
25.909171,2.207163,0
25.911166,1.995242,0
25.913215,2.048263,0
25.915078,1.863728,0
25.916844,1.765622,0
25.919086,2.241829,0
25.921026,1.940115,0
25.923211,2.185553,0
25.925122,1.910874,0
25.926843,1.720308,0
25.928945,2.102068,0
25.930908,1.963066,0
25.932662,1.753780,0
25.934872,2.210631,0
25.936843,1.971160,0
25.939142,2.298446,0
25.941165,2.023605,0
25.943117,1.951719,0
25.944911,1.794205,0
25.946817,1.905331,0
25.949063,2.246682,0
25.951127,2.063648,0
25.952918,1.791025,0
25.954878,1.959785,0
25.956673,1.795016,0
25.958619,1.946368,0
25.960648,2.028842,0
25.963098,2.450054,0
25.964724,1.625793,0
25.966836,2.112341,0
25.969182,2.345421,0
25.971091,1.909105,0
25.973306,2.215263,0
25.975215,1.908584,0
25.976829,1.614781,0
25.979081,2.251811,0
25.981072,1.991207,0
25.983148,2.076104,0
25.984931,1.782248,0
25.986790,1.859107,0
25.988984,2.194602,0
25.991155,2.170686,0
25.993032,1.876925,0
25.994742,1.710125,0
25.996809,2.067108,0
25.998922,2.112404,0
26.001070,2.148786,0
26.003065,1.994704,0
26.005087,2.021923,0
26.006656,1.569296,0
26.009000,2.343245,0
26.011173,2.173164,0
26.013415,2.242087,0
26.014671,1.256473,0
26.016637,1.966024,0
26.018710,2.072988,0
26.020666,1.955333,0
26.022679,2.012850,0
26.024673,1.994826,0
26.026713,2.039901,0
26.028987,2.273731,0
26.031067,2.080126,0
26.033215,2.148041,0
26.034852,1.636961,0
26.036844,1.991861,0
26.038668,1.823743,0
26.040759,2.091564,0
26.043236,2.476501,0
26.044969,1.733234,0
26.046826,1.857440,0
26.048650,1.823960,0
26.051080,2.429247,0
26.053414,2.334269,0
26.055134,1.719774,0
26.056846,1.712313,0
26.058965,2.119388,0
26.061164,2.198953,0
26.063265,2.100384,0
26.065221,1.956044,0
26.066714,1.493272,0
26.069089,2.374727,0
26.071105,2.015756,0
26.073235,2.130733,0
26.075086,1.850713,0
26.076840,1.753838,0
26.079061,2.221307,0
26.081086,2.025277,0
26.083019,1.932515,0
26.084755,1.735889,0
26.086769,2.014016,0
26.088861,2.092073,0
26.090782,1.921137,0
26.093139,2.357311,0
26.094842,1.702341,0
26.096845,2.002988,0
26.099067,2.221810,0
26.101279,2.212143,0
26.103452,2.172892,0
26.105084,1.632506,0
26.106893,1.808740,0
26.109356,2.463190,0
26.111116,1.759593,0
26.113159,2.043030,0
26.115005,1.846324,0
26.116837,1.831782,0
26.118712,1.875467,0
26.120953,2.240996,0
26.123148,2.195302,0
26.125062,1.913149,0
26.126836,1.774459,0
26.128793,1.957019,0
26.131120,2.326561,0
26.133274,2.154688,0
26.134845,1.570752,0
26.136709,1.863913,0
26.138854,2.144723,0
26.140866,2.012002,0
26.143173,2.307627,0
26.145095,1.921963,0
26.146814,1.718864,0
26.149001,2.186604,0
26.150900,1.898993,0
26.152983,2.083189,0
26.154711,1.727639,0
26.156801,2.089989,0
26.158777,1.976635,0
26.161020,2.242415,0
26.163162,2.142389,0
26.164986,1.823512,0
26.166835,1.849604,0
26.169156,2.320576,0
26.170654,1.498746,0
26.173037,2.382999,0
26.174836,1.798418,0
26.176835,1.998903,0
26.178639,1.804233,0
26.180959,2.319642,0
26.183413,2.454342,0
26.185140,1.727288,0
26.186841,1.700913,0
26.188991,2.149447,0
26.190985,1.994588,0
26.193076,2.091194,0
26.194891,1.814418,0
26.196781,1.890348,0
26.198945,2.164101,0
26.200965,2.019683,0
26.203149,2.183679,0
26.204865,1.716421,0
26.206838,1.973337,0
26.208925,2.086517,0
26.210963,2.037933,0
26.213343,2.380239,0
26.215063,1.720363,0
26.216994,1.930280,0
26.219011,2.017053,0
26.221295,2.284167,0
26.222740,1.445215,0
26.224654,1.914180,0
26.226800,2.145413,0
26.228737,1.936994,0
26.230662,1.925229,0
26.232768,2.105800,0
26.234845,2.077188,0
26.236873,2.027543,0
26.239031,2.158326,0
26.240944,1.913025,0
26.243012,2.067877,0
26.244697,1.684958,0
26.246661,1.964346,0
26.248678,2.016940,0
26.251013,2.334934,0
26.253119,2.105656,0
26.255131,2.012224,0
26.256873,1.742301,0
26.259086,2.213086,0
26.261210,2.123425,0
26.263213,2.003018,0
26.264946,1.733358,0
26.266770,1.823538,0
26.268773,2.003686,0
26.270752,1.979014,0
26.273141,2.388817,0
26.275062,1.920767,0
26.276843,1.781119,0
26.279093,2.250272,0
26.281057,1.964006,0
26.283142,2.084969,0
26.285067,1.924297,0
26.286904,1.837125,0
26.288900,1.996145,0
26.290913,2.013314,0
26.293105,2.191705,0
26.295034,1.929183,0
26.296922,1.888169,0
26.299153,2.231299,0
26.301229,2.075991,0
26.303233,2.003095,0
26.305104,1.871410,0
26.306888,1.783925,0
26.309011,2.122841,0
26.311325,2.314710,0
26.313347,2.021509,0
26.315078,1.730800,0
26.316926,1.848444,0
26.319048,2.121553,0
26.321040,1.991941,0
26.323073,2.033384,0
26.325080,2.007096,0
26.326969,1.889033,0
26.329233,2.263678,0
26.331345,2.112404,0
26.333488,2.142309,0
26.334861,1.373920,0
26.336772,1.910255,0
26.339209,2.437551,0
26.340994,1.785156,0
26.343332,2.337051,0
26.345096,1.764306,0
26.347009,1.913413,0
26.349089,2.079480,0
26.351220,2.131290,0
26.353138,1.917523,0
26.354947,1.809015,0
26.356884,1.937149,0
26.359078,2.194507,0
26.361263,2.184400,0
26.362943,1.680767,0
26.365182,2.238402,0
26.366915,1.733676,0
26.369187,2.271494,0
26.371121,1.933638,0
26.373564,2.443553,0
26.375095,1.530924,0
26.376773,1.678147,0
26.378796,2.022564,0
26.380734,1.937894,0
26.382733,1.999223,0
26.384788,2.054860,0
26.386685,1.897772,0
26.389282,2.596547,0
26.391022,1.739696,0
26.392817,1.795355,0
26.394751,1.933871,0
26.396874,2.123307,0
26.398992,2.117951,0
26.401058,2.065328,0
26.403105,2.047190,0
26.405218,2.112761,0
26.406761,1.543451,0
26.408729,1.968055,0
26.411047,2.318121,0
26.412745,1.698002,0
26.415001,2.255633,0
26.416979,1.978567,0
26.418909,1.929664,0
26.421007,2.098378,0
26.422917,1.909568,0
26.424930,2.013355,0
26.426980,2.049484,0
26.429197,2.217676,0
26.431105,1.907928,0
26.433541,2.435644,0
26.435156,1.615109,0
26.437031,1.874592,0
26.439324,2.293474,0
26.441768,2.443726,0
26.443304,1.536330,0
26.445182,1.877729,0
26.446975,1.793037,0
26.448783,1.808142,0
26.451076,2.293007,0
26.453132,2.056287,0
26.455058,1.925084,0
26.457090,2.032746,0
26.459260,2.169764,0
26.461268,2.007950,0
26.463452,2.184299,0
26.465150,1.697350,0
26.466964,1.814403,0
26.468937,1.972770,0
26.470807,1.870328,0
26.473084,2.276384,0
26.474988,1.904255,0
26.476906,1.918258,0
26.479132,2.226012,0
26.481072,1.940079,0
26.483094,2.021983,0
26.485072,1.977944,0
26.486642,1.569475,0
26.488961,2.319337,0
26.490758,1.797527,0
26.493138,2.380062,0
26.495023,1.884988,0
26.496847,1.823539,0
26.499102,2.255150,0
26.501053,1.950500,0
26.503091,2.038370,0
26.504679,1.587730,0
26.506817,2.138347,0
26.508928,2.110769,0
26.511168,2.240187,0
26.513167,1.999368,0
26.515061,1.894022,0
26.516842,1.780665,0
26.519024,2.182389,0
26.520888,1.863439,0
26.522976,2.087909,0
26.525113,2.136922,0
26.526831,1.718496,0
26.528872,2.040733,0
26.531052,2.179879,0
26.533113,2.061516,0
26.534843,1.729691,0
26.536813,1.970130,0
26.538900,2.086881,0
26.540870,1.969917,0
26.542741,1.871392,0
26.544789,2.048094,0
26.546742,1.952521,0
26.548695,1.953024,0
26.550590,1.895061,0
26.552667,2.077124,0
26.554664,1.997094,0
26.556810,2.145779,0
26.558755,1.944890,0
26.561110,2.355336,0
26.563049,1.938521,0
26.564848,1.799090,0
26.566756,1.907828,0
26.568837,2.081044,0
26.570829,1.991808,0
26.572737,1.908176,0
26.574651,1.914050,0
26.576634,1.983323,0
26.578891,2.257131,0
26.580866,1.975004,0
26.583008,2.141825,0
26.584875,1.867018,0
26.586843,1.967650,0
26.588971,2.128571,0
26.591007,2.036103,0
26.593225,2.217972,0
26.594906,1.680405,0
26.596851,1.945153,0
26.598992,2.140849,0
26.601110,2.117667,0
26.603110,2.000544,0
26.605039,1.929054,0
26.606659,1.619954,0
26.609112,2.452589,0
26.611575,2.462926,0
26.613538,1.963436,0
26.615083,1.545132,0
26.616887,1.804175,0
26.619078,2.190813,0
26.620793,1.715108,0
26.622628,1.835185,0
26.624619,1.990717,0
26.626618,1.998485,0
26.628970,2.351912,0
26.630866,1.896397,0
26.633347,2.481428,0
26.634931,1.583759,0
26.636780,1.848654,0
26.639184,2.404470,0
26.640984,1.799766,0
26.643019,2.034962,0
26.644909,1.889701,0
26.646838,1.929604,0
26.649148,2.309936,0
26.650893,1.744822,0
26.653028,2.134948,0
26.654912,1.884373,0
26.656823,1.911077,0
26.658786,1.962992,0
26.661125,2.338646,0
26.663219,2.094354,0
26.664920,1.700172,0
26.666839,1.918977,0
26.669128,2.289522,0
26.670628,1.499560,0
26.673289,2.661329,0
26.674998,1.708611,0
26.676775,1.777358,0
26.679033,2.258189,0
26.680832,1.798676,0
26.683033,2.200695,0
26.684889,1.856228,0
26.686842,1.953311,0
26.688865,2.022450,0
26.690923,2.058247,0
26.693175,2.252292,0
26.694824,1.648831,0
26.696833,2.009600,0
26.698799,1.965961,0
26.700984,2.184112,0
26.703039,2.054960,0
26.705005,1.966302,0
26.706808,1.802852,0
26.709299,2.491083,0
26.711115,1.815977,0
26.713110,1.995633,0
26.714856,1.745587,0
26.716914,2.058471,0
26.719032,2.117293,0
26.721056,2.024531,0
26.723237,2.180406,0
26.724719,1.482293,0
26.726820,2.100943,0
26.729116,2.296202,0
26.730771,1.655036,0
26.732957,2.185899,0
26.734872,1.915445,0
26.736831,1.958980,0
26.738734,1.902315,0
26.741067,2.333473,0
26.743352,2.284757,0
26.744963,1.611426,0
26.746814,1.850440,0
26.749096,2.281950,0
26.750843,1.747285,0
26.753270,2.427193,0
26.754810,1.539765,0
26.756708,1.898032,0
26.758726,2.017946,0
26.761405,2.679442,0
26.763459,2.053933,0
26.764993,1.533557,0
26.766834,1.841261,0
26.768955,2.120308,0
26.770923,1.968124,0
26.773264,2.340861,0
26.775029,1.765723,0
26.776834,1.804935,0
26.778824,1.990090,0
26.780863,2.039028,0
26.783103,2.239845,0
26.785039,1.935570,0
26.786737,1.698505,0
26.789050,2.313105,0
26.791059,2.008429,0
26.793029,1.970015,0
26.795073,2.043948,0
26.796853,1.780606,0
26.799042,2.188190,0
26.801163,2.121405,0
26.803168,2.005406,0
26.804763,1.594726,0
26.806818,2.054785,0
26.809036,2.218099,0
26.811161,2.124824,0
26.813250,2.089363,0
26.815016,1.766089,0
26.816847,1.831276,0
26.818720,1.872388,0
26.820891,2.171565,0
26.822952,2.060309,0
26.824726,1.774723,0
26.826663,1.936725,0
26.829084,2.421237,0
26.831041,1.956524,0
26.833304,2.263027,0
26.834846,1.541620,0
26.836819,1.973870,0
26.839084,2.265030,0
26.840904,1.819023,0
26.843264,2.360360,0
26.844754,1.490211,0
26.846822,2.067500,0
26.849118,2.296126,0
26.851105,1.986918,0
26.853163,2.058310,0
26.854883,1.719663,0
26.856814,1.931196,0
26.859116,2.302182,0
26.861199,2.082571,0
26.862960,1.761453,0
26.865060,2.099697,0
26.866911,1.850887,0
26.869156,2.245896,0
26.870930,1.773855,0
26.873057,2.127104,0
26.874946,1.888150,0
26.876814,1.868799,0
26.878929,2.114620,0
26.880685,1.755533,0
26.883201,2.516590,0
26.885047,1.845685,0
26.886877,1.829909,0
26.888823,1.946584,0
26.891031,2.207655,0
26.893227,2.195642,0
26.895037,1.810269,0
26.896848,1.810951,0
26.898952,2.103759,0
26.900879,1.927278,0
26.903193,2.314033,0
26.905082,1.889189,0
26.906841,1.758800,0
26.909200,2.359426,0
26.910906,1.705591,0
26.912871,1.965430,0
26.914936,2.064334,0
26.916652,1.716455,0
26.919103,2.450698,0
26.920872,1.769338,0
26.922634,1.761817,0
26.924714,2.079868,0
26.926714,1.999934,0
26.928714,2.000683,0
26.931054,2.339222,0
26.933304,2.250704,0
26.934979,1.674967,0
26.936831,1.851769,0
26.938780,1.949288,0
26.941022,2.241468,0
26.943042,2.020144,0
26.944984,1.941979,0
26.946836,1.851593,0
26.948771,1.935719,0
26.950631,1.860166,0
26.953056,2.424389,0
26.954735,1.679571,0
26.956722,1.986090,0
26.958859,2.137094,0
26.960966,2.107096,0
26.962933,1.967569,0
26.964845,1.911718,0
26.966840,1.994736,0
26.969169,2.328992,0
26.970869,1.700376,0
26.972770,1.901321,0
26.975164,2.393471,0
26.977750,2.586071,0
26.979210,1.460158,0
26.981438,2.227450,0
26.983683,2.244947,0
26.984767,1.084387,0
26.986740,1.973297,0
26.988790,2.050027,0
26.990765,1.974590,0
26.992850,2.084924,0
26.994635,1.785530,0
26.997694,3.058853,1
26.999108,1.413667,0
27.001112,2.004366,0
27.003290,2.177546,0
27.005031,1.740861,0
27.006836,1.804974,0
27.009152,2.316717,0
27.011225,2.072227,0
27.013228,2.003710,0
27.015107,1.878850,0
27.016705,1.597763,0
27.018756,2.050952,0
27.020925,2.168992,0
27.022866,1.941527,0
27.024762,1.895812,0
27.026713,1.951100,0
27.028751,2.038255,0
27.031138,2.386618,0
27.032927,1.788882,0
27.035072,2.144838,0
27.036820,1.748669,0
27.039141,2.320068,0
27.040899,1.758692,0
27.043182,2.282937,0
27.045068,1.885582,0
27.046739,1.670847,0
27.048874,2.135472,0
27.051092,2.218086,0
27.053279,2.187279,0
27.054939,1.659447,0
27.056817,1.877758,0
27.059053,2.236644,0
27.061004,1.950900,0
27.063185,2.180843,0
27.064760,1.575265,0
27.066837,2.076820,0
27.068961,2.124371,0
27.070810,1.848617,0
27.073289,2.478570,0
27.075097,1.808649,0
27.076835,1.737288,0
27.079065,2.230365,0
27.081024,1.959046,0
27.082971,1.946642,0
27.084956,1.985507,0
27.086838,1.881781,0
27.089145,2.307096,0
27.090991,1.845741,0
27.093200,2.209278,0
27.094977,1.776966,0
27.096976,1.998514,0
27.099246,2.270561,0
27.101020,1.774078,0
27.103023,2.002579,0
27.104954,1.930940,0
27.106839,1.885171,0
27.109111,2.272307,0
27.110977,1.865714,0
27.113140,2.162733,0
27.114846,1.706452,0
27.116826,1.980288,0
27.119082,2.255831,0
27.120754,1.672254,0
27.123182,2.427107,0
27.124926,1.744214,0
27.126813,1.887221,0
27.129119,2.306062,0
27.131170,2.050455,0
27.133215,2.045612,0
27.134791,1.575483,0
27.136718,1.927881,0
27.139091,2.372501,0
27.140979,1.887790,0
27.143290,2.310798,0
27.145070,1.779929,0
27.146849,1.779634,0
27.149017,2.167390,0
27.150984,1.967613,0
27.153073,2.089208,0
27.154953,1.879595,0
27.156587,1.633561,0
27.158630,2.043454,0
27.160650,2.019745,0
27.163043,2.393081,0
27.164682,1.639713,0
27.166701,2.018215,0
27.169063,2.362256,0
27.170991,1.927766,0
27.173402,2.411023,0
27.174927,1.524837,0
27.176832,1.905077,0
27.179082,2.250146,0
27.180906,1.824640,0
27.183174,2.267720,0
27.184966,1.791590,0
27.186942,1.975818,0
27.189156,2.214334,0
27.191085,1.928799,0
27.193182,2.097331,0
27.195074,1.891712,0
27.196834,1.760556,0
27.199141,2.306228,0
27.200941,1.800466,0
27.203130,2.188573,0
27.204854,1.724530,0
27.206816,1.961547,0
27.208762,1.945937,0
27.210972,2.209971,0
27.212958,1.986411,0
27.214950,1.992354,0
27.216709,1.758396,0
27.218864,2.155136,0
27.220891,2.027545,0
27.223172,2.280843,0
27.224951,1.779064,0
27.226842,1.890485,0
27.228771,1.929493,0
27.230931,2.160028,0
27.232926,1.995075,0
27.234827,1.900461,0
27.236854,2.027123,0
27.238714,1.859555,0
27.240788,2.074467,0
27.242955,2.167359,0
27.244914,1.958202,0
27.246859,1.945460,0
27.249018,2.158556,0
27.251137,2.119455,0
27.253176,2.038803,0
27.254863,1.687091,0
27.256804,1.940679,0
27.259022,2.218587,0
27.261253,2.231043,0
27.262886,1.632596,0
27.265024,2.137899,0
27.266821,1.797129,0
27.269067,2.246278,0
27.270815,1.748115,0
27.273125,2.310186,0
27.274621,1.495347,0
27.276812,2.191179,0
27.278805,1.993249,0
27.280857,2.052186,0
27.283081,2.223815,0
27.284975,1.893828,0
27.286837,1.862115,0
27.289009,2.171423,0
27.291215,2.206135,0
27.293406,2.191657,0
27.294719,1.312997,0
27.296771,2.051418,0
27.298696,1.925285,0
27.300850,2.154215,0
27.303243,2.392799,0
27.305294,2.051397,0
27.306835,1.540647,0
27.309177,2.341733,0
27.311191,2.014077,0
27.312848,1.657343,0
27.314979,2.130307,0
27.316839,1.860046,0
27.318992,2.153442,0
27.321091,2.098488,0
27.323033,1.942605,0
27.324837,1.803925,0
27.326790,1.953121,0
27.329076,2.285843,0
27.331129,2.053370,0
27.333266,2.136425,0
27.335040,1.774229,0
27.336838,1.798081,0
27.338934,2.095638,0
27.340726,1.792542,0
27.343173,2.446179,0
27.345003,1.830919,0
27.346837,1.833363,0
27.349087,2.249719,0
27.351048,1.961644,0
27.353178,2.129461,0
27.354723,1.545725,0
27.356821,2.097430,0
27.358902,2.081539,0
27.361196,2.293748,0
27.363390,2.193932,0
27.364960,1.570425,0
27.366833,1.872698,0
27.369026,2.192777,0
27.371076,2.049740,0
27.373348,2.272644,0
27.374909,1.560965,0
27.376816,1.906556,0
27.379044,2.228329,0
27.381067,2.023216,0
27.383217,2.149521,0
27.384991,1.774018,0
27.386829,1.838335,0
27.388794,1.965188,0
27.391048,2.253739,0
27.392942,1.894235,0
27.395164,2.221598,0
27.396625,1.461063,0
27.398666,2.040558,0
27.401085,2.418995,0
27.403143,2.058594,0
27.405029,1.886138,0
27.406823,1.793639,0
27.408868,2.045399,0
27.411182,2.313881,0
27.413241,2.059092,0
27.415088,1.846953,0
27.416783,1.694819,0
27.418924,2.140389,0
27.420912,1.988988,0
27.423469,2.556633,0
27.425303,1.834172,0
27.426913,1.609790,0
27.429161,2.247905,0
27.431362,2.201212,0
27.433134,1.771651,0
27.434719,1.584875,0
27.436816,2.097459,0
27.438824,2.007997,0
27.441057,2.232328,0
27.442998,1.941261,0
27.445108,2.109740,0
27.446782,1.674185,0
27.449066,2.284770,0
27.450720,1.653359,0
27.453541,2.821326,0
27.455046,1.504744,0
27.456781,1.735245,0
27.459037,2.255749,0
27.460997,1.959624,0
27.463723,2.726282,0
27.465002,1.279228,0
27.466729,1.727465,0
27.468668,1.938452,0
27.470902,2.234279,0
27.472967,2.064941,0
27.474762,1.794947,0
27.476820,2.057385,0
27.479089,2.269624,0
27.480939,1.849417,0
27.482955,2.016465,0
27.484979,2.023914,0
27.486691,1.712061,0
27.488831,2.139911,0
27.490752,1.921124,0
27.492964,2.211797,0
27.495056,2.092333,0
27.496833,1.776773,0
27.498840,2.006707,0
27.500678,1.838547,0
27.503386,2.707413,0
27.505032,1.646181,0
27.506896,1.864335,0
27.509295,2.398631,0
27.511211,1.916323,0
27.513226,2.014949,0
27.514861,1.635309,0
27.516832,1.970565,0
27.518751,1.918831,0
27.520987,2.236447,0
27.523064,2.077028,0
27.524938,1.873746,0
27.526832,1.893688,0
27.529152,2.319927,0
27.530967,1.815798,0
27.533095,2.127855,0
27.534713,1.617675,0
27.536809,2.096617,0
27.538904,2.094323,0
27.541045,2.140931,0
27.543107,2.062127,0
27.544834,1.726711,0
27.546816,1.982521,0
27.549143,2.327118,0
27.550841,1.697869,0
27.553193,2.352075,0
27.554753,1.559755,0
27.556653,1.899765,0
27.558754,2.100941,0
27.560966,2.212823,0
27.563417,2.450749,0
27.565067,1.649419,0
27.566916,1.849629,0
27.568802,1.885602,0
27.570702,1.900431,0
27.572904,2.201822,0
27.574696,1.791763,0
27.576813,2.116990,0
27.578887,2.074054,0
27.580915,2.028181,0
27.583177,2.262172,0
27.585005,1.827671,0
27.586724,1.718765,0
27.588832,2.107970,0
27.590730,1.898289,0
27.592801,2.070975,0
27.594644,1.843235,0
27.596599,1.954592,0
27.598645,2.046003,0
27.600583,1.937929,0
27.602609,2.026506,0
27.604745,2.135343,0
27.606870,2.125118,0
27.609109,2.239534,0
27.611137,2.027507,0
27.613069,1.931998,0
27.614868,1.798859,0
27.616782,1.914029,0
27.618849,2.067093,0
27.620902,2.053003,0
27.622951,2.048955,0
27.624632,1.681719,0
27.626584,1.951191,0
27.628709,2.125313,0
27.630746,2.036750,0
27.632857,2.111553,0
27.634977,2.119500,0
27.636688,1.711716,0
27.638923,2.235116,0
27.641032,2.108353,0
27.643149,2.116904,0
27.644873,1.724408,0
27.646788,1.915244,0
27.648609,1.821010,0
27.650861,2.251186,0
27.652640,1.779562,0
27.654772,2.132028,0
27.656865,2.093080,0
27.658967,2.101474,0
27.661124,2.157491,0
27.663227,2.102859,0
27.664978,1.750691,0
27.666774,1.795854,0
27.668970,2.195913,0
27.670805,1.835823,0
27.673045,2.240023,0
27.674895,1.849686,0
27.676791,1.895719,0
27.678785,1.994060,0
27.680902,2.117312,0
27.683080,2.178217,0
27.684861,1.780194,0
27.686777,1.916291,0
27.688831,2.053763,0
27.690740,1.909239,0
27.693097,2.357615,0
27.694867,1.769369,0
27.696916,2.049215,0
27.699059,2.142761,0
27.701037,1.977860,0
27.702957,1.920523,0
27.704817,1.859592,0
27.706777,1.960343,0
27.708660,1.882948,0
27.710926,2.265641,0
27.713160,2.234613,0
27.714898,1.737429,0
27.716834,1.935773,0
27.718977,2.143835,0
27.720819,1.841364,0
27.722995,2.176090,0
27.724972,1.977547,0
27.726728,1.755187,0
27.729070,2.342569,0
27.730805,1.734537,0
27.733021,2.216767,0
27.734912,1.890397,0
27.736785,1.873572,0
27.738969,2.183702,0
27.740889,1.919756,0
27.743019,2.130307,0
27.744953,1.933875,0
27.746940,1.986814,0
27.749042,2.102169,0
27.750921,1.878610,0
27.752803,1.882562,0
27.754907,2.104167,0
27.756821,1.913999,0
27.758718,1.896124,0
27.761045,2.327163,0
27.763085,2.039841,0
27.764969,1.884333,0
27.766965,1.995833,0
27.769014,2.049388,0
27.771160,2.145675,0
27.773571,2.410980,0
27.775056,1.485418,0
27.776903,1.846793,0
27.779152,2.249503,0
27.781275,2.122451,0
27.783422,2.146640,0
27.785056,1.634430,0
27.786917,1.861513,0
27.789262,2.344791,0
27.791129,1.866545,0
27.793357,2.227809,0
27.794796,1.439259,0
27.796869,2.072983,0
27.798822,1.952728,0
27.800954,2.132850,0
27.803295,2.340988,0
27.805181,1.885090,0
27.806980,1.799143,0
27.809198,2.218027,0
27.811538,2.340085,0
27.813633,2.095507,0
27.815089,1.456139,0
27.816829,1.739686,0
27.818944,2.114940,0
27.821153,2.208670,0
27.823134,1.981140,0
27.825088,1.954265,0
27.826741,1.653363,0
27.828903,2.161269,0
27.831135,2.232099,0
27.833190,2.054902,0
27.834968,1.778412,0
27.836987,2.018402,0
27.839128,2.141517,0
27.841034,1.905902,0
27.843292,2.257717,0
27.844944,1.651861,0
27.847040,2.096708,0
27.849154,2.113626,0
27.850977,1.823376,0
27.853215,2.238098,0
27.854981,1.765712,0
27.856763,1.782319,0
27.859035,2.271223,0
27.860792,1.757386,0
27.863475,2.683380,0
27.865004,1.528897,0
27.866763,1.758922,0
27.869100,2.336793,0
27.870760,1.660335,0
27.872784,2.023375,0
27.875230,2.446538,0
27.877021,1.790321,0
27.879072,2.051359,0
27.881045,1.972651,0
27.883460,2.415729,0
27.884928,1.467922,0
27.886961,2.033049,0
27.889076,2.115170,0
27.891088,2.011254,0
27.893316,2.228321,0
27.894870,1.553690,0
27.896922,2.052425,0
27.898928,2.005908,0
27.901058,2.129569,0
27.903205,2.146968,0
27.904875,1.670316,0
27.907006,2.130671,0
27.909077,2.071151,0
27.911445,2.368062,0
27.913470,2.025073,0
27.915088,1.618183,0
27.917001,1.912483,0
27.919072,2.071128,0
27.920810,1.738807,0
27.923248,2.437867,0
27.925219,1.971162,0
27.926975,1.755129,0
27.929084,2.109677,0
27.930891,1.806228,0
27.933099,2.208451,0
27.934958,1.858959,0
27.936806,1.848060,0
27.939196,2.390212,0
27.941139,1.942653,0
27.942939,1.800225,0
27.945082,2.143286,0
27.946874,1.791977,0
27.949313,2.438259,0
27.951225,1.912037,0
27.953447,2.222634,0
27.955114,1.666252,0
27.956967,1.853927,0
27.958842,1.874705,0
27.961142,2.299977,0
27.963011,1.869361,0
27.965190,2.178407,0
27.966911,1.721382,0
27.969169,2.258200,0
27.971006,1.836338,0
27.973312,2.306142,0
27.975130,1.817619,0
27.976843,1.713716,0
27.979159,2.316192,0
27.981005,1.845420,0
27.983207,2.201933,0
27.984678,1.470698,0
27.986795,2.117357,0
27.989058,2.263435,0
27.991107,2.048536,0
27.993310,2.203304,0
27.994896,1.586270,0
27.997052,2.155479,0
27.998814,1.762351,0
28.000977,2.163016,0
28.003096,2.119020,0
28.005180,2.084185,0
28.006974,1.793209,0
28.009057,2.083218,0
28.011289,2.232478,0
28.013051,1.761181,0
28.015189,2.138760,0
28.016786,1.596423,0
28.018773,1.987508,0
28.020873,2.099464,0
28.023324,2.451105,0
28.025046,1.722397,0
28.026950,1.904089,0
28.029071,2.120939,0
28.031000,1.929029,0
28.033347,2.347078,0
28.035087,1.739947,0
28.036680,1.592696,0
28.038742,2.062377,0
28.040857,2.115089,0
28.043108,2.250650,0
28.044860,1.751535,0
28.047020,2.159901,0
28.048817,1.797534,0
28.051138,2.320694,0
28.053186,2.048259,0
28.055061,1.874625,0
28.056775,1.714097,0
28.058888,2.113011,0
28.060937,2.049633,0
28.062816,1.878289,0
28.064832,2.016190,0
28.066976,2.143773,0
28.069042,2.066615,0
28.071132,2.089722,0
28.072965,1.833053,0
28.075125,2.160379,0
28.076922,1.796437,0
28.079057,2.135460,0
28.080735,1.678147,0
28.083152,2.416960,0
28.084941,1.788184,0
28.086683,1.742560,0
28.089096,2.412997,0
28.091071,1.974932,0
28.093409,2.337612,0
28.095166,1.757158,0
28.096985,1.819151,0
28.099171,2.185904,0
28.101138,1.967165,0
28.103239,2.100731,0
28.104678,1.439314,0
28.106978,2.299812,0
28.109113,2.135001,0
28.110948,1.835401,0
28.112825,1.876399,0
28.115094,2.269445,0
28.116994,1.899855,0
28.118967,1.973232,0
28.120984,2.016725,0
28.123102,2.117853,0
28.124972,1.869818,0
28.126830,1.857997,0
28.129064,2.234671,0
28.131023,1.958300,0
28.133284,2.261373,0
28.134950,1.666013,0
28.136919,1.968901,0
28.139089,2.170045,0
28.140777,1.687914,0
28.143120,2.343152,0
28.144941,1.821139,0
28.146968,2.026771,0
28.149378,2.409936,0
28.151084,1.706370,0
28.153527,2.443051,0
28.154881,1.353628,0
28.156991,2.110426,0
28.158961,1.969258,0
28.161016,2.054967,0
28.162939,1.923482,0
28.165033,2.093563,0
28.166776,1.743228,0
28.168808,2.032201,0
28.170834,2.025480,0
28.173253,2.419915,0
28.174996,1.742452,0
28.177008,2.011743,0
28.179136,2.128312,0
28.180933,1.796557,0
28.183182,2.249675,0
28.185071,1.888289,0
28.187008,1.937425,0
28.189154,2.145762,0
28.190972,1.818746,0
28.193138,2.165103,0
28.195122,1.984381,0
28.196998,1.876028,0
28.199350,2.352398,0
28.201094,1.744094,0
28.203266,2.171736,0
28.205147,1.880717,0
28.207000,1.853484,0
28.209149,2.148245,0
28.211127,1.977979,0
28.213454,2.327117,0
28.215167,1.713344,0
28.217007,1.839992,0
28.219266,2.259272,0
28.221163,1.896713,0
28.223371,2.208286,0
28.225171,1.799682,0
28.227006,1.835174,0
28.228754,1.747644,0
28.230974,2.220518,0
28.232754,1.779313,0
28.234886,2.132325,0
28.236782,1.895819,0
28.238875,2.093629,0
28.241282,2.406970,0
28.243762,2.479761,0
28.245091,1.329273,0
28.247000,1.908521,0
28.249466,2.466109,0
28.251045,1.578666,0
28.253233,2.188109,0
28.255026,1.793400,0
28.256921,1.894550,0
28.259119,2.197815,0
28.261527,2.408281,0
28.263336,1.808672,0
28.265331,1.994985,0
28.267092,1.761468,0
28.269315,2.222740,0
28.271016,1.701110,0
28.273540,2.524406,0
28.275346,1.805596,0
28.276982,1.636569,0
28.279177,2.194520,0
28.281026,1.848960,0
28.283309,2.283359,0
28.285207,1.897933,0
28.287027,1.819608,0
28.288756,1.729445,0
28.290904,2.148046,0
28.293523,2.618880,0
28.295274,1.750411,0
28.296992,1.718103,0
28.299180,2.188131,0
28.301169,1.988823,0
28.303365,2.195858,0
28.305131,1.766310,0
28.306772,1.640968,0
28.309193,2.421509,0
28.311253,2.059529,0
28.313377,2.124620,0
28.315313,1.935785,0
28.316891,1.577747,0
28.319161,2.270208,0
28.321193,2.032261,0
28.323187,1.993513,0
28.325200,2.012788,0
28.326997,1.797082,0
28.329160,2.163357,0
28.330963,1.802591,0
28.333148,2.185407,0
28.334931,1.782387,0
28.336763,1.832050,0
28.339193,2.430512,0
28.341073,1.879759,0
28.343203,2.130329,0
28.345115,1.911427,0
28.346967,1.852767,0
28.349361,2.393927,0
28.351259,1.897724,0
28.353208,1.949108,0
28.355158,1.950042,0
28.357002,1.843455,0
28.359001,1.999523,0
28.361033,2.032158,0
28.362888,1.854853,0
28.364913,2.025224,0
28.366769,1.855567,0
28.368812,2.042550,0
28.371126,2.314598,0
28.373172,2.045807,0
28.375064,1.892520,0
28.377006,1.941649,0
28.379279,2.273287,0
28.381106,1.826833,0
28.383057,1.950967,0
28.384662,1.605104,0
28.386971,2.309004,0
28.389260,2.288899,0
28.391000,1.739443,0
28.393439,2.439292,0
28.395195,1.756385,0
28.396850,1.654436,0
28.399129,2.278850,0
28.400981,1.852755,0
28.403141,2.159980,0
28.405179,2.037505,0
28.406966,1.786980,0
28.409271,2.305090,0
28.411155,1.884131,0
28.413009,1.853486,0
28.415121,2.112791,0
28.416781,1.659473,0
28.418741,1.960522,0
28.420740,1.998662,0
28.423150,2.410056,0
28.425275,2.124544,0
28.426994,1.719287,0
28.429292,2.298388,0
28.431039,1.746926,0
28.433126,2.087201,0
28.435041,1.915013,0
28.436774,1.732132,0
28.439060,2.286327,0
28.441154,2.094275,0
28.443362,2.208210,0
28.445017,1.654993,0
28.446924,1.906314,0
28.448742,1.817877,0
28.450734,1.992119,0
28.453225,2.491395,0
28.455069,1.843691,0
28.456759,1.690718,0
28.458867,2.107766,0
28.461392,2.524434,0
28.463294,1.902183,0
28.465176,1.882250,0
28.467067,1.890958,0
28.468974,1.906855,0
28.471339,2.365339,0
28.473285,1.945792,0
28.474952,1.667365,0
28.476976,2.023234,0
28.478873,1.897440,0
28.481204,2.330897,0
28.483150,1.945613,0
28.484695,1.545158,0
28.486770,2.075267,0
28.488846,2.075831,0
28.490725,1.878971,0
28.493058,2.332889,0
28.495219,2.161654,0
28.497020,1.800734,0
28.499271,2.250772,0
28.501003,1.732369,0
28.503520,2.516358,0
28.504961,1.441801,0
28.506978,2.016689,0
28.509239,2.261266,0
28.511096,1.856508,0
28.513232,2.135917,0
28.515093,1.860813,0
28.516978,1.885466,0
28.519212,2.234405,0
28.520989,1.776742,0
28.523073,2.083714,0
28.524984,1.910851,0
28.526991,2.007557,0
28.529219,2.227427,0
28.530886,1.667169,0
28.533085,2.198971,0
28.534953,1.867740,0
28.536977,2.024184,0
28.539216,2.239626,0
28.541066,1.849266,0
28.543500,2.433885,0
28.545121,1.621231,0
28.546748,1.626707,0
28.548868,2.120275,0
28.551173,2.304854,0
28.553383,2.209938,0
28.555114,1.731366,0
28.556758,1.644270,0
28.558680,1.922016,0
28.561498,2.817359,0
28.563221,1.723354,0
28.565003,1.782469,0
28.566956,1.952544,0
28.568698,1.741549,0
28.571074,2.376092,0
28.572723,1.648972,0
28.574850,2.127606,0
28.576895,2.044872,0
28.579058,2.162770,0
28.581273,2.215149,0
28.583422,2.148872,0
28.585187,1.765141,0
28.586980,1.793008,0
28.588885,1.905078,0
28.590747,1.861833,0
28.593164,2.416948,0
28.594865,1.701253,0
28.596788,1.923067,0
28.599255,2.467110,0
28.601102,1.847195,0
28.603231,2.128842,0
28.605111,1.879325,0
28.606947,1.836241,0
28.608822,1.874805,0
28.611354,2.532333,0
28.613329,1.975430,0
28.615091,1.761919,0
28.616899,1.807183,0
28.618956,2.057156,0
28.620837,1.880817,0
28.623340,2.503646,0
28.624876,1.536006,0
28.626957,2.080912,0
28.628949,1.991850,0
28.631105,2.156265,0
28.633068,1.962883,0
28.634936,1.867717,0
28.636968,2.031932,0
28.639023,2.054923,0
28.640936,1.913563,0
28.643419,2.482593,0
28.645070,1.651423,0
28.647064,1.993997,0
28.648979,1.915044,0
28.651203,2.223656,0
28.653501,2.297916,0
28.655165,1.664244,0
28.656979,1.814135,0
28.659085,2.105688,0
28.660989,1.904280,0
28.662978,1.988717,0
28.665051,2.072982,0
28.666968,1.917147,0
28.668845,1.877209,0
28.671096,2.250841,0
28.673253,2.156393,0
28.674876,1.623005,0
28.676921,2.045270,0
28.678999,2.078561,0
28.680827,1.827329,0
28.683161,2.334497,0
28.684893,1.731471,0
28.686762,1.869460,0
28.688787,2.024431,0
28.690915,2.128498,0
28.693087,2.171679,0
28.695045,1.958675,0
28.696997,1.951206,0
28.699089,2.092518,0
28.700804,1.714761,0
28.703034,2.229973,0
28.704817,1.783639,0
28.706743,1.925507,0
28.709017,2.273568,0
28.711280,2.263114,0
28.713489,2.209737,0
28.715069,1.579335,0
28.716979,1.910079,0
28.719062,2.083229,0
28.720972,1.909523,0
28.723285,2.313481,0
28.724997,1.712121,0
28.726855,1.858179,0
28.728872,2.016857,0
28.730776,1.903645,0
28.733006,2.230309,0
28.734865,1.858415,0
28.736794,1.929822,0
28.739082,2.287698,0
28.741269,2.186510,0
28.743387,2.118165,0
28.745077,1.690038,0
28.747037,1.960009,0
28.749420,2.383237,0
28.750891,1.471035,0
28.753192,2.301213,0
28.754870,1.677392,0
28.756984,2.113887,0
28.759021,2.037050,0
28.761385,2.364735,0
28.763312,1.927005,0
28.765034,1.721426,0
28.766831,1.797309,0
28.769011,2.180327,0
28.771585,2.573447,0
28.773365,1.780090,0
28.775020,1.654584,0
28.776846,1.826201,0
28.778907,2.061159,0
28.780978,2.070963,0
28.783186,2.208179,0
28.785030,1.844249,0
28.786834,1.804127,0
28.789106,2.271437,0
28.790788,1.682318,0
28.792902,2.114159,0
28.795165,2.262397,0
28.796802,1.637115,0
28.799187,2.384857,0
28.801090,1.903198,0
28.802908,1.818371,0
28.805058,2.149943,0
28.806813,1.754817,0
28.808848,2.035451,0
28.811234,2.385247,0
28.813390,2.156225,0
28.815016,1.626414,0
28.816788,1.772068,0
28.818883,2.094351,0
28.820838,1.955125,0
28.823159,2.321024,0
28.824973,1.814270,0
28.826830,1.856718,0
28.828975,2.145207,0
28.830912,1.936370,0
28.833180,2.268903,0
28.834933,1.752391,0
28.836848,1.914831,0
28.838691,1.843067,0
28.841001,2.310071,0
28.843282,2.280789,0
28.844940,1.657993,0
28.846870,1.930522,0
28.849030,2.160167,0
28.851124,2.094215,0
28.853205,2.080749,0
28.855017,1.811552,0
28.856797,1.779902,0
28.858973,2.176105,0
28.860987,2.014416,0
28.863245,2.257661,0
28.864973,1.728023,0
28.866824,1.851056,0
28.868919,2.094632,0
28.871583,2.664670,0
28.873703,2.119744,0
28.875213,1.510361,0
28.876956,1.742456,0
28.879185,2.228841,0
28.881151,1.966167,0
28.883177,2.025747,0
28.884962,1.785051,0
28.886627,1.665787,0
28.888832,2.204471,0
28.890793,1.961023,0
28.893092,2.299317,0
28.894983,1.891080,0
28.896834,1.850479,0
28.899031,2.196894,0
28.901042,2.011165,0
28.902788,1.746616,0
28.904704,1.915584,0
28.906712,2.008422,0
28.908849,2.136855,0
28.910972,2.122936,0
28.912991,2.018889,0
28.914734,1.743051,0
28.916810,2.076308,0
28.918866,2.055577,0
28.920731,1.864567,0
28.923145,2.413943,0
28.925139,1.994404,0
28.926920,1.781412,0
28.929135,2.214857,0
28.930947,1.812018,0
28.933228,2.280982,0
28.935128,1.899466,0
28.936872,1.744206,0
28.938988,2.116422,0
28.940860,1.871410,0
28.943626,2.765898,0
28.945290,1.664614,0
28.946864,1.573549,0
28.949590,2.726591,0
28.951470,1.879169,0
28.953108,1.638283,0
28.954987,1.879407,0
28.956813,1.825642,0
28.958681,1.867632,0
28.960735,2.054225,0
28.962653,1.918716,0
28.964789,2.135675,0
28.966692,1.902846,0
28.968972,2.279739,0
28.970837,1.865253,0
28.973146,2.308827,0
28.975052,1.906383,0
28.976817,1.764595,0
28.979106,2.289139,0
28.980993,1.887488,0
28.982950,1.956319,0
28.984829,1.879118,0
28.986800,1.971398,0
28.988756,1.955365,0
28.991062,2.305952,0
28.993205,2.143920,0
28.994929,1.723426,0
28.996816,1.887544,0
28.999062,2.245834,0
29.000911,1.849073,0
29.003115,2.203268,0
29.004958,1.843486,0
29.006566,1.607821,0
29.008902,2.336368,0
29.010911,2.008711,0
29.012696,1.784520,0
29.015095,2.399250,0
29.016883,1.787949,0
29.019031,2.147840,0
29.021061,2.030623,0
29.023122,2.060987,0
29.024905,1.782720,0
29.027049,2.143907,0
29.029247,2.197966,0
29.031073,1.826092,0
29.033412,2.339145,0
29.034774,1.362003,0
29.037019,2.244518,0
29.039087,2.068566,0
29.040997,1.910400,0
29.043130,2.132932,0
29.045111,1.980078,0
29.047038,1.927201,0
29.048805,1.767181,0
29.050803,1.998604,0
29.052846,2.042058,0
29.055321,2.475106,0
29.057024,1.703730,0
29.059212,2.187760,0
29.061338,2.125728,0
29.063558,2.220369,0
29.064883,1.324905,0
29.067010,2.126954,0
29.069222,2.212319,0
29.071206,1.983724,0
29.073287,2.080612,0
29.075197,1.910231,0
29.076874,1.677232,0
29.078947,2.072995,0
29.081058,2.110529,0
29.083254,2.196179,0
29.085318,2.063606,0
29.086775,1.457537,0
29.088919,2.144339,0
29.090892,1.972681,0
29.093392,2.500076,0
29.095301,1.908340,0
29.097126,1.825334,0
29.099464,2.338156,0
29.101432,1.967853,0
29.103675,2.243103,0
29.105169,1.494087,0
29.107044,1.874946,0
29.109294,2.250328,0
29.111252,1.957344,0
29.113251,1.999572,0
29.115178,1.926631,0
29.117024,1.846399,0
29.119176,2.152136,0
29.121279,2.102936,0
29.123513,2.233441,0
29.125151,1.637917,0
29.127073,1.922296,0
29.129210,2.137223,0
29.131051,1.840951,0
29.133412,2.360487,0
29.134813,1.400911,0
29.136769,1.956321,0
29.139136,2.367269,0
29.140991,1.854535,0
29.143134,2.143668,0
29.145034,1.899441,0
29.146914,1.880439,0
29.148953,2.038685,0
29.150900,1.947397,0
29.152931,2.030673,0
29.154924,1.992671,0
29.156801,1.877432,0
29.158967,2.165478,0
29.161004,2.037022,0
29.163000,1.996753,0
29.164914,1.913328,0
29.167040,2.126100,0
29.169109,2.068780,0
29.171080,1.971054,0
29.173330,2.250711,0
29.175235,1.904337,0
29.176912,1.677523,0
29.179105,2.192956,0
29.181007,1.902309,0
29.183450,2.442939,0
29.185036,1.585454,0
29.186927,1.891181,0
29.188811,1.884250,0
29.191102,2.291123,0
29.193212,2.109744,0
29.194912,1.700144,0
29.197003,2.090927,0
29.199155,2.151554,0
29.201165,2.010745,0
29.203464,2.298775,0
29.205240,1.775959,0
29.207023,1.782860,0
29.209079,2.056109,0
29.211317,2.238014,0
29.213163,1.845787,0
29.215109,1.946378,0
29.216845,1.735359,0
29.219199,2.353914,0
29.221088,1.889382,0
29.223120,2.031698,0
29.225276,2.155805,0
29.226951,1.675009,0
29.229130,2.179439,0
29.230953,1.822755,0
29.232995,2.042130,0
29.234846,1.851122,0
29.236893,2.046900,0
29.239000,2.107444,0
29.240927,1.926929,0
29.243198,2.270901,0
29.244990,1.791542,0
29.246953,1.963293,0
29.248913,1.959789,0
29.250999,2.085951,0
29.253139,2.140674,0
29.255145,2.005313,0
29.256972,1.827451,0
29.259164,2.192001,0
29.261287,2.123083,0
29.263429,2.141524,0
29.265102,1.673569,0
29.266775,1.672815,0
29.269106,2.330915,0
29.271179,2.072531,0
29.273264,2.085557,0
29.275100,1.836193,0
29.276958,1.857612,0
29.279732,2.774053,0
29.281385,1.653207,0
29.283172,1.786528,0
29.285201,2.028879,0
29.287009,1.808217,0
29.289201,2.191982,0
29.291092,1.891641,0
29.293373,2.280770,0
29.295183,1.809624,0
29.297030,1.847527,0
29.298933,1.902756,0
29.301067,2.133554,0
29.302985,1.918718,0
29.305192,2.206160,0
29.306911,1.719171,0
29.309334,2.423635,0
29.311450,2.115867,0
29.313530,2.079747,0
29.315188,1.657506,0
29.317035,1.847544,0
29.318997,1.961894,0
29.321039,2.041814,0
29.323382,2.343365,0
29.325110,1.728121,0
29.326965,1.854338,0
29.329072,2.106973,0
29.331274,2.202893,0
29.333177,1.902869,0
29.335198,2.020515,0
29.337044,1.846559,0
29.338953,1.908505,0
29.341107,2.154405,0
29.343187,2.079226,0
29.344950,1.763649,0
29.346903,1.952781,0
29.348863,1.960021,0
29.351225,2.362051,0
29.353382,2.157124,0
29.354949,1.566836,0
29.356972,2.022972,0
29.359070,2.098104,0
29.361300,2.229955,0
29.363476,2.176228,0
29.365015,1.538807,0
29.367062,2.046698,0
29.369231,2.169028,0
29.371004,1.773540,0
29.373285,2.281137,0
29.375095,1.809991,0
29.376965,1.869639,0
29.379290,2.324956,0
29.381044,1.753576,0
29.383720,2.676246,0
29.385230,1.510082,0
29.387029,1.799391,0
29.389007,1.977542,0
29.391182,2.174900,0
29.393265,2.082940,0
29.394999,1.733786,0
29.397004,2.005875,0
29.399031,2.026907,0
29.400867,1.835440,0
29.402749,1.881775,0
29.404864,2.115237,0
29.406920,2.056190,0
29.409195,2.274818,0
29.411313,2.118019,0
29.413239,1.925752,0
29.415024,1.785544,0
29.416768,1.743454,0
29.418844,2.076740,0
29.420865,2.020561,0
29.423452,2.587157,0
29.425145,1.692710,0
29.427067,1.922654,0
29.429187,2.119882,0
29.431083,1.896107,0
29.433323,2.239970,0
29.434916,1.592302,0
29.437060,2.143962,0
29.439138,2.078257,0
29.441055,1.917360,0
29.443416,2.360472,0
29.445268,1.852798,0
29.447025,1.756732,0
29.449054,2.028603,0
29.451062,2.007978,0
29.453408,2.346006,0
29.455174,1.766618,0
29.457058,1.883123,0
29.459435,2.377074,0
29.461363,1.928802,0
29.463124,1.760828,0
29.464923,1.798298,0
29.467006,2.083468,0
29.468979,1.972823,0
29.470821,1.842675,0
29.473540,2.718735,0
29.475334,1.793915,0
29.477012,1.677620,0
29.479139,2.127642,0
29.481116,1.976683,0
29.483163,2.046579,0
29.485179,2.015891,0
29.487025,1.846364,0
29.489323,2.298347,0
29.491138,1.814881,0
29.493335,2.197199,0
29.494946,1.611019,0
29.496998,2.052123,0
29.498938,1.939037,0
29.501164,2.226496,0
29.503296,2.132252,0
29.505381,2.084274,0
29.506857,1.476136,0
29.509331,2.474144,0
29.511542,2.211143,0
29.513023,1.480873,0
29.515003,1.979818,0
29.516879,1.876348,0
29.519195,2.315740,0
29.521046,1.851688,0
29.523789,2.742141,0
29.525267,1.478300,0
29.527046,1.778685,0
29.529543,2.497606,0
29.531432,1.888979,0
29.533295,1.863214,0
29.535118,1.823088,0
29.537001,1.882610,0
29.539203,2.201683,0
29.541079,1.876124,0
29.543090,2.010947,0
29.545343,2.252745,0
29.546913,1.570453,0
29.548935,2.022308,0
29.551197,2.261865,0
29.553452,2.255207,0
29.555194,1.741945,0
29.556983,1.788703,0
29.559156,2.173328,0
29.560957,1.801035,0
29.563053,2.096010,0
29.564969,1.915784,0
29.566874,1.904974,0
29.569045,2.170855,0
29.571053,2.007583,0
29.573465,2.412750,0
29.575093,1.627686,0
29.576965,1.871932,0
29.579244,2.279216,0
29.581121,1.876328,0
29.583416,2.295054,0
29.585092,1.676368,0
29.586777,1.684759,0
29.589132,2.355208,0
29.591092,1.959766,0
29.593332,2.240463,0
29.595044,1.712134,0
29.597074,2.029610,0
29.598867,1.792706,0
29.601125,2.258628,0
29.603342,2.217214,0
29.604962,1.619616,0
29.607041,2.079102,0
29.609095,2.053471,0
29.611198,2.103018,0
29.613360,2.162201,0
29.615089,1.729597,0
29.616829,1.740004,0
29.618892,2.062641,0
29.621002,2.110143,0
29.622962,1.960219,0
29.625040,2.077145,0
29.626993,1.953414,0
29.629289,2.296140,0
29.631081,1.791901,0
29.633413,2.331798,0
29.635257,1.844305,0
29.636959,1.701741,0
29.639274,2.315215,0
29.640946,1.671668,0
29.643345,2.399547,0
29.645209,1.864006,0
29.647017,1.807698,0
29.649298,2.281116,0
29.650870,1.571559,0
29.653399,2.529417,0
29.655294,1.894573,0
29.657038,1.744258,0
29.659193,2.155128,0
29.661343,2.150396,0
29.663299,1.955431,0
29.665070,1.771490,0
29.666975,1.904149,0
29.669066,2.091502,0
29.671076,2.009629,0
29.673449,2.373318,0
29.675236,1.787385,0
29.676884,1.648071,0
29.679113,2.228325,0
29.681084,1.971224,0
29.683337,2.253421,0
29.685241,1.903651,0
29.687027,1.785919,0
29.689106,2.079173,0
29.691307,2.200642,0
29.693296,1.989679,0
29.694964,1.667877,0
29.697026,2.061725,0
29.699257,2.230552,0
29.701281,2.024033,0
29.703431,2.150070,0
29.705263,1.832324,0
29.706994,1.731428,0
29.709324,2.329206,0
29.711294,1.969816,0
29.713039,1.745110,0
29.715304,2.265599,0
29.717027,1.722569,0
29.719309,2.282027,0
29.721406,2.096807,0
29.723483,2.077279,0
29.725336,1.852651,0
29.727038,1.701952,0
29.729296,2.258857,0
29.730837,1.540338,0
29.733194,2.356892,0
29.735058,1.863938,0
29.736801,1.743246,0
29.738705,1.904274,0
29.740690,1.985389,0
29.742774,2.083806,0
29.744950,2.175791,0
29.747043,2.092582,0
29.749317,2.274071,0
29.750968,1.650869,0
29.753247,2.279433,0
29.755134,1.887050,0
29.756902,1.768264,0
29.759080,2.177705,0
29.761288,2.208210,0
29.763143,1.855136,0
29.764964,1.820903,0
29.766996,2.031635,0
29.769146,2.150303,0
29.771228,2.081520,0
29.773362,2.133910,0
29.775121,1.759323,0
29.777027,1.905793,0
29.779124,2.097369,0
29.781263,2.138645,0
29.783097,1.834203,0
29.785172,2.075087,0
29.786887,1.715223,0
29.789158,2.270910,0
29.791068,1.909739,0
29.793306,2.238013,0
29.795115,1.809332,0
29.796969,1.853931,0
29.799258,2.289197,0
29.801243,1.984301,0
29.803316,2.073445,0
29.804897,1.581068,0
29.808978,4.080705,1
29.810021,1.043169,0
29.812003,1.982150,0
29.817284,5.280630,1
29.817903,0.618777,0
29.819094,1.191215,0
29.821142,2.048074,0
29.823217,2.075198,0
29.825076,1.858940,0
29.827023,1.947125,0
29.829197,2.173460,0
29.831178,1.981187,0
29.833081,1.903622,0
29.834909,1.827689,0
29.836789,1.879452,0
29.839274,2.484913,0
29.841094,1.820055,0
29.843530,2.436337,0
29.844973,1.442980,0
29.846975,2.001857,0
29.848866,1.890806,0
29.851208,2.342746,0
29.853373,2.164853,0
29.854777,1.404082,0
29.856911,2.133976,0
29.859257,2.345317,0
29.861152,1.895761,0
29.863062,1.909417,0
29.865146,2.084208,0
29.866978,1.832467,0
29.869279,2.300891,0
29.870814,1.534683,0
29.873166,2.352093,0
29.875164,1.997968,0
29.876969,1.804834,0
29.878898,1.929635,0
29.881094,2.195067,0
29.882971,1.877220,0
29.885194,2.222998,0
29.886976,1.782611,0
29.889156,2.180098,0
29.891176,2.019588,0
29.893098,1.921777,0
29.894981,1.883484,0
29.896743,1.761502,0
29.899128,2.385450,0
29.901294,2.165635,0
29.903062,1.768422,0
29.905261,2.199080,0
29.907045,1.783970,0
29.909279,2.233205,0
29.911161,1.882745,0
29.913382,2.220973,0
29.914834,1.452178,0
29.916900,2.065844,0
29.919200,2.299686,0
29.921149,1.949451,0
29.923319,2.169873,0
29.925085,1.766114,0
29.926897,1.811543,0
29.928979,2.081854,0
29.931162,2.182677,0
29.933264,2.102300,0
29.935098,1.833776,0
29.936991,1.893094,0
29.939134,2.142880,0
29.941004,1.870899,0
29.943171,2.166390,0
29.945034,1.862860,0
29.946952,1.918502,0
29.949256,2.303667,0
29.950789,1.532769,0
29.952983,2.194286,0
29.955101,2.118302,0
29.957042,1.940834,0
29.959142,2.100132,0
29.961464,2.321528,0
29.963029,1.564771,0
29.964881,1.852828,0
29.966782,1.900741,0
29.968878,2.096128,0
29.971262,2.383504,0
29.973521,2.259119,0
29.975057,1.536632,0
29.977012,1.954725,0
29.979218,2.205400,0
29.981022,1.804845,0
29.983066,2.043577,0
29.984916,1.850072,0
29.986893,1.976694,0
29.989125,2.231874,0
29.991013,1.888843,0
29.993438,2.424465,0
29.995168,1.730399,0
29.996953,1.784529,0
29.999064,2.110770,0
30.001150,2.086519,0
30.003473,2.323280,0
30.004975,1.501675,0
30.006811,1.835712,0
30.009204,2.393193,0
30.010906,1.702020,0
30.013041,2.134775,0
30.014987,1.946078,0
30.016765,1.778214,0
30.018743,1.978148,0
30.020765,2.021244,0
30.023339,2.574794,0
30.025109,1.769482,0
30.026840,1.730924,0
30.029107,2.267677,0
30.030826,1.718803,0
30.033271,2.444728,0
30.034669,1.398265,0
30.036833,2.163516,0
30.038857,2.023834,0
30.041020,2.163692,0
30.043181,2.161115,0
30.044951,1.769720,0
30.046779,1.827623,0
30.048815,2.036099,0
30.050705,1.890021,0
30.053259,2.554243,0
30.054963,1.703917,0
30.056848,1.884554,0
30.058971,2.123599,0
30.061091,2.119758,0
30.062936,1.845151,0
30.064857,1.921197,0
30.066771,1.914155,0
30.069030,2.259054,0
30.070870,1.839630,0
30.073251,2.381105,0
30.074807,1.555967,0
30.076812,2.005263,0
30.079060,2.247388,0
30.080938,1.878427,0
30.083109,2.170435,0
30.084851,1.742508,0
30.086977,2.126133,0
30.088699,1.721636,0
30.090988,2.288897,0
30.093069,2.081500,0
30.094886,1.816984,0
30.096955,2.068659,0
30.098949,1.994372,0
30.101102,2.152338,0
30.103310,2.208775,0
30.104991,1.680798,0
30.106820,1.828826,0
30.108757,1.937137,0
30.110985,2.227901,0
30.112807,1.821570,0
30.114608,1.800983,0
30.116777,2.169504,0
30.118976,2.198781,0
30.120981,2.005283,0
30.123078,2.096294,0
30.124780,1.702809,0
30.126757,1.976175,0
30.129066,2.309914,0
30.131113,2.046627,0
30.133181,2.068038,0
30.134915,1.733764,0
30.136704,1.789171,0
30.138850,2.146256,0
30.140892,2.041626,0
30.143057,2.164915,0
30.144866,1.809304,0
30.146737,1.870844,0
30.149156,2.418603,0
30.151093,1.937019,0
30.153435,2.342363,0
30.154937,1.502105,0
30.156834,1.896532,0
30.159049,2.215479,0
30.160989,1.939616,0
30.163077,2.088394,0
30.164864,1.786990,0
30.166625,1.761091,0
30.168948,2.322674,0
30.170714,1.766366,0
30.172999,2.284858,0
30.174788,1.788516,0
30.176772,1.984874,0
30.178958,2.185198,0
30.181074,2.116681,0
30.183180,2.105253,0
30.184700,1.520414,0
30.186769,2.068893,0
30.188855,2.085933,0
30.191071,2.216455,0
30.193149,2.077734,0
30.194825,1.676256,0
30.196830,2.004289,0
30.199117,2.287715,0
30.200957,1.839818,0
30.202969,2.012016,0
30.205033,2.063995,0
30.206807,1.774300,0
30.208933,2.125313,0
30.210986,2.052916,0
30.212985,1.999781,0
30.214888,1.902240,0
30.216776,1.888367,0
30.218899,2.122885,0
30.220839,1.939612,0
30.222917,2.078536,0
30.224703,1.785569,0
30.226684,1.981077,0
30.228936,2.252567,0
30.230711,1.774512,0
30.232935,2.224060,0
30.234758,1.823614,0
30.236817,2.058705,0
30.238893,2.076115,0
30.240866,1.972718,0
30.242988,2.122275,0
30.244789,1.800354,0
30.246784,1.995830,0
30.248834,2.049602,0
30.250881,2.047227,0
30.253135,2.253616,0
30.254623,1.488316,0
30.256809,2.186073,0
30.258994,2.184783,0
30.261344,2.349675,0
30.263183,1.839194,0
30.265103,1.920347,0
30.266813,1.709930,0
30.268950,2.136712,0
30.271004,2.054328,0
30.272916,1.911553,0
30.275097,2.180966,0
30.276811,1.714376,0
30.279024,2.213125,0
30.280695,1.670761,0
30.283144,2.448629,0
30.285344,2.200593,0
30.286945,1.600631,0
30.289300,2.354624,0
30.291275,1.975474,0
30.293583,2.308442,0
30.294689,1.105760,0
30.296758,2.069130,0
30.299103,2.345088,0
30.301082,1.978162,0
30.303218,2.136586,0
30.304906,1.687538,0
30.306821,1.915277,0
30.309101,2.279942,0
30.310741,1.640417,0
30.313181,2.439433,0
30.315004,1.823040,0
30.316830,1.826179,0
30.318888,2.057703,0
30.320989,2.101791,0
30.323182,2.192940,0
30.325087,1.904595,0
30.326690,1.602689,0
30.328695,2.005015,0
30.330914,2.219205,0
30.333217,2.302701,0
30.334741,1.524425,0
30.336664,1.922951,0
30.339053,2.389342,0
30.340973,1.919731,0
30.343486,2.512639,0
30.345035,1.548892,0
30.346836,1.801039,0
30.348745,1.909152,0
30.350882,2.137139,0
30.352891,2.009230,0
30.354940,2.048927,0
30.356832,1.891963,0
30.359023,2.190876,0
30.361057,2.033694,0
30.363146,2.089663,0
30.364826,1.679404,0
30.366795,1.969028,0
30.368713,1.918392,0
30.371114,2.400458,0
30.372945,1.831500,0
30.374960,2.014516,0
30.376810,1.850750,0
30.379104,2.294019,0
30.380959,1.855054,0
30.383256,2.297055,0
30.384891,1.634059,0
30.386981,2.090848,0
30.388988,2.006577,0
30.390965,1.976945,0
30.393310,2.345521,0
30.394981,1.670873,0
30.396813,1.832222,0
30.399119,2.305577,0
30.400727,1.607783,0
30.402947,2.220308,0
30.405019,2.071932,0
30.406854,1.835025,0
30.408936,2.082115,0
30.411321,2.384816,0
30.413251,1.929695,0
30.414887,1.636476,0
30.416942,2.055272,0
30.419180,2.237802,0
30.420903,1.723043,0
30.423165,2.261952,0
30.424829,1.663949,0
30.426839,2.009379,0
30.429041,2.202009,0
30.431103,2.062002,0
30.432760,1.656979,0
30.434971,2.211360,0
30.436654,1.683059,0
30.438827,2.172919,0
30.440821,1.993630,0
30.443214,2.393833,0
30.445010,1.795909,0
30.446821,1.810799,0
30.449023,2.201705,0
30.450959,1.936409,0
30.453119,2.159980,0
30.455002,1.883134,0
30.456777,1.775038,0
30.458877,2.099596,0
30.460731,1.854403,0
30.463146,2.414629,0
30.464664,1.518290,0
30.466827,2.163131,0
30.469225,2.397305,0
30.471041,1.816049,0
30.473335,2.294583,0
30.475157,1.821855,0
30.476829,1.671466,0
30.478755,1.926452,0
30.480775,2.019427,0
30.482719,1.944768,0
30.484723,2.003365,0
30.486761,2.038132,0
30.489112,2.350666,0
30.491037,1.925509,0
30.493189,2.152473,0
30.494855,1.665485,0
30.496797,1.942523,0
30.498768,1.970880,0
30.500782,2.013515,0
30.503061,2.279255,0
30.505025,1.964008,0
30.506813,1.787609,0
30.509036,2.223271,0
30.511424,2.388369,0
30.513435,2.011043,0
30.514816,1.380652,0
30.516932,2.115665,0
30.519198,2.266078,0
30.520939,1.740729,0
30.523029,2.090529,0
30.524955,1.926032,0
30.526831,1.875406,0
30.528951,2.120082,0
30.531089,2.138389,0
30.533110,2.020524,0
30.535128,2.018591,0
30.536828,1.699663,0
30.538952,2.124398,0
30.541053,2.101140,0
30.542968,1.914327,0
30.544736,1.768504,0
30.546880,2.143401,0
30.549047,2.167375,0
30.550825,1.778516,0
30.553269,2.444050,0
30.554928,1.658359,0
30.556772,1.844066,0
30.558931,2.158605,0
30.561092,2.161531,0
30.562983,1.891368,0
30.564579,1.595511,0
30.566514,1.935389,0
30.568505,1.990326,0
30.570548,2.042943,0
30.572626,2.078151,0
30.574866,2.240211,0
30.576786,1.919639,0
30.578799,2.012909,0
30.580731,1.932066,0
30.582893,2.162234,0
30.584689,1.796603,0
30.586706,2.016273,0
30.588711,2.005328,0
30.590980,2.268791,0
30.593051,2.071370,0
30.595094,2.042447,0
30.596822,1.728652,0
30.598828,2.006164,0
30.601083,2.254159,0
30.603189,2.106062,0
30.604948,1.759438,0
30.606707,1.759182,0
30.609155,2.447350,0
30.611364,2.209844,0
30.613408,2.043509,0
30.615035,1.627349,0
30.616838,1.802217,0
30.618873,2.035766,0
30.620888,2.014528,0
30.623570,2.682121,0
30.624950,1.380265,0
30.626835,1.884501,0
30.629168,2.333770,0
30.631036,1.867353,0
30.632916,1.880319,0
30.635031,2.114393,0
30.636865,1.834055,0
30.638861,1.995937,0
30.640830,1.969298,0
30.642990,2.160499,0
30.645045,2.055144,0
30.646781,1.735974,0
30.649069,2.287692,0
30.650842,1.772625,0
30.652933,2.091663,0
30.655077,2.143747,0
30.656873,1.795708,0
30.658887,2.013931,0
30.661166,2.278922,0
30.663247,2.080778,0
30.665006,1.759187,0
30.666812,1.806439,0
30.669003,2.190451,0
30.671072,2.069459,0
30.673268,2.196007,0
30.674946,1.678187,0
30.676844,1.897469,0
30.679125,2.281075,0
30.680996,1.871125,0
30.682914,1.917693,0
30.684788,1.873914,0
30.686608,1.820663,0
30.688774,2.166290,0
30.691012,2.237706,0
30.693166,2.153619,0
30.694894,1.727755,0
30.696836,1.942079,0
30.699112,2.276099,0
30.700968,1.856711,0
30.703207,2.238828,0
30.704725,1.517832,0
30.706819,2.093670,0
30.708934,2.114845,0
30.711138,2.204112,0
30.713305,2.167267,0
30.715062,1.756589,0
30.716838,1.776419,0
30.719179,2.341059,0
30.721268,2.088606,0
30.723535,2.267806,0
30.725183,1.647587,0
30.726835,1.652140,0
30.728960,2.124697,0
30.730997,2.036900,0
30.732691,1.694424,0
30.734763,2.071323,0
30.736689,1.926740,0
30.739016,2.326586,0
30.740835,1.819237,0
30.743286,2.450726,0
30.745053,1.767192,0
30.746829,1.775980,0
30.749157,2.328050,0
30.751108,1.951363,0
30.753206,2.097104,0
30.754869,1.663803,0
30.757011,2.141680,0
30.759031,2.019798,0
30.761237,2.206109,0
30.763471,2.233824,0
30.765102,1.631016,0
30.766801,1.699183,0
30.768740,1.939270,0
30.770738,1.997552,0
30.773208,2.469749,0
30.774828,1.620647,0
30.776837,2.009071,0
30.779193,2.355795,0
30.781018,1.825266,0
30.783350,2.331945,0
30.785172,1.821814,0
30.786839,1.666912,0
30.789003,2.164190,0
30.791061,2.057903,0
30.793282,2.220679,0
30.795106,1.824495,0
30.796849,1.742815,0
30.798649,1.799825,0
30.800870,2.220810,0
30.803134,2.264503,0
30.804932,1.798127,0
30.806841,1.908795,0
30.809002,2.160954,0
30.811064,2.061695,0
30.812735,1.670774,0
30.815045,2.310475,0
30.816788,1.742715,0
30.819058,2.270701,0
30.821079,2.020823,0
30.823204,2.124598,0
30.825037,1.833037,0
30.826843,1.805712,0
30.829222,2.379570,0
30.831165,1.942925,0
30.833266,2.101191,0
30.835054,1.787460,0
30.836839,1.785450,0
30.839075,2.235879,0
30.841028,1.952625,0
30.843170,2.142640,0
30.845125,1.955013,0
30.846838,1.712529,0
30.849005,2.167052,0
30.850770,1.764978,0
30.853186,2.415772,0
30.855063,1.877117,0
30.857001,1.938015,0
30.859205,2.203922,0
30.860647,1.442198,0
30.862794,2.146680,0
30.864759,1.965022,0
30.866810,2.051137,0
30.868862,2.052631,0
30.870954,2.091548,0
30.873439,2.485370,0
30.875180,1.741127,0
30.876837,1.656819,0
30.878729,1.891801,0
30.880956,2.227138,0
30.883159,2.202778,0
30.884966,1.806978,0
30.886824,1.857981,0
30.888942,2.118483,0
30.891040,2.097525,0
30.893268,2.228231,0
30.895000,1.731556,0
30.896841,1.841156,0
30.898960,2.119048,0
30.900892,1.932472,0
30.903261,2.368756,0
30.904994,1.732867,0
30.906798,1.804253,0
30.909085,2.286819,0
30.910996,1.911098,0
30.913139,2.142487,0
30.915036,1.897391,0
30.916826,1.789558,0
30.918969,2.143083,0
30.920993,2.024727,0
30.922955,1.962021,0
30.924908,1.952180,0
30.926842,1.934131,0
30.929117,2.274753,0
30.931101,1.984178,0
30.933136,2.035539,0
30.935186,2.049671,0
30.936838,1.651905,0
30.939007,2.168779,0
30.940881,1.874826,0
30.943152,2.270060,0
30.944920,1.768053,0
30.946822,1.902411,0
30.948998,2.176308,0
30.950995,1.996547,0
30.952951,1.955719,0
30.954797,1.846637,0
30.956833,2.035356,0
30.958657,1.824501,0
30.961073,2.416457,0
30.962912,1.838301,0
30.964769,1.856784,0
30.966729,1.960425,0
30.968967,2.238135,0
30.971055,2.087466,0
30.973148,2.092990,0
30.975150,2.002090,0
30.976909,1.759353,0
30.978941,2.032323,0
30.980902,1.960795,0
30.982787,1.885234,0
30.984767,1.979999,0
30.986759,1.991755,0
30.989332,2.572694,0
30.990732,1.400129,0
30.993333,2.600790,0
30.994969,1.636369,0
30.996905,1.936376,0
30.999175,2.269126,0
31.001008,1.833785,0
31.002991,1.982740,0
31.004678,1.687182,0
31.006866,2.187495,0
31.008824,1.958462,0
31.011268,2.443481,0
31.012748,1.480212,0
31.014551,1.802913,0
31.016602,2.051165,0
31.018650,2.047470,0
31.020751,2.101700,0
31.022914,2.162328,0
31.024792,1.878525,0
31.026637,1.844649,0
31.028803,2.166179,0
31.030753,1.949810,0
31.032750,1.997519,0
31.034676,1.925947,0
31.036673,1.997022,0
31.038651,1.977975,0
31.040628,1.977274,0
31.042793,2.164995,0
31.044820,2.026196,0
31.047034,2.213962,0
31.048913,1.879117,0
31.050811,1.898603,0
31.052977,2.165542,0
31.054916,1.939003,0
31.056769,1.852635,0
31.058923,2.154528,0
31.061177,2.253675,0
31.062961,1.784569,0
31.064787,1.825350,0
31.066703,1.916312,0
31.068633,1.929646,0
31.070708,2.075024,0
31.072943,2.235772,0
31.074929,1.985717,0
31.076687,1.758334,0
31.078719,2.031798,0
31.080720,2.001094,0
31.083068,2.347639,0
31.084672,1.603818,0
31.086829,2.157239,0
31.088762,1.933472,0
31.090779,2.016695,0
31.093143,2.363698,0
31.094925,1.782467,0
31.096840,1.914907,0
31.098657,1.816437,0
31.100961,2.303872,0
31.103199,2.237953,0
31.105055,1.856149,0
31.106835,1.780498,0
31.109136,2.300670,0
31.111141,2.005438,0
31.113394,2.252588,0
31.115090,1.696045,0
31.116611,1.520992,0
31.118852,2.240746,0
31.120932,2.080120,0
31.123158,2.226084,0
31.124810,1.652390,0
31.126969,2.158963,0
31.129047,2.077405,0
31.131248,2.201244,0
31.133289,2.041010,0
31.134826,1.536959,0
31.136775,1.949091,0
31.138970,2.195485,0
31.140905,1.934983,0
31.143200,2.294228,0
31.144788,1.588215,0
31.146687,1.899555,0
31.149052,2.364931,0
31.151117,2.064475,0
31.153180,2.063009,0
31.154874,1.693970,0
31.156845,1.970946,0
31.159099,2.254474,0
31.161136,2.036471,0
31.163081,1.945169,0
31.164654,1.573155,0
31.166704,2.050018,0
31.168706,2.001937,0
31.170778,2.071656,0
31.172814,2.036460,0
31.174772,1.958378,0
31.176862,2.090052,0
31.178959,2.096312,0
31.180913,1.954361,0
31.182712,1.798361,0
31.184693,1.981064,0
31.186754,2.061754,0
31.189171,2.416292,0
31.190941,1.770489,0
31.193405,2.463847,0
31.195056,1.650637,0
31.196963,1.907799,0
31.199105,2.141724,0
31.200741,1.635427,0
31.202926,2.185915,0
31.205062,2.135449,0
31.206762,1.699593,0
31.208744,1.982139,0
31.210786,2.042037,0
31.212968,2.181874,0
31.214774,1.806672,0
31.216812,2.037865,0
31.218716,1.904307,0
31.220686,1.969124,0
31.222930,2.244297,0
31.225199,2.268894,0
31.226751,1.551964,0
31.228846,2.095738,0
31.230889,2.042455,0
31.232916,2.026677,0
31.234833,1.917323,0
31.236749,1.915926,0
31.238705,1.956449,0
31.240811,2.106073,0
31.243198,2.387085,0
31.244854,1.655960,0
31.246824,1.970059,0
31.249135,2.310717,0
31.250880,1.744984,0
31.253214,2.334302,0
31.254710,1.495936,0
31.256832,2.121271,0
31.258851,2.019460,0
31.261011,2.160030,0
31.263222,2.210781,0
31.264939,1.717099,0
31.266833,1.893862,0
31.268912,2.078940,0
31.270610,1.697711,0
31.272903,2.293925,0
31.275025,2.121899,0
31.276833,1.807243,0
31.279003,2.170497,0
31.280784,1.780619,0
31.283463,2.679048,0
31.284997,1.534318,0
31.286982,1.984468,0
31.288945,1.963955,0
31.291045,2.099219,0
31.293178,2.133293,0
31.294874,1.696490,0
31.296836,1.961789,0
31.298724,1.887376,0
31.301159,2.435489,0
31.303159,1.999476,0
31.304919,1.760710,0
31.306771,1.852059,0
31.308919,2.147572,0
31.310948,2.028724,0
31.313305,2.357436,0
31.315045,1.739924,0
31.316714,1.668472,0
31.318866,2.152301,0
31.320889,2.023157,0
31.322995,2.106144,0
31.324897,1.902228,0
31.326809,1.911520,0
31.328929,2.120555,0
31.330912,1.982289,0
31.333269,2.357404,0
31.334916,1.646490,0
31.336934,2.018625,0
31.339151,2.217135,0
31.340926,1.775004,0
31.343115,2.188746,0
31.344980,1.864589,0
31.346817,1.836846,0
31.348866,2.049114,0
31.351043,2.177388,0
31.353024,1.980739,0
31.355022,1.998580,0
31.356842,1.819863,0
31.359080,2.238059,0
31.360985,1.904683,0
31.363069,2.083522,0
31.364812,1.743230,0
31.366615,1.803579,0
31.368614,1.998958,0
31.370669,2.055041,0
31.372667,1.997425,0
31.374653,1.985936,0
31.376872,2.219293,0
31.379239,2.367013,0
31.381082,1.842721,0
31.383066,1.984370,0
31.384879,1.813192,0
31.386790,1.910750,0
31.388691,1.901229,0
31.390725,2.033990,0
31.392819,2.094000,0
31.394856,2.036541,0
31.396752,1.896503,0
31.398999,2.246325,0
31.401025,2.026375,0
31.402921,1.895807,0
31.404671,1.749843,0
31.406816,2.145729,0
31.409042,2.225208,0
31.411079,2.037688,0
31.413148,2.068900,0
31.415020,1.872343,0
31.416809,1.788652,0
31.419163,2.353989,0
31.420932,1.768917,0
31.423001,2.069202,0
31.424901,1.899993,0
31.426811,1.909798,0
31.428688,1.877393,0
31.431096,2.407675,0
31.433295,2.198692,0
31.434918,1.623225,0
31.436790,1.871625,0
31.439025,2.235618,0
31.440932,1.906959,0
31.443196,2.264140,0
31.444822,1.625950,0
31.446726,1.904071,0
31.448891,2.164547,0
31.451143,2.251671,0
31.453155,2.011895,0
31.454880,1.725225,0
31.456938,2.057871,0
31.458723,1.785673,0
31.461144,2.420363,0
31.463220,2.075922,0
31.464699,1.479594,0
31.466840,2.140504,0
31.468873,2.033640,0
31.470861,1.987851,0
31.473010,2.149101,0
31.474924,1.913823,0
31.476674,1.749581,0
31.479101,2.427095,0
31.480966,1.865182,0
31.482787,1.820802,0
31.484828,2.040954,0
31.486806,1.978153,0
31.488947,2.140937,0
31.490752,1.804754,0
31.493227,2.475456,0
31.494759,1.532423,0
31.496829,2.069170,0
31.499182,2.353491,0
31.500698,1.516432,0
31.503086,2.387395,0
31.504888,1.802523,0
31.506642,1.753843,0
31.508676,2.033428,0
31.510698,2.022524,0
31.513393,2.694457,0
31.514952,1.559562,0
31.516979,2.027081,0
31.518911,1.931300,0
31.521150,2.238905,0
31.523189,2.039935,0
31.524795,1.605394,0
31.526812,2.016750,0
31.528675,1.863556,0
31.531003,2.327476,0
31.533178,2.175079,0
31.535021,1.843182,0
31.536749,1.728398,0
31.539065,2.315382,0
31.540908,1.843617,0
31.543145,2.236466,0
31.544782,1.637512,0
31.546810,2.027984,0
31.549089,2.278610,0
31.550856,1.766965,0
31.553155,2.298998,0
31.554703,1.547816,0
31.556919,2.216514,0
31.559115,2.196303,0
31.561008,1.892358,0
31.562721,1.713549,0
31.564742,2.020942,0
31.566741,1.998257,0
31.568968,2.227160,0
31.570852,1.884105,0
31.572772,1.920500,0
31.574697,1.924672,0
31.576720,2.022878,0
31.578886,2.165767,0
31.581125,2.239778,0
31.583316,2.190638,0
31.584912,1.596024,0
31.586826,1.914262,0
31.588958,2.131276,0
31.590990,2.032001,0
31.593149,2.158894,0
31.594690,1.541631,0
31.596807,2.116532,0
31.599009,2.201937,0
31.600832,1.823134,0
31.602822,1.990302,0
31.604999,2.177416,0
31.606770,1.770782,0
31.608762,1.991479,0
31.611211,2.448947,0
31.613394,2.183578,0
31.614832,1.437718,0
31.616947,2.115088,0
31.619021,2.073494,0
31.620671,1.650508,0
31.622926,2.254998,0
31.625294,2.367936,0
31.627007,1.713058,0
31.629630,2.623389,0
31.631114,1.483678,0
31.633475,2.361050,0
31.634990,1.515009,0
31.636776,1.785846,0
31.639006,2.229882,0
31.640888,1.882538,0
31.643158,2.269199,0
31.645049,1.891245,0
31.646837,1.787906,0
31.648698,1.861131,0
31.651025,2.326741,0
31.653353,2.328731,0
31.655039,1.686044,0
31.656835,1.795329,0
31.659106,2.271455,0
31.660973,1.866448,0
31.662650,1.677548,0
31.664771,2.120792,0
31.666772,2.000513,0
31.668729,1.957403,0
31.671019,2.289588,0
31.673373,2.354846,0
31.675146,1.772318,0
31.676842,1.696660,0
31.679087,2.244199,0
31.680803,1.716099,0
31.683132,2.329843,0
31.685023,1.890104,0
31.686694,1.671459,0
31.689016,2.321812,0
31.690948,1.932083,0
31.693289,2.341356,0
31.695214,1.924304,0
31.696914,1.700093,0
31.698828,1.914803,0
31.700786,1.957429,0
31.703122,2.335643,0
31.704888,1.766428,0
31.706836,1.947858,0
31.708839,2.003479,0
31.711165,2.326042,0
31.713233,2.068064,0
31.714938,1.704922,0
31.716814,1.875231,0
31.718735,1.921424,0
31.721080,2.344625,0
31.723186,2.106091,0
31.724882,1.696256,0
31.726829,1.947021,0
31.729169,2.339728,0
31.730913,1.744636,0
31.732898,1.984786,0
31.734830,1.932245,0
31.736773,1.942147,0
31.738737,1.964240,0
31.740698,1.960889,0
31.743281,2.582899,0
31.744825,1.544365,0
31.746816,1.991399,0
31.749070,2.253720,0
31.750866,1.795809,0
31.753230,2.363903,0
31.755072,1.842154,0
31.756681,1.609508,0
31.758996,2.314509,0
31.760953,1.956622,0
31.763215,2.262845,0
31.765049,1.834025,0
31.766768,1.718817,0
31.768931,2.162353,0
31.770722,1.790921,0
31.772998,2.276604,0
31.774848,1.849488,0
31.776690,1.842207,0
31.778980,2.290606,0
31.781038,2.057380,0
31.783139,2.101104,0
31.784929,1.790162,0
31.786832,1.902511,0
31.788719,1.887659,0
31.790695,1.975752,0
31.793144,2.449061,0
31.794778,1.634292,0
31.796782,2.003355,0
31.798934,2.152150,0
31.800713,1.778770,0
31.803168,2.454911,0
31.805133,1.965260,0
31.806963,1.830595,0
31.808903,1.939759,0
31.811326,2.422494,0
31.813199,1.873145,0
31.814970,1.771402,0
31.816781,1.811196,0
31.818972,2.190959,0
31.821171,2.199062,0
31.823322,2.150944,0
31.824786,1.464074,0
31.826813,2.026462,0
31.829134,2.320911,0
31.830897,1.763419,0
31.833177,2.279747,0
31.835074,1.897139,0
31.836842,1.768226,0
31.839045,2.202569,0
31.841045,2.000399,0
31.842937,1.891207,0
31.844759,1.821990,0
31.846770,2.011326,0
31.848754,1.983837,0
31.851106,2.352446,0
31.853196,2.089802,0
31.855012,1.816337,0
31.856831,1.818940,0
31.859022,2.190598,0
31.860934,1.911785,0
31.862883,1.949216,0
31.865034,2.151383,0
31.866806,1.772073,0
31.868862,2.056079,0
31.870917,2.054804,0
31.873210,2.292605,0
31.875145,1.935692,0
31.876686,1.540610,0
31.878755,2.069041,0
31.880937,2.182331,0
31.883186,2.249072,0
31.885070,1.883434,0
31.886696,1.626451,0
31.888801,2.105096,0
31.891065,2.263077,0
31.892997,1.932255,0
31.894746,1.749447,0
31.896700,1.954229,0
31.898690,1.989509,0
31.900761,2.071400,0
31.902917,2.155548,0
31.904716,1.799016,0
31.906845,2.128985,0
31.908905,2.060309,0
31.911091,2.185779,0
31.913258,2.166494,0
31.914919,1.661077,0
31.916827,1.908616,0
31.919117,2.289562,0
31.920833,1.716119,0
31.922952,2.119584,0
31.924985,2.032218,0
31.926739,1.754793,0
31.929007,2.267543,0
31.931070,2.063002,0
31.933195,2.125020,0
31.935182,1.986505,0
31.936956,1.774736,0
31.939132,2.175462,0
31.940941,1.809159,0
31.942996,2.055273,0
31.944757,1.761011,0
31.946811,2.053872,0
31.949118,2.306981,0
31.950823,1.705042,0
31.953262,2.438434,0
31.955049,1.787607,0
31.956808,1.759210,0
31.959047,2.238220,0
31.960919,1.872671,0
31.962903,1.983354,0
31.964715,1.812737,0
31.966692,1.977028,0
31.968941,2.248443,0
31.970822,1.880737,0
31.972986,2.164043,0
31.975030,2.044850,0
31.976832,1.801595,0
31.979060,2.227563,0
31.980698,1.638090,0
31.982927,2.228977,0
31.984779,1.851942,0
31.986762,1.983475,0
31.988712,1.949588,0
31.990734,2.021960,0
31.992767,2.033272,0
31.994638,1.870861,0
31.996809,2.171316,0
31.999114,2.305094,0
32.000886,1.772079,0
32.003092,2.205280,0
32.004898,1.806610,0
32.006779,1.880670,0
32.008887,2.108337,0
32.010954,2.066472,0
32.013108,2.154002,0
32.014699,1.591016,0
32.016735,2.036842,0
32.018668,1.932112,0
32.020709,2.041560,0
32.022807,2.098343,0
32.024672,1.864857,0
32.026685,2.012734,0
32.028824,2.139291,0
32.030926,2.101255,0
32.032793,1.867213,0
32.034770,1.977346,0
32.036584,1.814219,0
32.038637,2.052436,0
32.040622,1.984800,0
32.042815,2.193344,0
32.044594,1.779080,0
32.046755,2.161106,0
32.048918,2.162470,0
32.050938,2.020219,0
32.053129,2.191238,0
32.055130,2.000865,0
32.056809,1.678800,0
32.058685,1.875780,0
32.060988,2.303216,0
32.062785,1.797134,0
32.064774,1.989200,0
32.066815,2.041397,0
32.069025,2.209745,0
32.071095,2.070127,0
32.073134,2.039026,0
32.074895,1.760292,0
32.076794,1.899649,0
32.079021,2.226324,0
32.080717,1.696747,0
32.083087,2.369148,0
32.084784,1.697803,0
32.087003,2.218194,0
32.088924,1.921831,0
32.090845,1.921014,0
32.093204,2.359120,0
32.094898,1.693851,0
32.096773,1.874510,0
32.098720,1.946942,0
32.100694,1.974249,0
32.103290,2.596285,0
32.104969,1.678271,0
32.106811,1.842344,0
32.108941,2.130302,0
32.111217,2.275403,0
32.113160,1.942881,0
32.114753,1.593501,0
32.116809,2.056371,0
32.118694,1.884254,0
32.121040,2.346187,0
32.123089,2.049645,0
32.124888,1.798968,0
32.126832,1.943419,0
32.129034,2.201671,0
32.130964,1.930593,0
32.133052,2.088304,0
32.134706,1.653952,0
32.136766,2.059140,0
32.138705,1.939315,0
32.141113,2.408373,0
32.143217,2.103815,0
32.145026,1.808482,0
32.147009,1.983202,0
32.148985,1.976225,0
32.151102,2.116853,0
32.153221,2.118867,0
32.154980,1.759830,0
32.157059,2.078274,0
32.158868,1.808839,0
32.160803,1.934987,0
32.163112,2.309629,0
32.164812,1.699565,0
32.166741,1.929436,0
32.168968,2.227251,0
32.170960,1.991536,0
32.173129,2.168727,0
32.174926,1.796909,0
32.177037,2.110854,0
32.178940,1.903801,0
32.180986,2.045333,0
32.183089,2.103562,0
32.184765,1.675844,0
32.187045,2.280060,0
32.189153,2.108285,0
32.191191,2.037919,0
32.193434,2.242814,0
32.195115,1.681290,0
32.196929,1.813405,0
32.199091,2.162460,0
32.201033,1.941593,0
32.202830,1.797132,0
32.204937,2.107353,0
32.206967,2.029321,0
32.208959,1.992679,0
32.211305,2.345310,0
32.213423,2.118224,0
32.215193,1.770073,0
32.217092,1.899451,0
32.219000,1.907451,0
32.220853,1.853310,0
32.223063,2.209592,0
32.224834,1.771368,0
32.226833,1.998916,0
32.229049,2.215643,0
32.231240,2.191795,0
32.233231,1.990118,0
32.234936,1.704979,0
32.236771,1.835491,0
32.239017,2.246251,0
32.240758,1.740629,0
32.242889,2.130771,0
32.244807,1.918693,0
32.246756,1.948585,0
32.248864,2.107907,0
32.250963,2.099508,0
32.253118,2.154358,0
32.255398,2.279979,0
32.257025,1.627035,0
32.259362,2.337671,0
32.261186,1.823902,0
32.263449,2.262597,0
32.265134,1.684568,0
32.266893,1.758995,0
32.269265,2.372880,0
32.271196,1.930587,0
32.273312,2.115779,0
32.275265,1.953464,0
32.277040,1.774728,0
32.279084,2.044024,0
32.280844,1.760447,0
32.283411,2.566757,0
32.285172,1.760450,0
32.286909,1.737110,0
32.288956,2.046960,0
32.291258,2.302407,0
32.293376,2.117754,0
32.295086,1.710158,0
32.296918,1.831882,0
32.299271,2.352764,0
32.301203,1.931901,0
32.303357,2.154215,0
32.305097,1.740483,0
32.306903,1.805629,0
32.309091,2.188377,0
32.311389,2.297603,0
32.313088,1.699364,0
32.314972,1.883792,0
32.316977,2.005294,0
32.319021,2.043393,0
32.321230,2.208848,0
32.323354,2.124015,0
32.325154,1.800479,0
32.326926,1.772051,0
32.329213,2.286685,0
32.331144,1.931190,0
32.333204,2.060111,0
32.334928,1.723498,0
32.337023,2.095625,0
32.339131,2.107388,0
32.341309,2.178079,0
32.343032,1.723347,0
32.345194,2.162341,0
32.346965,1.770812,0
32.348865,1.899514,0
32.350870,2.004952,0
32.352717,1.847661,0
32.354887,2.170017,0
32.357034,2.146611,0
32.359004,1.970069,0
32.361271,2.267198,0
32.363270,1.998776,0
32.365260,1.989893,0
32.367038,1.778237,0
32.369116,2.078107,0
32.371152,2.036110,0
32.373144,1.992102,0
32.375000,1.855218,0
32.376993,1.993164,0
32.379096,2.103213,0
32.380896,1.799535,0
32.383349,2.452934,0
32.385056,1.707068,0
32.387015,1.959562,0
32.389152,2.137096,0
32.391089,1.937005,0
32.392986,1.896849,0
32.395116,2.129833,0
32.396904,1.788083,0
32.398740,1.835581,0
32.401149,2.409582,0
32.403348,2.199167,0
32.405055,1.706795,0
32.407116,2.060554,0
32.409289,2.173223,0
32.411504,2.214595,0
32.413069,1.565130,0
32.415221,2.152228,0
32.416755,1.534042,0
32.419190,2.434981,0
32.421137,1.946934,0
32.423294,2.157306,0
32.425111,1.816827,0
32.426770,1.659016,0
32.429007,2.236650,0
32.430978,1.971021,0
32.433576,2.598738,0
32.435027,1.450683,0
32.436963,1.935455,0
32.439175,2.212065,0
32.441242,2.067898,0
32.443472,2.229591,0
32.445273,1.800443,0
32.447023,1.750206,0
32.449235,2.212684,0
32.451202,1.966195,0
32.453177,1.975185,0
32.455336,2.159437,0
32.456967,1.631243,0
32.459218,2.250700,0
32.461257,2.038592,0
32.463268,2.011297,0
32.464793,1.525132,0
32.466999,2.206151,0
32.468797,1.797605,0
32.470878,2.080740,0
32.472890,2.012618,0
32.475213,2.322249,0
32.476900,1.687246,0
32.479193,2.293476,0
32.480957,1.763334,0
32.482953,1.996809,0
32.485114,2.160737,0
32.487003,1.889239,0
32.489150,2.146607,0
32.491103,1.952804,0
32.493360,2.257651,0
32.495053,1.692797,0
32.496817,1.764019,0
32.499172,2.354746,0
32.500940,1.768265,0
32.503133,2.192395,0
32.505243,2.110365,0
32.507003,1.759547,0
32.509152,2.149077,0
32.511385,2.233391,0
32.513442,2.056679,0
32.514804,1.362260,0
32.517043,2.239224,0
32.519032,1.989029,0
32.520957,1.925236,0
32.523017,2.059107,0
32.525206,2.189445,0
32.526867,1.661452,0
32.528993,2.125033,0
32.530943,1.950739,0
32.533407,2.463561,0
32.535095,1.687831,0
32.536974,1.879483,0
32.539125,2.150636,0
32.541167,2.042314,0
32.542811,1.643733,0
32.544748,1.937663,0
32.547013,2.264075,0
32.549106,2.093172,0
32.551151,2.044833,0
32.553224,2.073453,0
32.555170,1.945646,0
32.557003,1.833576,0
32.559099,2.095344,0
32.561148,2.049777,0
32.562978,1.829188,0
32.565261,2.283182,0
32.566889,1.628233,0
32.569164,2.275428,0
32.571132,1.967470,0
32.573070,1.938371,0
32.575024,1.953376,0
32.576884,1.860806,0
32.578882,1.997170,0
32.580858,1.976400,0
32.583060,2.201837,0
32.584889,1.829102,0
32.587042,2.152727,0
32.588994,1.951947,0
32.591240,2.246666,0
32.593486,2.245962,0
32.594891,1.404666,0
32.597017,2.126585,0
32.599030,2.012891,0
32.601248,2.217614,0
32.603438,2.190357,0
32.605195,1.756366,0
32.606831,1.635853,0
32.608907,2.076892,0
32.610954,2.046650,0
32.613074,2.119968,0
32.614816,1.742080,0
32.616916,2.099540,0
32.618977,2.061037,0
32.620916,1.939612,0
32.622899,1.982210,0
32.624990,2.091585,0
32.626956,1.966059,0
32.629104,2.148236,0
32.630939,1.834718,0
32.633218,2.279083,0
32.635051,1.832599,0
32.636982,1.930750,0
32.639163,2.181635,0
32.641013,1.849854,0
32.643202,2.188994,0
32.644965,1.763226,0
32.647110,2.145221,0
32.649034,1.923969,0
32.651069,2.034366,0
32.653189,2.120311,0
32.655002,1.812588,0
32.656904,1.901998,0
32.659028,2.124616,0
32.661153,2.124463,0
32.663164,2.011625,0
32.665094,1.930059,0
32.666957,1.862462,0
32.668752,1.795335,0
32.671081,2.328252,0
32.673045,1.964615,0
32.675005,1.959500,0
32.676981,1.976622,0
32.679041,2.059721,0
32.681087,2.046035,0
32.683194,2.106785,0
32.684883,1.689319,0
32.686769,1.885470,0
32.688683,1.914323,0
32.690803,2.119629,0
32.693048,2.245926,0
32.694816,1.767218,0
32.696766,1.949973,0
32.698933,2.167387,0
32.700711,1.777961,0
32.703076,2.365340,0
32.704981,1.904404,0
32.706828,1.846760,0
32.708717,1.889764,0
32.711150,2.432723,0
32.712973,1.822493,0
32.714861,1.888974,0
32.716773,1.911180,0
32.718755,1.982382,0
32.721076,2.321346,0
32.723193,2.116253,0
32.725037,1.844121,0
32.726778,1.741517,0
32.728938,2.160027,0
32.730829,1.890629,0
32.732767,1.938554,0
32.734686,1.918118,0
32.736759,2.073214,0
32.739261,2.501875,0
32.741016,1.755424,0
32.743286,2.269741,0
32.745262,1.976195,0
32.747007,1.744800,0
32.749013,2.005859,0
32.750841,1.828303,0
32.753302,2.460803,0
32.755012,1.710609,0
32.757003,1.990341,0
32.759220,2.217097,0
32.761108,1.888502,0
32.763233,2.124427,0
32.765135,1.902478,0
32.766834,1.698402,0
32.768814,1.980732,0
32.771087,2.272450,0
32.773353,2.265810,0
32.775124,1.771016,0
32.776997,1.873097,0
32.779108,2.110840,0
32.781051,1.943501,0
32.783070,2.018707,0
32.785249,2.179046,0
32.787027,1.778041,0
32.789365,2.338380,0
32.791131,1.765666,0
32.793312,2.180605,0
32.795130,1.818382,0
32.797014,1.884450,0
32.798877,1.862133,0
32.801206,2.329102,0
32.803230,2.024135,0
32.805051,1.821349,0
32.807000,1.949120,0
32.809221,2.220411,0
32.811510,2.289113,0
32.813244,1.733896,0
32.815255,2.010957,0
32.817088,1.833205,0
32.819393,2.305128,0
32.821110,1.716659,0
32.823228,2.118805,0
32.825017,1.788785,0
32.827030,2.012921,0
32.829041,2.011371,0
32.830924,1.882475,0
32.833289,2.365166,0
32.835177,1.888056,0
32.837040,1.862900,0
32.839260,2.219489,0
32.841100,1.840272,0
32.843124,2.023921,0
32.844969,1.845343,0
32.846965,1.995992,0
32.849112,2.146832,0
32.851175,2.063072,0
32.853410,2.235045,0
32.855307,1.897015,0
32.857046,1.739096,0
32.859010,1.964131,0
32.861399,2.388734,0
32.863170,1.770643,0
32.864929,1.759282,0
32.866985,2.056106,0
32.869297,2.312086,0
32.871124,1.826381,0
32.872907,1.783015,0
32.875123,2.216874,0
32.876913,1.789459,0
32.878880,1.966942,0
32.880909,2.029601,0
32.883270,2.360281,0
32.885344,2.073964,0
32.887075,1.731686,0
32.889091,2.015959,0
32.891416,2.324596,0
32.893510,2.094215,0
32.895218,1.707750,0
32.897008,1.789732,0
32.898736,1.728621,0
32.901143,2.407143,0
32.903072,1.929034,0
32.904927,1.854966,0
32.907041,2.113369,0
32.909044,2.003651,0
32.911328,2.283161,0
32.913124,1.796159,0
32.914828,1.704524,0
32.916758,1.929984,0
32.919040,2.282281,0
32.920876,1.835813,0
32.922989,2.112884,0
32.925058,2.068385,0
32.926811,1.753504,0
32.929031,2.220288,0
32.931115,2.083613,0
32.933124,2.009443,0
32.934944,1.819215,0
32.936926,1.982483,0
32.939168,2.241869,0
32.940775,1.607079,0
32.943083,2.307754,0
32.944758,1.675000,0
32.946813,2.054831,0
32.948993,2.180195,0
32.951051,2.057927,0
32.953404,2.353511,0
32.955132,1.727459,0
32.956918,1.786098,0
32.959484,2.566556,0
32.961091,1.607084,0
32.962724,1.633009,0
32.964923,2.198470,0
32.966834,1.911353,0
32.968599,1.765039,0
32.970739,2.139193,0
32.973579,2.840930,0
32.975283,1.703876,0
32.976810,1.526998,0
32.978945,2.135035,0
32.980982,2.036973,0
32.982874,1.891920,0
32.984735,1.860702,0
32.986768,2.032842,0
32.988999,2.231009,0
32.990738,1.738960,0
32.992871,2.132992,0
32.994699,1.828524,0
32.996835,2.135993,0
32.999082,2.246336,0
33.001033,1.950927,0
33.003147,2.114780,0
33.004737,1.589978,0
33.006849,2.111811,0
33.009146,2.297258,0
33.011351,2.204317,0
33.013130,1.779352,0
33.014976,1.845716,0
33.016815,1.838800,0
33.019032,2.217472,0
33.020763,1.731105,0
33.022957,2.193992,0
33.024804,1.846775,0
33.026786,1.981763,0
33.029056,2.270330,0
33.031051,1.994529,0
33.033060,2.009223,0
33.035093,2.033462,0
33.036937,1.843781,0
33.039036,2.099141,0
33.040878,1.841461,0
33.043188,2.310005,0
33.045007,1.819026,0
33.046971,1.964171,0
33.049069,2.097894,0
33.050894,1.825392,0
33.052888,1.993519,0
33.054966,2.078479,0
33.056841,1.874900,0
33.059005,2.164236,0
33.060749,1.743713,0
33.063388,2.639523,0
33.065138,1.749333,0
33.066916,1.778241,0
33.068890,1.973831,0
33.071023,2.132989,0
33.073294,2.270775,0
33.075052,1.758042,0
33.076705,1.653643,0
33.079126,2.420909,0
33.081049,1.922503,0
33.083021,1.971826,0
33.085070,2.049309,0
33.086582,1.511869,0
33.088714,2.132031,0
33.091065,2.350992,0
33.093142,2.077072,0
33.094999,1.857425,0
33.096827,1.827344,0
33.098702,1.875446,0
33.101057,2.355084,0
33.103133,2.076081,0
33.104623,1.489777,0
33.106832,2.209228,0
33.109023,2.190782,0
33.110944,1.921474,0
33.113014,2.069190,0
33.114822,1.807907,0
33.116822,2.000638,0
33.118874,2.052234,0
33.120693,1.818447,0
33.123243,2.549866,0
33.125229,1.986262,0
33.126793,1.563616,0
33.129150,2.357339,0
33.130887,1.736992,0
33.133390,2.503394,0
33.134689,1.298339,0
33.136717,2.027954,0
33.139033,2.316306,0
33.140887,1.854116,0
33.142926,2.039105,0
33.144838,1.911422,0
33.146823,1.985013,0
33.149250,2.427180,0
33.151094,1.843917,0
33.153309,2.215258,0
33.155040,1.730851,0
33.156975,1.935356,0
33.159074,2.098599,0
33.161381,2.306915,0
33.163499,2.118062,0
33.164680,1.181120,0
33.167001,2.321011,0
33.168903,1.902340,0
33.170834,1.930974,0
33.172968,2.133698,0
33.175043,2.074802,0
33.177072,2.029315,0
33.179390,2.318017,0
33.181127,1.737459,0
33.183540,2.412241,0
33.185115,1.575456,0
33.186906,1.790675,0
33.189125,2.219165,0
33.190806,1.681454,0
33.192830,2.023392,0
33.195241,2.411144,0
33.196939,1.697806,0
33.199074,2.135531,0
33.201167,2.092294,0
33.203506,2.339067,0
33.205260,1.754613,0
33.207029,1.768708,0
33.208978,1.949088,0
33.211340,2.361736,0
33.213322,1.982437,0
33.215235,1.912579,0
33.216921,1.686259,0
33.219149,2.227366,0
33.221226,2.077747,0
33.223092,1.865293,0
33.225094,2.002719,0
33.227157,2.063156,0
33.229190,2.032668,0
33.231307,2.117146,0
33.233120,1.813140,0
33.234865,1.745127,0
33.236778,1.912960,0
33.238867,2.088125,0
33.240795,1.928547,0
33.242786,1.991214,0
33.244726,1.939901,0
33.246760,2.034086,0
33.248836,2.075718,0
33.250872,2.035759,0
33.253409,2.537153,0
33.255107,1.698140,0
33.257014,1.906769,0
33.259303,2.288975,0
33.261556,2.253294,0
33.263116,1.560058,0
33.265321,2.204470,0
33.267005,1.684125,0
33.269308,2.303191,0
33.271109,1.801419,0
33.273500,2.390600,0
33.275241,1.741158,0
33.277043,1.801754,0
33.278789,1.746208,0
33.280976,2.187309,0
33.283266,2.290025,0
33.285148,1.881380,0
33.287015,1.866757,0
33.289163,2.148388,0
33.291178,2.015262,0
33.293393,2.214883,0
33.294880,1.486445,0
33.296923,2.043259,0
33.299085,2.162301,0
33.301045,1.959912,0
33.303352,2.307212,0
33.305051,1.698318,0
33.306905,1.853948,0
33.308868,1.963908,0
33.310994,2.125404,0
33.313361,2.367501,0
33.315188,1.826345,0
33.317045,1.857663,0
33.319208,2.162666,0
33.321087,1.879459,0
33.323310,2.222510,0
33.325231,1.920703,0
33.327018,1.787174,0
33.328809,1.790776,0
33.330870,2.061095,0
33.333226,2.356610,0
33.334785,1.558917,0
33.337103,2.317684,0
33.339166,2.062794,0
33.341060,1.894335,0
33.343436,2.375471,0
33.345115,1.679387,0
33.346940,1.824977,0
33.348733,1.793339,0
33.351242,2.508937,0
33.353428,2.186151,0
33.354984,1.555719,0
33.356912,1.928321,0
33.359188,2.275673,0
33.361268,2.080413,0
33.362936,1.667441,0
33.364802,1.866563,0
33.366919,2.116903,0
33.368880,1.960736,0
33.370945,2.064413,0
33.373077,2.132842,0
33.375073,1.995281,0
33.376992,1.919479,0
33.379146,2.153895,0
33.381286,2.140350,0
33.383303,2.016396,0
33.385016,1.712889,0
33.386824,1.807977,0
33.388916,2.092274,0
33.390969,2.053175,0
33.393207,2.237854,0
33.395164,1.957081,0
33.397010,1.846244,0
33.398861,1.850663,0
33.400962,2.101288,0
33.403411,2.448844,0
33.404975,1.563771,0
33.406905,1.929867,0
33.409223,2.318745,0
33.411138,1.914224,0
33.413071,1.933619,0
33.415553,2.482211,0
33.417033,1.479069,0
33.418954,1.921611,0
33.420911,1.956825,0
33.422862,1.950691,0
33.424828,1.966777,0
33.427018,2.189142,0
33.429242,2.224858,0
33.431074,1.831507,0
33.433461,2.386907,0
33.435324,1.862753,0
33.437050,1.726429,0
33.439130,2.079634,0
33.440853,1.723587,0
33.443170,2.317006,0
33.445170,2.000171,0
33.447034,1.863669,0
33.448859,1.825145,0
33.450954,2.094754,0
33.453218,2.263680,0
33.455119,1.901601,0
33.457021,1.901564,0
33.459124,2.103617,0
33.461389,2.264599,0
33.463558,2.169336,0
33.465243,1.684870,0
33.466766,1.522429,0
33.469155,2.389123,0
33.471131,1.975917,0
33.473351,2.220249,0
33.475143,1.791737,0
33.476841,1.698167,0
33.479227,2.386362,0
33.481196,1.968860,0
33.482927,1.731180,0
33.484962,2.034558,0
33.486810,1.848507,0
33.489194,2.383679,0
33.491093,1.898741,0
33.493506,2.413067,0
33.495054,1.548192,0
33.497027,1.972462,0
33.499317,2.290107,0
33.501053,1.736095,0
33.503539,2.486141,0
33.504926,1.386678,0
33.507001,2.075830,0
33.509005,2.003695,0
33.511347,2.341848,0
33.513324,1.977184,0
33.515160,1.836134,0
33.517014,1.853763,0
33.519007,1.992872,0
33.521172,2.165156,0
33.522960,1.787750,0
33.525066,2.106145,0
33.526958,1.892255,0
33.529246,2.287666,0
33.531258,2.011713,0
33.533359,2.101660,0
33.535268,1.908996,0
33.536955,1.686490,0
33.539015,2.060750,0
33.540921,1.905233,0
33.543747,2.826022,0
33.545202,1.455587,0
33.547029,1.826502,0
33.549235,2.206446,0
33.551314,2.079153,0
33.553666,2.351727,0
33.555186,1.519593,0
33.557310,2.124311,0
33.559388,2.077689,0
33.561379,1.991621,0
33.562976,1.596183,0
33.565038,2.062032,0
33.567026,1.988047,0
33.568950,1.924513,0
33.570884,1.933982,0
33.573040,2.155914,0
33.574817,1.777201,0
33.576817,1.999418,0
33.578948,2.131665,0
33.580748,1.799228,0
33.583127,2.379837,0
33.584854,1.726882,0
33.586812,1.957312,0
33.589091,2.279943,0
33.590827,1.735435,0
33.592965,2.138012,0
33.594675,1.709936,0
33.596810,2.135160,0
33.598846,2.036001,0
33.601029,2.182999,0
33.603169,2.140053,0
33.604844,1.675216,0
33.606810,1.965424,0
33.608772,1.962654,0
33.610981,2.209018,0
33.613085,2.103588,0
33.614781,1.695616,0
33.616670,1.889233,0
33.618621,1.951654,0
33.620681,2.059176,0
33.622946,2.264894,0
33.624695,1.749237,0
33.626681,1.986587,0
33.628716,2.035026,0
33.630727,2.010863,0
33.632928,2.200295,0
33.634754,1.826326,0
33.636810,2.056037,0
33.638960,2.150156,0
33.641064,2.103937,0
33.643144,2.080026,0
33.645046,1.901704,0
33.646749,1.703645,0
33.649029,2.280046,0
33.650783,1.753593,0
33.653124,2.340544,0
33.654870,1.746681,0
33.656840,1.970101,0
33.659055,2.214373,0
33.660925,1.870500,0
33.662690,1.765095,0
33.664975,2.284509,0
33.666748,1.772810,0
33.668617,1.869680,0
33.670980,2.363000,0
33.673420,2.439910,0
33.675167,1.746720,0
33.676834,1.667510,0
33.679110,2.275518,0
33.681158,2.047594,0
33.683352,2.194311,0
33.685119,1.767385,0
33.686908,1.789042,0
33.689239,2.330949,0
33.691143,1.903549,0
33.693333,2.190311,0
33.694798,1.464500,0
33.696802,2.004789,0
33.699039,2.236107,0
33.700853,1.814869,0
33.703302,2.448880,0
33.704984,1.681605,0
33.706877,1.892979,0
33.708985,2.107672,0
33.711038,2.053253,0
33.713169,2.131483,0
33.715066,1.896990,0
33.716834,1.767698,0
33.719120,2.285750,0
33.721072,1.951922,0
33.722976,1.904127,0
33.725027,2.050965,0
33.726897,1.869972,0
33.729321,2.424645,0
33.731043,1.721869,0
33.732998,1.955299,0
33.734885,1.886398,0
33.736840,1.955100,0
33.739014,2.174268,0
33.740762,1.747697,0
33.742904,2.142100,0
33.744830,1.925626,0
33.746873,2.042979,0
33.748966,2.093087,0
33.751064,2.098539,0
33.753178,2.113372,0
33.755019,1.841261,0
33.756820,1.801026,0
33.759183,2.363388,0
33.760985,1.801732,0
33.763338,2.353049,0
33.764945,1.607008,0
33.766663,1.717546,0
33.768648,1.985128,0
33.770605,1.957088,0
33.773470,2.865549,0
33.774950,1.479401,0
33.776894,1.944390,0
33.779019,2.124403,0
33.780964,1.945456,0
33.782991,2.026918,0
33.784837,1.845896,0
33.786833,1.996436,0
33.789125,2.291822,0
33.790965,1.840075,0
33.793263,2.297672,0
33.795121,1.857611,0
33.796809,1.688644,0
33.799107,2.298025,0
33.801007,1.900074,0
33.803014,2.006517,0
33.805041,2.026842,0
33.806829,1.788784,0
33.808851,2.021714,0
33.810897,2.045432,0
33.813131,2.234948,0
33.814940,1.808761,0
33.816804,1.863937,0
33.818909,2.104457,0
33.820627,1.717916,0
33.823044,2.417263,0
33.824929,1.884812,0
33.826842,1.913844,0
33.829015,2.172369,0
33.830965,1.950068,0
33.833116,2.151050,0
33.835024,1.907993,0
33.836864,1.839651,0
33.839004,2.140714,0
33.841111,2.106479,0
33.843287,2.176108,0
33.845032,1.744585,0
33.846841,1.809298,0
33.849222,2.380725,0
33.851073,1.851456,0
33.853138,2.065204,0
33.854984,1.845816,0
33.856684,1.699720,0
33.858966,2.282650,0
33.860862,1.895593,0
33.862975,2.112670,0
33.865435,2.460852,0
33.868712,3.276332,1
33.870079,1.367319,0
33.871652,1.572687,0
33.874087,2.435338,0
33.874869,0.782050,0
33.876757,1.887472,0
33.879128,2.371551,0
33.881057,1.929158,0
33.883114,2.056652,0
33.885151,2.037316,0
33.886781,1.629215,0
33.888817,2.036589,0
33.891000,2.182910,0
33.892780,1.779809,0
33.895021,2.240861,0
33.897009,1.988067,0
33.899208,2.199518,0
33.900970,1.761894,0
33.903442,2.471806,0
33.905164,1.722272,0
33.907196,2.031529,0
33.908952,1.755849,0
33.910893,1.941778,0
33.913262,2.369023,0
33.914915,1.652617,0
33.916859,1.943729,0
33.919064,2.205376,0
33.920908,1.843821,0
33.923207,2.299004,0
33.925102,1.894890,0
33.926783,1.681495,0
33.929158,2.374220,0
33.931045,1.887096,0
33.933218,2.173718,0
33.935033,1.814334,0
33.936851,1.817733,0
33.939254,2.403088,0
33.941226,1.972622,0
33.943376,2.149383,0
33.945039,1.663461,0
33.946821,1.781633,0
33.948819,1.997859,0
33.951012,2.193910,0
33.953434,2.421490,0
33.955112,1.677982,0
33.956842,1.729742,0
33.959077,2.235142,0
33.960916,1.839589,0
33.963220,2.303975,0
33.965002,1.781698,0
33.966821,1.818968,0
33.968817,1.996006,0
33.970797,1.980066,0
33.972910,2.112525,0
33.974765,1.854869,0
33.976675,1.910663,0
33.978829,2.154146,0
33.980726,1.897157,0
33.982910,2.183463,0
33.984984,2.073980,0
33.986801,1.817356,0
33.988763,1.961543,0
33.991046,2.283548,0
33.993350,2.303704,0
33.995051,1.700720,0
33.996812,1.761316,0
33.998876,2.064334,0
34.001023,2.147011,0
34.003245,2.221898,0
34.004748,1.502285,0
34.006835,2.087460,0
34.009147,2.312009,0
34.010886,1.739076,0
34.013193,2.307270,0
34.014799,1.605934,0
34.016716,1.916979,0
34.019021,2.304403,0
34.020709,1.687798,0
34.023737,3.028524,1
34.025172,1.434489,0
34.026889,1.717539,0
34.029696,2.806709,0
34.030734,1.038252,0
34.032839,2.105026,0
34.034756,1.916735,0
34.036771,2.014924,0
34.038799,2.028025,0
34.041021,2.222346,0
34.043103,2.081556,0
34.045111,2.008617,0
34.046831,1.719452,0
34.048748,1.917392,0
34.051047,2.298452,0
34.053148,2.101718,0
34.054869,1.721165,0
34.056803,1.933314,0
34.059102,2.299188,0
34.061085,1.982697,0
34.063234,2.149706,0
34.064919,1.684552,0
34.066784,1.865519,0
34.069030,2.245449,0
34.070997,1.967033,0
34.073403,2.406451,0
34.074936,1.532518,0
34.076827,1.890835,0
34.078892,2.065558,0
34.080863,1.970374,0
34.082980,2.117728,0
34.084662,1.681556,0
34.086786,2.123555,0
34.088844,2.058561,0
34.091071,2.227264,0
34.093110,2.038527,0
34.094812,1.702417,0
34.096785,1.972537,0
34.098745,1.960214,0
34.100926,2.180602,0
34.102685,1.759435,0
34.104988,2.302423,0
34.106870,1.882750,0
34.109185,2.314942,0
34.111001,1.816113,0
34.113044,2.042925,0
34.114668,1.623466,0
34.116778,2.110589,0
34.118695,1.916322,0
34.121099,2.403953,0
34.123370,2.271339,0
34.124964,1.593875,0
34.126879,1.914729,0
34.129046,2.167638,0
34.131018,1.971908,0
34.133110,2.091449,0
34.134969,1.859154,0
34.136896,1.926974,0
34.138894,1.997896,0
34.141158,2.264390,0
34.143334,2.176219,0
34.144659,1.325115,0
34.146761,2.101861,0
34.148990,2.229305,0
34.151069,2.078597,0
34.153052,1.982542,0
34.155123,2.071614,0
34.156781,1.657364,0
34.159126,2.345243,0
34.160921,1.795073,0
34.163101,2.179696,0
34.165060,1.959913,0
34.166915,1.854596,0
34.169010,2.095382,0
34.171054,2.043139,0
34.173183,2.129558,0
34.174807,1.623592,0
34.176808,2.001584,0
34.179059,2.251019,0
34.180827,1.767943,0
34.183172,2.345066,0
34.184733,1.560566,0
34.186855,2.121722,0
34.189029,2.174204,0
34.190906,1.877499,0
34.193143,2.236312,0
34.194811,1.668282,0
34.196816,2.005284,0
34.199175,2.359073,0
34.201126,1.950701,0
34.203225,2.099129,0
34.205097,1.871954,0
34.206830,1.733317,0
34.209038,2.208026,0
34.210783,1.745090,0
34.213153,2.369176,0
34.215044,1.891454,0
34.216842,1.798135,0
34.218830,1.987741,0
34.221064,2.234161,0
34.223574,2.510051,0
34.224891,1.316513,0
34.226838,1.946897,0
34.229365,2.527317,0
34.231356,1.991432,0
34.233560,2.203768,0
34.234797,1.237074,0
34.236897,2.099283,0
34.238754,1.857553,0
34.240794,2.039564,0
34.243119,2.325112,0
34.245156,2.037214,0
34.246823,1.666715,0
34.249051,2.227907,0
34.251122,2.071893,0
34.253208,2.085872,0
34.255036,1.828061,0
34.256816,1.779331,0
34.259146,2.330485,0
34.260807,1.661094,0
34.263087,2.280167,0
34.265036,1.948439,0
34.266901,1.864627,0
34.269046,2.145241,0
34.270864,1.818277,0
34.272982,2.118078,0
34.275014,2.031926,0
34.276844,1.830325,0
34.279038,2.194111,0
34.281062,2.023876,0
34.282990,1.927683,0
34.284611,1.620910,0
34.286834,2.223100,0
34.288709,1.875198,0
34.290998,2.288774,0
34.293495,2.497186,0
34.295106,1.610837,0
34.296984,1.877629,0
34.299235,2.251573,0
34.301030,1.794818,0
34.303172,2.142250,0
34.305042,1.869857,0
34.306806,1.764131,0
34.309203,2.396806,0
34.310913,1.709953,0
34.313216,2.303125,0
34.314891,1.674330,0
34.316837,1.946792,0
34.319124,2.286515,0
34.320975,1.850987,0
34.323176,2.201310,0
34.324847,1.670541,0
34.326834,1.987654,0
34.328723,1.888202,0
34.331034,2.311739,0
34.333015,1.980915,0
34.334709,1.693745,0
34.336685,1.975974,0
34.339009,2.324476,0
34.340869,1.859826,0
34.343051,2.182025,0
34.345058,2.007154,0
34.346778,1.719666,0
34.349067,2.288719,0
34.351093,2.026693,0
34.352969,1.875458,0
34.355049,2.080081,0
34.356841,1.791922,0
34.359053,2.212408,0
34.360804,1.750436,0
34.363155,2.351538,0
34.364619,1.463937,0
34.366815,2.195581,0
34.368993,2.178060,0
34.370876,1.882685,0
34.372812,1.936664,0
34.375054,2.241435,0
34.376780,1.726219,0
34.379104,2.324120,0
34.381097,1.992787,0
34.383169,2.072118,0
34.385019,1.850483,0
34.386837,1.817861,0
34.389032,2.194605,0
34.391044,2.011865,0
34.393390,2.346418,0
34.395046,1.655609,0
34.396840,1.793836,0
34.399051,2.211809,0
34.401244,2.192858,0
34.403152,1.907453,0
34.405181,2.029704,0
34.406755,1.573268,0
34.408754,1.999568,0
34.410855,2.100721,0
34.412929,2.074194,0
34.414880,1.950896,0
34.416832,1.952089,0
34.418853,2.020757,0
34.420879,2.025864,0
34.423145,2.266679,0
34.425161,2.015617,0
34.426716,1.554955,0
34.429028,2.312010,0
34.430957,1.929275,0
34.433110,2.152925,0
34.435094,1.983271,0
34.436839,1.745290,0
34.439153,2.313932,0
34.441144,1.991719,0
34.443336,2.191688,0
34.444704,1.368356,0
34.446770,2.065412,0
34.448693,1.923239,0
34.450999,2.306144,0
34.453138,2.139116,0
34.454995,1.856911,0
34.456847,1.851894,0
34.459078,2.231285,0
34.460861,1.782546,0
34.463029,2.167884,0
34.464956,1.926711,0
34.466820,1.864156,0
34.468938,2.118102,0
34.471010,2.072329,0
34.472916,1.905405,0
34.474918,2.002743,0
34.476855,1.936308,0
34.479001,2.146054,0
34.480975,1.973938,0
34.483162,2.187057,0
34.484949,1.787220,0
34.486847,1.897704,0
34.488870,2.023323,0
34.490817,1.946850,0
34.492833,2.016452,0
34.495144,2.311168,0
34.496575,1.430169,0
34.498991,2.415912,0
34.500762,1.771666,0
34.502737,1.974447,0
34.504932,2.195213,0
34.506815,1.882805,0
34.508816,2.001817,0
34.510677,1.860866,0
34.512637,1.959287,0
34.514654,2.017379,0
34.516827,2.172819,0
34.518982,2.155516,0
34.520885,1.902168,0
34.523095,2.210681,0
34.524789,1.693663,0
34.526798,2.009412,0
34.529171,2.372387,0
34.531205,2.034430,0
34.533569,2.363780,0
34.535120,1.550934,0
34.536796,1.676428,0
34.539050,2.253321,0
34.540940,1.890288,0
34.543201,2.260706,0
34.545064,1.863129,0
34.546712,1.648528,0
34.548713,2.000322,0
34.550891,2.178506,0
34.552888,1.997401,0
34.554848,1.959449,0
34.556814,1.965884,0
34.559334,2.520676,0
34.560975,1.640610,0
34.563312,2.337295,0
34.564874,1.561197,0
34.566866,1.992844,0
34.568657,1.790532,0
34.570671,2.013788,0
34.572717,2.046541,0
34.574676,1.958345,0
34.576649,1.973722,0
34.578772,2.122571,0
34.580903,2.131353,0
34.582948,2.044971,0
34.584798,1.849903,0
34.586784,1.985572,0
34.588779,1.995641,0
34.590680,1.900246,0
34.592626,1.946307,0
34.594658,2.032333,0
34.596776,2.117922,0
34.599180,2.404105,0
34.601105,1.924545,0
34.603276,2.171593,0
34.604982,1.705593,0
34.606831,1.849142,0
34.609063,2.232227,0
34.610728,1.664796,0
34.613207,2.478575,0
34.614848,1.641596,0
34.616834,1.985815,0
34.618948,2.114104,0
34.620974,2.026032,0
34.623387,2.413044,0
34.625138,1.750515,0
34.626835,1.696998,0
34.629011,2.175793,0
34.630795,1.784443,0
34.632816,2.020886,0
34.634990,2.173915,0
34.636818,1.828324,0
34.638763,1.944993,0
34.641190,2.426360,0
34.643397,2.207416,0
34.645534,2.136656,0
34.646975,1.441607,0
34.649005,2.029738,0
34.650785,1.779980,0
34.652796,2.011346,0
34.654684,1.887377,0
34.656694,2.010728,0
34.658974,2.279799,0
34.660939,1.965339,0
34.663421,2.481506,0
34.664917,1.496030,0
34.666830,1.912765,0
34.669146,2.315815,0
34.670864,1.718668,0
34.673160,2.296212,0
34.675038,1.877426,0
34.676839,1.801241,0
34.679056,2.216889,0
34.681090,2.033668,0
34.682981,1.890856,0
34.684866,1.885684,0
34.686800,1.933484,0
34.688817,2.017606,0
34.691063,2.245780,0
34.692978,1.914424,0
34.695057,2.079377,0
34.696842,1.785533,0
34.699109,2.266622,0
34.700759,1.649911,0
34.703034,2.275463,0
34.705101,2.066903,0
34.706826,1.725059,0
34.709054,2.227779,0
34.710866,1.812075,0
34.713328,2.462126,0
34.715069,1.740586,0
34.716838,1.769185,0
34.718735,1.897291,0
34.720798,2.062732,0
34.723400,2.602130,0
34.725000,1.599963,0
34.726722,1.722012,0
34.728763,2.040206,0
34.731410,2.647811,0
34.733146,1.735774,0
34.734871,1.724432,0
34.736813,1.942109,0
34.738795,1.982105,0
34.740849,2.054351,0
34.743215,2.366408,0
34.745063,1.847970,0
34.746818,1.754393,0
34.749049,2.231465,0
34.751171,2.121417,0
34.753495,2.324363,0
34.755024,1.528898,0
34.756891,1.866898,0
34.759433,2.542540,0
34.760851,1.417899,0
34.762957,2.105189,0
34.764827,1.870350,0
34.766834,2.006954,0
34.768839,2.005203,0
34.771063,2.223973,0
34.773077,2.013717,0
34.775024,1.947724,0
34.776940,1.915916,0
34.778964,2.023301,0
34.781141,2.177483,0
34.783173,2.031467,0
34.784865,1.692816,0
34.786834,1.968207,0
34.788890,2.056808,0
34.790840,1.949675,0
34.792874,2.033494,0
34.794724,1.850072,0
34.796660,1.936370,0
34.799029,2.368589,0
34.801226,2.197114,0
34.802915,1.688997,0
34.805034,2.119570,0
34.806814,1.779689,0
34.808972,2.158209,0
34.810854,1.881859,0
34.813313,2.459339,0
34.814901,1.587703,0
34.816839,1.937608,0
34.819049,2.210505,0
34.820845,1.795673,0
34.822921,2.076421,0
34.825034,2.113142,0
34.826715,1.680815,0
34.829162,2.446498,0
34.830913,1.751368,0
34.833000,2.086729,0
34.834803,1.803191,0
34.836797,1.993648,0
34.838756,1.959388,0
34.840956,2.199838,0
34.843127,2.170922,0
34.844703,1.576495,0
34.846856,2.152560,0
34.849054,2.197683,0
34.850809,1.755324,0
34.852925,2.116270,0
34.855063,2.138019,0
34.856801,1.737691,0
34.859044,2.242960,0
34.860875,1.830773,0
34.863100,2.225763,0
34.864981,1.880462,0
34.866796,1.815471,0
34.869034,2.237989,0
34.871092,2.057825,0
34.873194,2.102232,0
34.874983,1.788656,0
34.876732,1.748556,0
34.879044,2.312323,0
34.880928,1.883744,0
34.883533,2.605059,0
34.885221,1.688244,0
34.886979,1.758369,0
34.889094,2.115065,0
34.891194,2.099262,0
34.893138,1.944763,0
34.894713,1.574517,0
34.896838,2.125439,0
34.899061,2.222516,0
34.901029,1.967701,0
34.903658,2.629114,0
34.905265,1.606958,0
34.906840,1.574971,0
34.909083,2.243070,0
34.910991,1.907989,0
34.912938,1.947088,0
34.914740,1.801954,0
34.916844,2.104576,0
34.919161,2.316432,0
34.920863,1.702366,0
34.923351,2.487718,0
34.925140,1.789294,0
34.926849,1.708497,0
34.929158,2.309751,0
34.931198,2.039840,0
34.933172,1.973569,0
34.934968,1.795958,0
34.936827,1.859394,0
34.939039,2.212097,0
34.941142,2.102903,0
34.943194,2.051527,0
34.945178,1.983997,0
34.946838,1.660658,0
34.949097,2.258852,0
34.950737,1.640119,0
34.952835,2.097712,0
34.954798,1.962631,0
34.956807,2.009840,0
34.958794,1.986244,0
34.960725,1.931505,0
34.963291,2.565672,0
34.964948,1.656813,0
34.966905,1.957340,0
34.968957,2.052218,0
34.971168,2.210482,0
34.973152,1.983974,0
34.974848,1.696664,0
34.976800,1.951885,0
34.978694,1.893320,0
34.980794,2.100678,0
34.982979,2.185102,0
34.984920,1.940509,0
34.986787,1.866832,0
34.988735,1.948101,0
34.990753,2.017806,0
34.993215,2.462353,0
34.995099,1.884483,0
34.996840,1.740960,0
34.999047,2.206575,0
35.001059,2.011827,0
35.002981,1.922626,0
35.005068,2.086849,0
35.006863,1.795179,0
35.009053,2.189509,0
35.010837,1.783699,0
35.013169,2.332684,0
35.014950,1.780555,0
35.016778,1.828312,0
35.019007,2.229141,0
35.020895,1.887219,0
35.022931,2.036571,0
35.024781,1.849503,0
35.026923,2.142328,0
35.029008,2.085426,0
35.030955,1.946911,0
35.033328,2.373149,0
35.034935,1.606387,0
35.036845,1.909828,0
35.039052,2.207155,0
35.041065,2.012655,0
35.043205,2.140577,0
35.044710,1.505094,0
35.046850,2.139575,0
35.048886,2.036020,0
35.050893,2.007281,0
35.053040,2.146484,0
35.054723,1.682968,0
35.056846,2.123608,0
35.059015,2.168414,0
35.060798,1.783263,0
35.062974,2.176333,0
35.065553,2.579057,0
35.066812,1.258960,0
35.069183,2.370416,0
35.070953,1.770566,0
35.073556,2.602669,0
35.075114,1.558017,0
35.076837,1.723454,0
35.079011,2.174223,0
35.081000,1.988844,0
35.083329,2.328942,0
35.084955,1.625914,0
35.086889,1.934154,0
35.088908,2.019022,0
35.091185,2.276921,0
35.093359,2.173870,0
35.095030,1.671207,0
35.096778,1.747726,0
35.099030,2.252370,0
35.101009,1.978798,0
35.102756,1.746585,0
35.105241,2.484788,0
35.106848,1.607747,0
35.108981,2.132386,0
35.110961,1.980565,0
35.113194,2.232572,0
35.114887,1.693093,0
35.116831,1.944358,0
35.118828,1.996968,0
35.121077,2.248296,0
35.123125,2.047981,0
35.125038,1.913890,0
35.126840,1.801578,0
35.129009,2.168655,0
35.130991,1.982198,0
35.133331,2.339849,0
35.134749,1.418412,0
35.136890,2.140455,0
35.138904,2.013964,0
35.140693,1.789534,0
35.143439,2.745419,0
35.144926,1.487606,0
35.146800,1.873450,0
35.149123,2.323231,0
35.151064,1.941397,0
35.153150,2.085517,0
35.154956,1.806691,0
35.156834,1.877485,0
35.158929,2.094789,0
35.160815,1.885843,0
35.162996,2.181587,0
35.164742,1.745847,0
35.166840,2.098193,0
35.168920,2.080101,0
35.171139,2.218244,0
35.172951,1.812654,0
35.174849,1.897791,0
35.176837,1.988342,0
35.178981,2.143952,0
35.180820,1.838523,0
35.182824,2.004624,0
35.184729,1.905077,0
35.186812,2.082394,0
35.189171,2.358856,0
35.191180,2.009213,0
35.193132,1.951671,0
35.195157,2.025656,0
35.196812,1.655158,0
35.198786,1.973127,0
35.201131,2.345125,0
35.203090,1.959213,0
35.205067,1.977577,0
35.206812,1.744698,0
35.209099,2.287261,0
35.210828,1.728497,0
35.213154,2.325617,0
35.214978,1.824244,0
35.216717,1.739383,0
35.218881,2.163635,0
35.220847,1.966656,0
35.223033,2.185313,0
35.225027,1.994552,0
35.226837,1.809472,0
35.229014,2.176860,0
35.231139,2.125347,0
35.233155,2.015740,0
35.234916,1.760789,0
35.236820,1.904685,0
35.239062,2.242211,0
35.240839,1.776783,0
35.243168,2.329141,0
35.245033,1.864952,0
35.246813,1.780096,0
35.248820,2.006225,0
35.251082,2.262850,0
35.253188,2.105637,0
35.255153,1.964641,0
35.256855,1.702254,0
35.259169,2.313766,0
35.260835,1.666501,0
35.263328,2.493196,0
35.265008,1.679684,0
35.266832,1.823655,0
35.268909,2.077083,0
35.270893,1.984319,0
35.273317,2.423277,0
35.275060,1.743726,0
35.276838,1.777995,0
35.279168,2.329856,0
35.281053,1.884958,0
35.283195,2.141784,0
35.285140,1.945043,0
35.286837,1.697330,0
35.288693,1.856210,0
35.291076,2.382592,0
35.293165,2.089099,0
35.295029,1.863814,0
35.296831,1.801901,0
35.299001,2.169847,0
35.300831,1.830445,0
35.303068,2.236882,0
35.304811,1.742604,0
35.306621,1.810654,0
35.309193,2.572136,0
35.310767,1.573865,0
35.313081,2.313792,0
35.314846,1.764478,0
35.316803,1.957637,0
35.318966,2.162619,0
35.320955,1.988946,0
35.323332,2.377615,0
35.324965,1.632910,0
35.326860,1.895148,0
35.328994,2.133118,0
35.331054,2.060274,0
35.333247,2.192852,0
35.335035,1.788560,0
35.336849,1.813599,0
35.339041,2.191963,0
35.341207,2.166601,0
35.342872,1.664929,0
35.345103,2.230293,0
35.346837,1.733974,0
35.349065,2.228607,0
35.351033,1.967989,0
35.353129,2.095457,0
35.355168,2.039785,0
35.356846,1.677742,0
35.359222,2.375517,0
35.360741,1.519015,0
35.362939,2.198771,0
35.365216,2.276508,0
35.366785,1.568767,0
35.368816,2.030890,0
35.370846,2.030892,0
35.373168,2.321302,0
35.374810,1.642271,0
35.376815,2.004968,0
35.378740,1.924985,0
35.380974,2.233861,0
35.383246,2.272618,0
35.384894,1.647806,0
35.386815,1.920438,0
35.389058,2.243349,0
35.390852,1.793562,0
35.392866,2.014720,0
35.394751,1.884183,0
35.396676,1.925944,0
35.398997,2.320276,0
35.400752,1.754979,0
35.403106,2.354550,0
35.404824,1.718148,0
35.406717,1.892751,0
35.408685,1.967307,0
35.410742,2.057937,0
35.412867,2.124506,0
35.414717,1.849987,0
35.416723,2.006376,0
35.419016,2.292651,0
35.421047,2.031315,0
35.422983,1.935755,0
35.424729,1.745751,0
35.426836,2.107524,0
35.428860,2.023281,0
35.431061,2.201616,0
35.433126,2.065221,0
35.434776,1.649521,0
35.436838,2.061900,0
35.439119,2.281403,0
35.440987,1.867959,0
35.443165,2.177671,0
35.445126,1.961133,0
35.446833,1.706915,0
35.449176,2.342814,0
35.451048,1.872415,0
35.453066,2.017699,0
35.454830,1.764444,0
35.456819,1.988793,0
35.458934,2.115290,0
35.461542,2.607820,0
35.463514,1.971711,0
35.465055,1.541431,0
35.467885,2.829871,0
35.469277,1.392260,0
35.471035,1.757603,0
35.473128,2.093147,0
35.474994,1.865357,0
35.476837,1.843744,0
35.478919,2.081956,0
35.481121,2.201311,0
35.482927,1.806193,0
35.484728,1.801284,0
35.486756,2.028261,0
35.488724,1.967992,0
35.490811,2.086247,0
35.493391,2.580616,0
35.494978,1.587255,0
35.496795,1.816218,0
35.498921,2.126003,0
35.500890,1.969109,0
35.503089,2.199698,0
35.504963,1.873481,0
35.506815,1.852119,0
35.508982,2.167315,0
35.510730,1.747491,0
35.513398,2.667866,0
35.514845,1.447729,0
35.516845,1.999322,0
35.519121,2.276287,0
35.520957,1.836230,0
35.522934,1.976318,0
35.525086,2.152088,0
35.526837,1.751212,0
35.528898,2.060908,0
35.530860,1.962607,0
35.532969,2.108259,0
35.535069,2.099889,0
35.536839,1.770116,0
35.539185,2.346573,0
35.540971,1.785311,0
35.543423,2.452104,0
35.545134,1.711045,0
35.546812,1.678521,0
35.548981,2.169143,0
35.550738,1.756430,0
35.553327,2.588955,0
35.554989,1.661797,0
35.556836,1.847843,0
35.559070,2.233798,0
35.560832,1.762150,0
35.563227,2.394391,0
35.564762,1.535356,0
35.566798,2.035974,0
35.568669,1.870478,0
35.570917,2.248494,0
35.572692,1.775267,0
35.574852,2.159473,0
35.576745,1.892972,0
35.578826,2.081185,0
35.580810,1.984175,0
35.582892,2.081467,0
35.585110,2.218555,0
35.586821,1.710740,0
35.589169,2.348426,0
35.591068,1.898469,0
35.593091,2.022751,0
35.594654,1.563473,0
35.596774,2.119511,0
35.598895,2.121340,0
35.601160,2.265081,0
35.603131,1.970766,0
35.604947,1.816201,0
35.606848,1.900754,0
35.609010,2.161839,0
35.610795,1.785521,0
35.613434,2.639195,0
35.615006,1.571717,0
35.616834,1.827698,0
35.619059,2.225345,0
35.621215,2.155527,0
35.623244,2.029494,0
35.624954,1.710477,0
35.626834,1.879919,0
35.628848,2.013424,0
35.631059,2.211057,0
35.633228,2.168917,0
35.635000,1.772361,0
35.636837,1.836550,0
35.639040,2.203384,0
35.641041,2.000722,0
35.642978,1.937457,0
35.645050,2.071250,0
35.646778,1.728184,0
35.648713,1.935621,0
35.650727,2.013965,0
35.653268,2.540807,0
35.655158,1.890074,0
35.656836,1.677701,0
35.659055,2.218740,0
35.661103,2.047922,0
35.663382,2.279502,0
35.665139,1.757087,0
35.666850,1.711173,0
35.668984,2.133571,0
35.671017,2.033041,0
35.673129,2.112197,0
35.675203,2.074221,0
35.676847,1.643335,0
35.678862,2.014984,0
35.680872,2.010189,0
35.683106,2.234094,0
35.684978,1.872418,0
35.686836,1.857603,0
35.688917,2.080540,0
35.691042,2.125160,0
35.693183,2.141428,0
35.695032,1.848642,0
35.696662,1.630521,0
35.699038,2.376082,0
35.700995,1.956903,0
35.703139,2.143459,0
35.705026,1.887711,0
35.706837,1.810362,0
35.708993,2.156231,0
35.711138,2.145444,0
35.713338,2.199898,0
35.714848,1.509802,0
35.716810,1.961411,0
35.718845,2.035637,0
35.720972,2.127104,0
35.723244,2.271388,0
35.724925,1.681628,0
35.726814,1.888752,0
35.729028,2.213622,0
35.730868,1.840485,0
35.733011,2.142794,0
35.734846,1.834906,0
35.736824,1.977925,0
35.739008,2.184302,0
35.740929,1.920467,0
35.743273,2.344913,0
35.744973,1.699291,0
35.746816,1.842818,0
35.748955,2.139016,0
35.750972,2.016947,0
35.753330,2.358369,0
35.755184,1.854202,0
35.756877,1.692584,0
35.759148,2.270958,0
35.760864,1.716113,0
35.763288,2.423992,0
35.765133,1.844841,0
35.766841,1.707928,0
35.768727,1.886362,0
35.771129,2.401969,0
35.772919,1.790584,0
35.774894,1.974197,0
35.776850,1.956194,0
35.778821,1.971034,0
35.781057,2.236210,0
35.783441,2.383610,0
35.785087,1.645955,0
35.786729,1.642067,0
35.789039,2.309915,0
35.790894,1.854924,0
35.793275,2.381101,0
35.795053,1.778209,0
35.796847,1.794152,0
35.799132,2.284779,0
35.800833,1.701492,0
35.803033,2.199619,0
35.804738,1.704989,0
35.806837,2.099247,0
35.808885,2.047860,0
35.810779,1.893944,0
35.813005,2.225915,0
35.814927,1.921819,0
35.816832,1.905125,0
35.818962,2.130084,0
35.820891,1.929107,0
35.823051,2.160311,0
35.824714,1.662362,0
35.826679,1.965111,0
35.828911,2.232238,0
35.830999,2.088098,0
35.833062,2.062983,0
35.834934,1.871568,0
35.836773,1.839501,0
35.838751,1.977572,0
35.840990,2.239039,0
35.843010,2.019761,0
35.844835,1.825063,0
35.846813,1.978768,0
35.848816,2.002472,0
35.850866,2.050020,0
35.853165,2.299295,0
35.854938,1.772364,0
35.856842,1.904935,0
35.859005,2.162387,0
35.861103,2.097849,0
35.863606,2.503578,0
35.864978,1.372114,0
35.866898,1.919284,0
35.868874,1.976064,0
35.870941,2.067651,0
35.873200,2.258651,0
35.874933,1.732871,0
35.876795,1.862230,0
35.878760,1.964414,0
35.881004,2.244629,0
35.883039,2.034996,0
35.884862,1.822504,0
35.886821,1.959775,0
35.888996,2.174517,0
35.890851,1.854641,0
35.893169,2.318421,0
35.894742,1.572802,0
35.896820,2.078481,0
35.898698,1.877437,0
35.900843,2.145295,0
35.902970,2.127076,0
35.904811,1.840469,0
35.906812,2.001834,0
35.908864,2.051312,0
35.911386,2.522679,0
35.913256,1.869080,0
35.914916,1.660841,0
35.916817,1.900412,0
35.918981,2.163882,0
35.920972,1.991805,0
35.923066,2.093954,0
35.924948,1.881774,0
35.926828,1.879386,0
35.928954,2.125960,0
35.930863,1.909126,0
35.933142,2.279736,0
35.934838,1.695128,0
35.936729,1.891739,0
35.938989,2.259774,0
35.940780,1.791304,0
35.943060,2.279671,0
35.944979,1.918975,0
35.946778,1.799177,0
35.948698,1.920103,0
35.951129,2.430967,0
35.953333,2.203410,0
35.954813,1.479934,0
35.956903,2.090219,0
35.959165,2.261750,0
35.960781,1.616744,0
35.962940,2.159126,0
35.964867,1.927033,0
35.966827,1.959400,0
35.969068,2.240852,0
35.970973,1.904854,0
35.973006,2.033168,0
35.974837,1.831373,0
35.976822,1.984868,0
35.979026,2.204006,0
35.980759,1.732700,0
35.982912,2.153085,0
35.984711,1.799731,0
35.986651,1.939526,0
35.988850,2.199036,0
35.990993,2.143324,0
35.993100,2.106886,0
35.994986,1.885938,0
35.996707,1.720336,0
35.998659,1.952835,0
36.000735,2.075900,0
36.003045,2.310120,0
36.004767,1.721837,0
36.006925,2.158129,0
36.008728,1.802983,0
36.010713,1.984309,0
36.013085,2.372719,0
36.015027,1.941774,0
36.016810,1.782948,0
36.018721,1.910859,0
36.020958,2.236767,0
36.023169,2.211699,0
36.024977,1.808076,0
36.026793,1.815234,0
36.028611,1.818077,0
36.030926,2.315718,0
36.033058,2.131094,0
36.034778,1.719978,0
36.036706,1.928140,0
36.038961,2.255045,0
36.041020,2.058899,0
36.043260,2.240442,0
36.044685,1.424446,0
36.046816,2.131917,0
36.048792,1.975498,0
36.050865,2.073129,0
36.053139,2.274285,0
36.054812,1.672864,0
36.056844,2.032017,0
36.058943,2.098280,0
36.060999,2.056581,0
36.063055,2.055771,0
36.064760,1.705513,0
36.066778,2.018044,0
36.068708,1.929101,0
36.070722,2.014236,0
36.073265,2.543373,0
36.074806,1.540723,0
36.076881,2.075482,0
36.078877,1.995681,0
36.080970,2.092553,0
36.083117,2.147306,0
36.084990,1.872614,0
36.086613,1.623922,0
36.088795,2.181301,0
36.090725,1.929848,0
36.092986,2.260994,0
36.094703,1.717418,0
36.096785,2.082318,0
36.098778,1.992438,0
36.100886,2.108550,0
36.102945,2.058327,0
36.104959,2.014277,0
36.106709,1.749603,0
36.108794,2.085538,0
36.110738,1.943592,0
36.112945,2.207754,0
36.114972,2.026335,0
36.116784,1.811834,0
36.118870,2.086394,0
36.120734,1.864410,0
36.123200,2.465935,0
36.124901,1.700797,0
36.126868,1.966480,0
36.128879,2.011209,0
36.130923,2.044369,0
36.132831,1.907839,0
36.134762,1.931490,0
36.136585,1.822230,0
36.138982,2.397688,0
36.140981,1.998597,0
36.142685,1.704198,0
36.144699,2.013875,0
36.146827,2.127948,0
36.149239,2.412203,0
36.151071,1.831544,0
36.153140,2.069583,0
36.154907,1.766503,0
36.156845,1.938529,0
36.159059,2.213981,0
36.160835,1.775163,0
36.163087,2.252195,0
36.164897,1.810682,0
36.166838,1.940430,0
36.168965,2.126997,0
36.170981,2.016363,0
36.173184,2.202938,0
36.174851,1.666808,0
36.176848,1.996584,0
36.178708,1.859982,0
36.181010,2.302922,0
36.183181,2.170255,0
36.185087,1.906407,0
36.186895,1.807641,0
36.189123,2.228165,0
36.190723,1.600355,0
36.193158,2.434667,0
36.195115,1.957074,0
36.196776,1.660702,0
36.199143,2.367623,0
36.201025,1.882082,0
36.203175,2.149605,0
36.204919,1.743779,0
36.206823,1.904654,0
36.208713,1.889613,0
36.210950,2.237335,0
36.213348,2.397427,0
36.215118,1.770393,0
36.216840,1.721670,0
36.218955,2.115290,0
36.220986,2.031243,0
36.223042,2.055648,0
36.224930,1.887864,0
36.226607,1.677572,0
36.229052,2.444957,0
36.231210,2.157699,0
36.233223,2.013244,0
36.234975,1.751167,0
36.236799,1.824875,0
36.239040,2.240141,0
36.240933,1.893797,0
36.243174,2.240876,0
36.244720,1.545468,0
36.246815,2.095485,0
36.249028,2.213253,0
36.250757,1.728089,0
36.253105,2.348132,0
36.254848,1.743142,0
36.256887,2.038772,0
36.258861,1.974809,0
36.261119,2.257130,0
36.263327,2.208345,0
36.264973,1.646259,0
36.266868,1.894379,0
36.268966,2.098199,0
36.271119,2.152944,0
36.273232,2.113774,0
36.274962,1.729521,0
36.276825,1.863295,0
36.278694,1.868935,0
36.281057,2.362934,0
36.283089,2.032126,0
36.285184,2.094630,0
36.286803,1.619589,0
36.289132,2.328271,0
36.291020,1.888384,0
36.293207,2.186655,0
36.295440,2.232967,0
36.296787,1.347223,0
36.299121,2.334179,0
36.300915,1.793569,0
36.303293,2.378307,0
36.305037,1.743588,0
36.306814,1.777111,0
36.309046,2.231797,0
36.310809,1.763722,0
36.313172,2.363062,0
36.315084,1.911254,0
36.316841,1.757374,0
36.318758,1.916586,0
36.320697,1.939594,0
36.323183,2.486400,0
36.325143,1.959158,0
36.326837,1.694147,0
36.329028,2.191045,0
36.331076,2.048287,0
36.333272,2.195829,0
36.335036,1.764450,0
36.336849,1.812521,0
36.339062,2.213446,0
36.341060,1.997745,0
36.342881,1.821001,0
36.344949,2.068286,0
36.346836,1.886138,0
36.349137,2.301014,0
36.351051,1.914579,0
36.353343,2.291500,0
36.355071,1.728350,0
36.356836,1.765428,0
36.359163,2.326894,0
36.360931,1.767523,0
36.362688,1.756800,0
36.364685,1.997677,0
36.366637,1.951600,0
36.368967,2.329709,0
36.370801,1.834339,0
36.373318,2.516537,0
36.374928,1.610170,0
36.376840,1.912568,0
36.378942,2.101503,0
36.380861,1.919604,0
36.382841,1.979352,0
36.384715,1.874049,0
36.386848,2.132754,0
36.389145,2.297603,0
36.390944,1.799129,0
36.393183,2.238435,0
36.394904,1.721690,0
36.396845,1.940555,0
36.398783,1.938268,0
36.400782,1.998943,0
36.403006,2.223729,0
36.405141,2.134779,0
36.406646,1.504969,0
36.408780,2.134744,0
36.410806,2.025289,0
36.413010,2.204319,0
36.414981,1.970894,0
36.416719,1.738368,0
36.418682,1.962390,0
36.421047,2.365263,0
36.423124,2.076747,0
36.424748,1.624139,0
36.426746,1.998112,0
36.428746,1.999866,0
36.430708,1.962691,0
36.432850,2.142049,0
36.434781,1.930659,0
36.436834,2.053316,0
36.438894,2.059728,0
36.440676,1.782058,0
36.443114,2.437587,0
36.444905,1.791138,0
36.446624,1.719100,0
36.448925,2.301359,0
36.450672,1.746581,0
36.452895,2.223049,0
36.454551,1.655809,0
36.456753,2.202552,0
36.458698,1.944762,0
36.460818,2.119383,0
36.462664,1.846349,0
36.464606,1.941873,0
36.466658,2.051739,0
36.468848,2.190822,0
36.470631,1.782288,0
36.472957,2.326647,0
36.474715,1.757472,0
36.476675,1.960353,0
36.478837,2.162287,0
36.480804,1.966816,0
36.482913,2.108698,0
36.484826,1.913203,0
36.486782,1.955896,0
36.488840,2.058217,0
36.490793,1.952520,0
36.493110,2.316958,0
36.495032,1.922141,0
36.496829,1.797312,0
36.498731,1.902105,0
36.501136,2.405113,0
36.503140,2.003620,0
36.504926,1.785543,0
36.506829,1.903243,0
36.509091,2.262051,0
36.510828,1.737331,0
36.513008,2.180309,0
36.514750,1.741214,0
36.516783,2.033182,0
36.518995,2.211934,0
36.521057,2.061744,0
36.522811,1.754014,0
36.524585,1.774854,0
36.526844,2.258521,0
36.528749,1.905481,0
36.530603,1.853731,0
36.532631,2.027881,0
36.535163,2.531842,0
36.536828,1.665276,0
36.539057,2.229248,0
36.540951,1.893599,0
36.543362,2.411345,0
36.545033,1.670220,0
36.546855,1.822799,0
36.548703,1.847317,0
36.551059,2.355931,0
36.552953,1.894799,0
36.554889,1.935766,0
36.556816,1.926930,0
36.559085,2.268567,0
36.560910,1.825491,0
36.562793,1.882707,0
36.564887,2.094142,0
36.566774,1.886895,0
36.569031,2.257106,0
36.571060,2.028687,0
36.573286,2.226803,0
36.574750,1.463198,0
36.576824,2.074742,0
36.578701,1.876632,0
36.580874,2.172928,0
36.582980,2.106438,0
36.584811,1.830357,0
36.586819,2.008575,0
36.588885,2.066125,0
36.590938,2.052635,0
36.593280,2.341993,0
36.595095,1.815263,0
36.596818,1.722671,0
36.598680,1.862051,0
36.600828,2.148242,0
36.603161,2.332385,0
36.604967,1.805780,0
36.606819,1.852342,0
36.608899,2.079865,0
36.610941,2.042776,0
36.613385,2.443564,0
36.614970,1.584884,0
36.616814,1.844457,0
36.619079,2.264849,0
36.620850,1.770932,0
36.623213,2.362974,0
36.624899,1.685682,0
36.626849,1.949770,0
36.628816,1.967362,0
36.630846,2.030083,0
36.632754,1.907781,0
36.634729,1.974946,0
36.636837,2.107927,0
36.639112,2.275412,0
36.641145,2.032493,0
36.643349,2.204023,0
36.644986,1.637776,0
36.646797,1.810308,0
36.649008,2.211330,0
36.650995,1.987153,0
36.653387,2.392070,0
36.655325,1.938088,0
36.656939,1.614004,0
36.659004,2.064596,0
36.661217,2.212823,0
36.663404,2.187675,0
36.664951,1.546471,0
36.667328,2.376899,0
36.669191,1.863088,0
36.671200,2.009034,0
36.673668,2.467831,0
36.675130,1.461775,0
36.677009,1.879012,0
36.679016,2.007144,0
36.680970,1.954552,0
36.682967,1.996711,0
36.684787,1.819920,0
36.686775,1.988454,0
36.688898,2.122267,0
36.691176,2.277896,0
36.693235,2.059663,0
36.694991,1.756206,0
36.696826,1.834251,0
36.699053,2.227825,0
36.700916,1.862783,0
36.703073,2.157255,0
36.704991,1.917978,0
36.707031,2.039470,0
36.709242,2.210716,0
36.711154,1.912656,0
36.713549,2.394957,0
36.714827,1.277373,0
36.716910,2.083171,0
36.719045,2.134706,0
36.721382,2.337335,0
36.723312,1.930096,0
36.725014,1.702235,0
36.727007,1.992605,0
36.729096,2.089206,0
36.731035,1.938859,0
36.733071,2.036492,0
36.734872,1.800636,0
36.736798,1.926333,0
36.738805,2.006425,0
36.740764,1.958769,0
36.743031,2.267255,0
36.744898,1.867090,0
36.746883,1.985156,0
36.748796,1.912853,0
36.751152,2.356070,0
36.753505,2.353530,0
36.755096,1.590636,0
36.756961,1.864816,0
36.759311,2.350124,0
36.761444,2.133429,0
36.763265,1.820838,0
36.764981,1.715316,0
36.766846,1.865226,0
36.768812,1.966392,0
36.771102,2.290204,0
36.773349,2.246141,0
36.774885,1.536749,0
36.777002,2.116848,0
36.778995,1.993094,0
36.781008,2.013222,0
36.783527,2.518557,0
36.785181,1.653705,0
36.786899,1.718136,0
36.789059,2.159899,0
36.790977,1.917852,0
36.793207,2.230237,0
36.795102,1.895255,0
36.796922,1.819989,0
36.799323,2.400895,0
36.801305,1.982294,0
36.803508,2.202979,0
36.805316,1.807328,0
36.807055,1.739128,0
36.808998,1.942764,0
36.811172,2.174197,0
36.813257,2.085725,0
36.814863,1.605186,0
36.816908,2.045268,0
36.819165,2.257053,0
36.821155,1.989964,0
36.823612,2.456917,0
36.825348,1.736665,0
36.827064,1.715798,0
36.829369,2.304688,0
36.831303,1.934327,0
36.833233,1.930181,0
36.835072,1.838391,0
36.836970,1.897922,0
36.839045,2.075087,0
36.841077,2.032312,0
36.843220,2.143114,0
36.844977,1.757068,0
36.847072,2.094564,0
36.849341,2.268705,0
36.851159,1.818162,0
36.853501,2.342472,0
36.855129,1.627608,0
36.856979,1.850092,0
36.859072,2.092525,0
36.861023,1.951338,0
36.863011,1.988560,0
36.864992,1.980791,0
36.867045,2.053198,0
36.869177,2.131635,0
36.871090,1.912968,0
36.873309,2.218615,0
36.874824,1.515243,0
36.877010,2.185927,0
36.879171,2.161273,0
36.881169,1.997720,0
36.883264,2.095335,0
36.885003,1.738908,0
36.887003,1.999988,0
36.889197,2.194349,0
36.891263,2.065885,0
36.893430,2.166562,0
36.895204,1.774568,0
36.897035,1.831125,0
36.899294,2.258060,0
36.901035,1.741584,0
36.903429,2.393530,0
36.905162,1.733510,0
36.907188,2.026271,0
36.909075,1.886424,0
36.911184,2.109580,0
36.913035,1.850222,0
36.914931,1.895948,0
36.917061,2.130663,0
36.919168,2.107180,0
36.921126,1.957631,0
36.923580,2.453421,0
36.925384,1.804952,0
36.927035,1.650117,0
36.928864,1.829105,0
36.931242,2.378736,0
36.933173,1.930975,0
36.935180,2.006464,0
36.937284,2.104190,0
36.939290,2.005982,0
36.941135,1.844858,0
36.943525,2.390080,0
36.945337,1.811907,0
36.946899,1.561661,0
36.948883,1.984130,0
36.951326,2.442838,0
36.953394,2.068660,0
36.955271,1.876648,0
36.957021,1.750248,0
36.959255,2.234276,0
36.961218,1.962812,0
36.963287,2.068797,0
36.964958,1.671159,0
36.967049,2.090482,0
36.968971,1.922237,0
36.971288,2.316871,0
36.973286,1.998789,0
36.975231,1.944685,0
36.976930,1.698820,0
36.979031,2.100689,0
36.981088,2.057643,0
36.983098,2.009800,0
36.984859,1.760422,0
36.986906,2.047200,0
36.989017,2.111417,0
36.991058,2.040836,0
36.993131,2.072548,0
36.995117,1.986662,0
36.996985,1.867381,0
36.998875,1.889921,0
37.001085,2.210655,0
37.003197,2.111994,0
37.005245,2.047489,0
37.007043,1.797998,0
37.009130,2.086944,0
37.011123,1.993760,0
37.013231,2.107184,0
37.015001,1.770029,0
37.017016,2.015440,0
37.018823,1.807485,0
37.020824,2.000282,0
37.023546,2.722051,0
37.025011,1.465079,0
37.026984,1.973372,0
37.028961,1.976278,0
37.030972,2.011017,0
37.033244,2.272091,0
37.034949,1.705829,0
37.037034,2.084750,0
37.039248,2.213652,0
37.041405,2.157124,0
37.043486,2.081111,0
37.045266,1.779797,0
37.046782,1.516554,0
37.048650,1.867542,0
37.050860,2.210175,0
37.053299,2.438494,0
37.054953,1.654753,0
37.056693,1.739809,0
37.058973,2.280053,0
37.061014,2.040425,0
37.062782,1.768131,0
37.064980,2.198017,0
37.066783,1.803402,0
37.069150,2.366838,0
37.070980,1.829520,0
37.073296,2.316159,0
37.074938,1.642543,0
37.076940,2.001577,0
37.078873,1.933028,0
37.080849,1.976166,0
37.082946,2.096672,0
37.085049,2.103687,0
37.086794,1.744412,0
37.089156,2.362484,0
37.091172,2.015844,0
37.093230,2.057929,0
37.094909,1.678504,0
37.096806,1.897046,0
37.098749,1.943317,0
37.101003,2.254119,0
37.102833,1.829628,0
37.104758,1.924856,0
37.106821,2.063681,0
37.109195,2.373786,0
37.111129,1.934213,0
37.113334,2.204425,0
37.114791,1.457704,0
37.116820,2.029069,0
37.119061,2.240637,0
37.120894,1.832518,0
37.123205,2.311224,0
37.124963,1.758305,0
37.126929,1.965479,0
37.128676,1.747721,0
37.131047,2.370507,0
37.133219,2.172193,0
37.134753,1.534120,0
37.136792,2.039265,0
37.139113,2.320515,0
37.140885,1.772497,0
37.143042,2.156838,0
37.144822,1.779646,0
37.146842,2.019647,0
37.148806,1.964791,0
37.150931,2.124144,0
37.153107,2.176166,0
37.154871,1.764033,0
37.156801,1.930478,0
37.158929,2.127350,0
37.161018,2.089934,0
37.163285,2.266803,0
37.164895,1.610175,0
37.166847,1.951328,0
37.168998,2.151200,0
37.170746,1.747826,0
37.173003,2.256741,0
37.174809,1.806294,0
37.176841,2.032420,0
37.178971,2.129397,0
37.180992,2.020866,0
37.183408,2.416472,0
37.184925,1.517425,0
37.186838,1.912245,0
37.189008,2.170000,0
37.191127,2.119360,0
37.193197,2.070217,0
37.195163,1.965676,0
37.196795,1.632044,0
37.198712,1.917015,0
37.200904,2.191898,0
37.202620,1.716205,0
37.205004,2.383983,0
37.206934,1.930312,0
37.208975,2.040564,0
37.211161,2.185867,0
37.213364,2.202838,0
37.214966,1.602077,0
37.216815,1.849159,0
37.219052,2.236993,0
37.221294,2.242246,0
37.223498,2.204008,0
37.225157,1.658983,0
37.226836,1.679234,0
37.229154,2.318111,0
37.231051,1.896064,0
37.232955,1.904387,0
37.234819,1.863763,0
37.236808,1.989623,0
37.238897,2.089116,0
37.240929,2.031306,0
37.243188,2.259541,0
37.245035,1.846759,0
37.246831,1.796308,0
37.248921,2.090134,0
37.251003,2.081070,0
37.253141,2.138520,0
37.254735,1.593983,0
37.257040,2.304834,0
37.259379,2.338896,0
37.261425,2.046312,0
37.262915,1.490155,0
37.265014,2.098876,0
37.266818,1.803750,0
37.268836,2.018138,0
37.271055,2.218523,0
37.273085,2.030492,0
37.274928,1.843380,0
37.276905,1.976683,0
37.279178,2.272886,0
37.281149,1.970807,0
37.283385,2.236417,0
37.284895,1.509632,0
37.286860,1.965144,0
37.288872,2.012423,0
37.290714,1.841267,0
37.293318,2.603878,0
37.295072,1.754276,0
37.296767,1.695264,0
37.298807,2.039922,0
37.300923,2.115757,0
37.303054,2.130827,0
37.304789,1.735789,0
37.306815,2.025967,0
37.308689,1.873989,0
37.310753,2.063470,0
37.312947,2.193724,0
37.314848,1.901881,0
37.316817,1.968103,0
37.319208,2.391875,0
37.321010,1.801893,0
37.323340,2.329681,0
37.325152,1.811684,0
37.326748,1.596826,0
37.329040,2.291151,0
37.331147,2.107748,0
37.333194,2.046865,0
37.335036,1.841971,0
37.336835,1.798817,0
37.338996,2.161280,0
37.341052,2.055905,0
37.343113,2.060436,0
37.344721,1.608094,0
37.346848,2.126881,0
37.348771,1.923754,0
37.351067,2.295302,0
37.353101,2.034253,0
37.354879,1.777945,0
37.356803,1.924599,0
37.359089,2.285793,0
37.361013,1.923931,0
37.362965,1.951582,0
37.365134,2.169033,0
37.366830,1.696277,0
37.368874,2.043483,0
37.371055,2.181005,0
37.373315,2.260011,0
37.375161,1.845998,0
37.376786,1.625614,0
37.378858,2.072018,0
37.380963,2.104985,0
37.383332,2.369291,0
37.385035,1.702860,0
37.386791,1.755278,0
37.389046,2.254914,0
37.391030,1.984422,0
37.393302,2.272208,0
37.395100,1.798240,0
37.396868,1.767720,0
37.398746,1.878133,0
37.400963,2.217000,0
37.403156,2.193116,0
37.404943,1.786321,0
37.406796,1.853477,0
37.408752,1.955856,0
37.410694,1.941522,0
37.412629,1.935213,0
37.415045,2.415966,0
37.416822,1.777125,0
37.418801,1.979124,0
37.421151,2.349799,0
37.423396,2.244825,0
37.425161,1.764950,0
37.426898,1.737937,0
37.429232,2.333981,0
37.430664,1.431474,0
37.432761,2.096619,0
37.435020,2.258978,0
37.436794,1.774075,0
37.438852,2.058611,0
37.441153,2.300952,0
37.443414,2.261026,0
37.445294,1.879862,0
37.446899,1.605223,0
37.448762,1.862707,0
37.451093,2.330883,0
37.453320,2.227573,0
37.454922,1.601307,0
37.456776,1.854149,0
37.458822,2.046522,0
37.460913,2.090691,0
37.463110,2.196824,0
37.464867,1.756754,0
37.466713,1.846264,0
37.469134,2.420814,0
37.470908,1.774561,0
37.472941,2.032795,0
37.474817,1.875924,0
37.476996,2.178857,0
37.479193,2.196730,0
37.481288,2.095015,0
37.483269,1.981385,0
37.485104,1.834697,0
37.486963,1.859690,0
37.489250,2.286982,0
37.490979,1.728457,0
37.493455,2.475978,0
37.494966,1.511337,0
37.496975,2.008425,0
37.498963,1.988749,0
37.501263,2.299786,0
37.503323,2.059897,0
37.505185,1.862232,0
37.507005,1.819270,0
37.509149,2.144334,0
37.510927,1.778248,0
37.513143,2.216201,0
37.514787,1.643707,0
37.517046,2.259130,0
37.519063,2.016536,0
37.521056,1.992915,0
37.523391,2.335260,0
37.525085,1.694145,0
37.527023,1.938465,0
37.528988,1.964474,0
37.531001,2.013529,0
37.533176,2.174588,0
37.535108,1.932341,0
37.537110,2.001114,0
37.539456,2.346111,0
37.541250,1.794741,0
37.543671,2.420111,0
37.545146,1.475538,0
37.547019,1.873396,0
37.548854,1.834427,0
37.551464,2.610039,0
37.553556,2.091870,0
37.555314,1.758371,0
37.557034,1.719482,0
37.559033,1.999008,0
37.561119,2.086663,0
37.563061,1.941861,0
37.564870,1.808634,0
37.567041,2.171239,0
37.569152,2.110556,0
37.571144,1.992538,0
37.573476,2.332144,0
37.574968,1.491319,0
37.577012,2.044534,0
37.578912,1.899811,0
37.580974,2.061966,0
37.583210,2.235848,0
37.585010,1.800703,0
37.586979,1.968371,0
37.589074,2.095467,0
37.590814,1.740003,0
37.593324,2.509829,0
37.595195,1.870429,0
37.596900,1.705359,0
37.598866,1.966024,0
37.601157,2.291504,0
37.603508,2.350509,0
37.605112,1.604527,0
37.607060,1.947774,0
37.609079,2.018273,0
37.611095,2.016168,0
37.613044,1.949732,0
37.615059,2.014848,0
37.617008,1.948461,0
37.619054,2.046073,0
37.621060,2.006642,0
37.623461,2.400565,0
37.625291,1.830267,0
37.627047,1.755636,0
37.629316,2.269092,0
37.631362,2.045526,0
37.633360,1.998172,0
37.635027,1.667151,0
37.636905,1.878297,0
37.638963,2.057775,0
37.640982,2.018618,0
37.642828,1.846058,0
37.645143,2.314942,0
37.647088,1.945056,0
37.649237,2.149063,0
37.651141,1.904376,0
37.653342,2.200673,0
37.655040,1.698613,0
37.656961,1.920646,0
37.659063,2.102464,0
37.661250,2.186340,0
37.663349,2.099723,0
37.664987,1.637548,0
37.666771,1.784082,0
37.668988,2.216661,0
37.670961,1.973379,0
37.672823,1.861396,0
37.675200,2.377911,0
37.677132,1.931250,0
37.679200,2.068379,0
37.680969,1.769021,0
37.683149,2.179984,0
37.684918,1.768541,0
37.687008,2.089979,0
37.689181,2.173873,0
37.691018,1.836714,0
37.693170,2.151671,0
37.695117,1.946963,0
37.696917,1.799744,0
37.698741,1.824202,0
37.701106,2.365486,0
37.703316,2.209811,0
37.705135,1.818508,0
37.706967,1.832874,0
37.709041,2.073357,0
37.710850,1.808869,0
37.712870,2.020345,0
37.714816,1.946010,0
37.716832,2.015664,0
37.718963,2.130793,0
37.720996,2.033464,0
37.723283,2.287462,0
37.725260,1.976599,0
37.727017,1.756541,0
37.729096,2.079737,0
37.731027,1.930587,0
37.732958,1.931390,0
37.734950,1.991337,0
37.736901,1.951242,0
37.738804,1.903051,0
37.740796,1.992313,0
37.743271,2.474931,0
37.744921,1.649944,0
37.747027,2.105463,0
37.749029,2.001980,0
37.751227,2.198301,0
37.753142,1.915607,0
37.755214,2.071205,0
37.756908,1.694742,0
37.759148,2.239621,0
37.761106,1.958433,0
37.763337,2.230968,0
37.764957,1.619440,0
37.767067,2.110431,0
37.768987,1.919840,0
37.771304,2.317079,0
37.773312,2.008224,0
37.775291,1.978905,0
37.777020,1.728493,0
37.778967,1.947042,0
37.780986,2.018687,0
37.783099,2.113577,0
37.785031,1.931726,0
37.786757,1.726389,0
37.789141,2.383782,0
37.791140,1.998458,0
37.793548,2.408618,0
37.795181,1.632787,0
37.796787,1.605638,0
37.799028,2.241679,0
37.800893,1.865200,0
37.803153,2.259909,0
37.804753,1.599219,0
37.806810,2.057013,0
37.808840,2.030665,0
37.810843,2.002591,0
37.813151,2.308319,0
37.814969,1.817446,0
37.816825,1.856344,0
37.818859,2.034035,0
37.821154,2.295332,0
37.823184,2.030089,0
37.825188,2.003244,0
37.826807,1.619520,0
37.829185,2.378343,0
37.830866,1.680387,0
37.833126,2.260116,0
37.835087,1.961494,0
37.836939,1.851919,0
37.839059,2.119160,0
37.840726,1.667879,0
37.843139,2.412894,0
37.844887,1.748118,0
37.846769,1.881225,0
37.849099,2.330151,0
37.850887,1.788443,0
37.853160,2.272514,0
37.855097,1.937468,0
37.856829,1.731821,0
37.858747,1.918202,0
37.861071,2.323404,0
37.863178,2.106843,0
37.864922,1.744078,0
37.866770,1.848676,0
37.869012,2.241931,0
37.870999,1.987014,0
37.873134,2.134781,0
37.874754,1.619987,0
37.876749,1.995089,0
37.878922,2.172517,0
37.881091,2.169717,0
37.882915,1.823652,0
37.884754,1.838934,0
37.886764,2.009953,0
37.888786,2.022520,0
37.890887,2.100221,0
37.892927,2.040702,0
37.894778,1.850725,0
37.896748,1.970275,0
37.899030,2.281281,0
37.901188,2.158315,0
37.903224,2.035626,0
37.904758,1.534782,0
37.906817,2.058990,0
37.909113,2.295879,0
37.911383,2.269668,0
37.913201,1.818371,0
37.914905,1.704133,0
37.916836,1.930999,0
37.919135,2.299043,0
37.920931,1.795468,0
37.923414,2.483189,0
37.925059,1.644658,0
37.926812,1.753584,0
37.929032,2.220186,0
37.931142,2.109856,0
37.933019,1.877001,0
37.934816,1.796496,0
37.936823,2.006909,0
37.939040,2.216937,0
37.941085,2.045697,0
37.943481,2.395917,0
37.945068,1.587198,0
37.946842,1.773151,0
37.948995,2.153233,0
37.950932,1.937026,0
37.953360,2.428413,0
37.954975,1.614644,0
37.956839,1.863897,0
37.959075,2.236218,0
37.960917,1.841617,0
37.962901,1.983829,0
37.964919,2.018681,0
37.966815,1.896016,0
37.969161,2.345826,0
37.971050,1.888842,0
37.973394,2.343841,0
37.974939,1.545319,0
37.976841,1.901885,0
37.979047,2.206266,0
37.980893,1.845680,0
37.983185,2.291742,0
37.984796,1.611205,0
37.986685,1.889360,0
37.988914,2.229184,0
37.990714,1.799309,0
37.992884,2.170036,0
37.994885,2.001321,0
37.996884,1.998799,0
37.998986,2.101997,0
38.001218,2.231731,0
38.003225,2.007388,0
38.004987,1.762066,0
38.006933,1.946327,0
38.009027,2.093379,0
38.010967,1.939891,0
38.013167,2.200671,0
38.015097,1.929256,0
38.016818,1.721131,0
38.018677,1.859662,0
38.020626,1.948964,0
38.022682,2.056006,0
38.024972,2.289728,0
38.026846,1.873746,0
38.028851,2.005165,0
38.030732,1.880810,0
38.032757,2.025566,0
38.034802,2.044769,0
38.036676,1.874027,0
38.039411,2.734826,0
38.041067,1.655849,0
38.043800,2.733358,0
38.045083,1.283247,0
38.046627,1.543729,0
38.048820,2.193245,0
38.051052,2.231958,0
38.052860,1.808138,0
38.055006,2.145656,0
38.056857,1.850501,0
38.059050,2.193478,0
38.061329,2.279320,0
38.063399,2.069530,0
38.065027,1.628227,0
38.066778,1.751248,0
38.069154,2.376072,0
38.070923,1.768524,0
38.073416,2.492527,0
38.075127,1.710983,0
38.076835,1.708828,0
38.079056,2.220861,0
38.081026,1.969371,0
38.082998,1.972245,0
38.084879,1.880680,0
38.086828,1.949972,0
38.089087,2.258317,0
38.090915,1.828068,0
38.092815,1.899860,0
38.094948,2.133661,0
38.096794,1.845927,0
38.098688,1.893374,0
38.100852,2.164310,0
38.103095,2.243214,0
38.104894,1.798800,0
38.106792,1.897949,0
38.108954,2.161726,0
38.110980,2.025939,0
38.113373,2.393471,0
38.114762,1.389050,0
38.116857,2.094833,0
38.119018,2.160939,0
38.121025,2.007486,0
38.123249,2.223157,0
38.124953,1.704200,0
38.126831,1.877773,0
38.129048,2.217360,0
38.130875,1.826692,0
38.133270,2.395790,0
38.134665,1.394213,0
38.136719,2.054519,0
38.138928,2.208995,0
38.140813,1.884732,0
38.143275,2.462512,0
38.145126,1.850399,0
38.146831,1.705218,0
38.149182,2.350647,0
38.150823,1.640910,0
38.152939,2.116829,0
38.154976,2.036792,0
38.156834,1.857437,0
38.159001,2.167098,0
38.161358,2.357582,0
38.163378,2.019296,0
38.165071,1.693759,0
38.166844,1.772970,0
38.169128,2.283552,0
38.171003,1.874858,0
38.173123,2.120195,0
38.174920,1.797593,0
38.176714,1.793418,0
38.178795,2.081452,0
38.180940,2.144714,0
38.183468,2.527873,0
38.184981,1.513442,0
38.186837,1.855815,0
38.188999,2.161710,0
38.190995,1.996439,0
38.193058,2.063085,0
38.195035,1.976903,0
38.196835,1.799646,0
38.198723,1.888283,0
38.200971,2.247450,0
38.203251,2.280665,0
38.205189,1.937761,0
38.206837,1.648021,0
38.209106,2.269207,0
38.211034,1.927660,0
38.212927,1.892761,0
38.214882,1.955030,0
38.216820,1.938274,0
38.218831,2.011328,0
38.220893,2.062073,0
38.223064,2.170392,0
38.224896,1.831912,0
38.226842,1.945760,0
38.228810,1.968671,0
38.231039,2.229263,0
38.233124,2.084611,0
38.234885,1.760975,0
38.236860,1.975271,0
38.238938,2.077551,0
38.240833,1.895383,0
38.242861,2.028132,0
38.244911,2.049546,0
38.246751,1.840514,0
38.248728,1.976976,0
38.251115,2.386217,0
38.253273,2.157921,0
38.254891,1.618764,0
38.256831,1.939524,0
38.258879,2.048151,0
38.260951,2.071635,0
38.263322,2.371281,0
38.264931,1.608772,0
38.266830,1.899013,0
38.268781,1.950868,0
38.270993,2.212341,0
38.273053,2.059692,0
38.274799,1.745912,0
38.276839,2.040395,0
38.278785,1.946310,0
38.281007,2.221829,0
38.283055,2.047530,0
38.284792,1.737146,0
38.286711,1.918900,0
38.289133,2.422367,0
38.290960,1.826910,0
38.293435,2.475514,0
38.295218,1.782788,0
38.296900,1.681542,0
38.299246,2.346543,0
38.301124,1.877502,0
38.302931,1.807504,0
38.304715,1.783437,0
38.306816,2.101591,0
38.308807,1.991010,0
38.310838,2.030513,0
38.313323,2.485438,0
38.314988,1.664412,0
38.316915,1.927342,0
38.318995,2.080363,0
38.321176,2.180939,0
38.322978,1.801355,0
38.325055,2.077675,0
38.326834,1.778363,0
38.329126,2.292290,0
38.330840,1.713688,0
38.333174,2.334264,0
38.335046,1.871980,0
38.336851,1.804673,0
38.339020,2.169131,0
38.340734,1.714284,0
38.343299,2.565116,0
38.345090,1.790573,0
38.346850,1.759860,0
38.349035,2.185263,0
38.351086,2.050628,0
38.353374,2.288626,0
38.355104,1.730346,0
38.356836,1.731156,0
38.358969,2.132974,0
38.361047,2.077997,0
38.363121,2.074481,0
38.364877,1.755436,0
38.366729,1.852419,0
38.368908,2.178683,0
38.370916,2.008252,0
38.373323,2.406876,0
38.374838,1.515018,0
38.376724,1.885888,0
38.379068,2.344283,0
38.380934,1.865970,0
38.382851,1.916670,0
38.384751,1.900187,0
38.386711,1.960369,0
38.388737,2.026244,0
38.390801,2.063366,0
38.392727,1.926477,0
38.394948,2.221057,0
38.396826,1.877589,0
38.399039,2.213116,0
38.401219,2.179879,0
38.403323,2.104420,0
38.404855,1.531754,0
38.406832,1.977112,0
38.409140,2.308152,0
38.411072,1.931278,0
38.413059,1.987589,0
38.414949,1.890043,0
38.416863,1.913862,0
38.419163,2.299483,0
38.420971,1.808350,0
38.423208,2.236850,0
38.424889,1.681431,0
38.426832,1.942357,0
38.428854,2.021986,0
38.430993,2.139917,0
38.432825,1.831203,0
38.435176,2.351644,0
38.436864,1.687787,0
38.438787,1.923239,0
38.440958,2.170715,0
38.443240,2.281681,0
38.445098,1.858433,0
38.446816,1.718101,0
38.449195,2.378432,0
38.451007,1.811998,0
38.453330,2.323399,0
38.455044,1.713724,0
38.456709,1.664868,0
38.458860,2.151643,0
38.461050,2.189290,0
38.463282,2.232247,0
38.464961,1.679121,0
38.466775,1.813640,0
38.469010,2.235766,0
38.470946,1.935462,0
38.473039,2.093380,0
38.474970,1.930445,0
38.476896,1.926537,0
38.478949,2.052960,0
38.481127,2.178162,0
38.483169,2.041843,0
38.484952,1.782733,0
38.486833,1.881371,0
38.488806,1.972701,0
38.490826,2.019994,0
38.492927,2.101366,0
38.494914,1.986551,0
38.496875,1.961438,0
38.498981,2.105970,0
38.500971,1.989970,0
38.503285,2.313429,0
38.505201,1.916347,0
38.506800,1.599153,0
38.508994,2.194085,0
38.510627,1.633189,0
38.512797,2.169171,0
38.514998,2.200997,0
38.517563,2.565376,0
38.519082,1.519063,0
38.520927,1.844542,0
38.523196,2.269744,0
38.525012,1.815845,0
38.526818,1.805785,0
38.529075,2.257383,0
38.530715,1.639218,0
38.533177,2.462476,0
38.534873,1.696339,0
38.536832,1.958455,0
38.538981,2.149539,0
38.540851,1.869221,0
38.543299,2.448389,0
38.545078,1.778802,0
38.546854,1.776260,0
38.548737,1.883284,0
38.551111,2.374088,0
38.553214,2.102350,0
38.554883,1.669684,0
38.556813,1.929255,0
38.558757,1.944093,0
38.560648,1.891332,0
38.563038,2.389654,0
38.564775,1.737068,0
38.566892,2.117337,0
38.569159,2.266898,0
38.570938,1.779012,0
38.573429,2.490554,0
38.575036,1.607214,0
38.576801,1.765178,0
38.578801,1.999530,0
38.580830,2.029765,0
38.582817,1.986913,0
38.584762,1.944902,0
38.586827,2.064471,0
38.588899,2.072364,0
38.590894,1.994944,0
38.592964,2.070404,0
38.594777,1.812681,0
38.596716,1.938678,0
38.598671,1.955663,0
38.600771,2.099478,0
38.602761,1.990150,0
38.604879,2.117494,0
38.606708,1.829772,0
38.608838,2.130001,0
38.611039,2.200931,0
38.612926,1.886595,0
38.614892,1.966032,0
38.616836,1.944224,0
38.618927,2.090779,0
38.620865,1.937858,0
38.623573,2.707952,0
38.624946,1.373033,0
38.626812,1.865848,0
38.629057,2.245634,0
38.631027,1.970287,0
38.633146,2.118353,0
38.635032,1.886068,0
38.636797,1.764748,0
38.639173,2.376819,0
38.641085,1.911450,0
38.643461,2.376003,0
38.645158,1.697104,0
38.646840,1.681610,0
38.648949,2.109418,0
38.650921,1.972107,0
38.653306,2.384813,0
38.655014,1.708247,0
38.656790,1.776124,0
38.658745,1.954801,0
38.661235,2.490007,0
38.663221,1.985550,0
38.664973,1.752006,0
38.666770,1.797026,0
38.669105,2.335470,0
38.671160,2.054387,0
38.673345,2.185606,0
38.674773,1.427940,0
38.676836,2.063027,0
38.679052,2.215363,0
38.680863,1.811922,0
38.683223,2.359630,0
38.685066,1.842587,0
38.686816,1.750542,0
38.688626,1.809986,0
38.690783,2.157041,0
38.693297,2.514005,0
38.695019,1.722254,0
38.696838,1.818587,0
38.699223,2.385038,0
38.701082,1.859395,0
38.703195,2.112791,0
38.705090,1.894663,0
38.706888,1.797573,0
38.708925,2.037681,0
38.711058,2.132575,0
38.713266,2.207854,0
38.715041,1.775315,0
38.716837,1.796453,0
38.719159,2.321338,0
38.721173,2.014069,0
38.723183,2.009729,0
38.724792,1.609689,0
38.726833,2.041230,0
38.729080,2.246710,0
38.731071,1.990720,0
38.732935,1.863821,0
38.734839,1.904240,0
38.736809,1.969831,0
38.738809,2.000723,0
38.740796,1.986701,0
38.742950,2.153555,0
38.744832,1.882718,0
38.746813,1.980762,0
38.748721,1.908179,0
38.751059,2.337919,0
38.753199,2.139301,0
38.754855,1.656611,0
38.756827,1.972260,0
38.758853,2.025289,0
38.761129,2.276528,0
38.763247,2.117477,0
38.764906,1.658878,0
38.766831,1.925244,0
38.768976,2.145442,0
38.771210,2.233883,0
38.773340,2.129557,0
38.774913,1.572768,0
38.776884,1.971236,0
38.779033,2.149502,0
38.780745,1.711732,0
38.782722,1.976574,0
38.784719,1.997088,0
38.786765,2.046428,0
38.788725,1.960097,0
38.790796,2.070590,0
38.792986,2.190223,0
38.794925,1.938710,0
38.796923,1.998704,0
38.799031,2.107111,0
38.801011,1.979963,0
38.803298,2.287465,0
38.805082,1.783931,0
38.806857,1.774951,0
38.808683,1.826454,0
38.811029,2.345274,0
38.812825,1.796857,0
38.814975,2.149695,0
38.816842,1.867102,0
38.818884,2.042234,0
38.821079,2.194689,0
38.823349,2.270080,0
38.825056,1.706531,0
38.826959,1.902806,0
38.829163,2.204478,0
38.830871,1.707655,0
38.833217,2.346669,0
38.835077,1.859309,0
38.836881,1.804787,0
38.839044,2.162458,0
38.840960,1.916494,0
38.842997,2.037039,0
38.844877,1.879557,0
38.846846,1.969027,0
38.849079,2.232579,0
38.851003,1.923901,0
38.853127,2.124010,0
38.854980,1.853624,0
38.856780,1.800063,0
38.858788,2.007568,0
38.861082,2.294051,0
38.862866,1.784569,0
38.864983,2.116845,0
38.866871,1.887456,0
38.868999,2.127950,0
38.871064,2.065111,0
38.873508,2.443972,0
38.874979,1.471056,0
38.876998,2.019484,0
38.879069,2.070757,0
38.880946,1.877393,0
38.882769,1.822958,0
38.884638,1.868714,0
38.886562,1.923848,0
38.888512,1.949949,0
38.890807,2.295160,0
38.892933,2.126348,0
38.894656,1.722362,0
38.897293,2.636974,0
38.898911,1.618225,0
38.900639,1.727611,0
38.902661,2.022711,0
38.904758,2.096932,0
38.906621,1.863245,0
38.908749,2.127353,0
38.910995,2.246085,0
38.913306,2.310824,0
38.915391,2.084884,0
38.916993,1.602567,0
38.918986,1.993034,0
38.921161,2.175253,0
38.923188,2.026521,0
38.924792,1.603663,0
38.926904,2.111963,0
38.928729,1.825331,0
38.930631,1.902161,0
38.932990,2.358678,0
38.934998,2.008045,0
38.936784,1.786520,0
38.938745,1.960308,0
38.940748,2.002990,0
38.942918,2.170157,0
38.944838,1.920059,0
38.946705,1.867443,0
38.948679,1.973409,0
38.950864,2.185344,0
38.953143,2.278675,0
38.954814,1.670866,0
38.956814,2.000266,0
38.958745,1.931320,0
38.960806,2.061288,0
38.962886,2.079720,0
38.964889,2.002578,0
38.966831,1.942164,0
38.969303,2.471596,0
38.971008,1.705353,0
38.973159,2.150961,0
38.975024,1.865507,0
38.976867,1.842723,0
38.979007,2.139461,0
38.980862,1.855905,0
38.983137,2.274350,0
38.984874,1.737507,0
38.986852,1.977765,0
38.988762,1.909942,0
38.990754,1.991934,0
38.992878,2.123862,0
38.994833,1.954773,0
38.996894,2.061840,0
38.999091,2.196835,0
39.001233,2.141297,0
39.003757,2.524510,0
39.005036,1.279351,0
39.006852,1.815506,0
39.008912,2.059748,0
39.011067,2.155167,0
39.013200,2.133495,0
39.014937,1.736675,0
39.016787,1.850402,0
39.018964,2.176293,0
39.020669,1.705549,0
39.023044,2.374608,0
39.025110,2.066079,0
39.026837,1.727065,0
39.029283,2.445897,0
39.030964,1.681259,0
39.033364,2.399370,0
39.035132,1.768525,0
39.036837,1.705037,0
39.039113,2.275745,0
39.041077,1.964484,0
39.043307,2.229599,0
39.045070,1.762724,0
39.046836,1.766720,0
39.048788,1.951214,0
39.050880,2.092825,0
39.053183,2.302966,0
39.055150,1.966264,0
39.056836,1.686756,0
39.058953,2.116441,0
39.061104,2.151408,0
39.063051,1.946820,0
39.064877,1.825539,0
39.066783,1.906843,0
39.069075,2.292014,0
39.070842,1.766529,0
39.073145,2.302788,0
39.074805,1.660693,0
39.076790,1.984740,0
39.079106,2.315413,0
39.081204,2.098277,0
39.083440,2.236402,0
39.085080,1.640086,0
39.087019,1.938124,0
39.089290,2.271359,0
39.091105,1.815366,0
39.093215,2.109528,0
39.095001,1.786244,0
39.096817,1.816088,0
39.098792,1.974896,0
39.100779,1.987481,0
39.103112,2.332329,0
39.105336,2.224352,0
39.107002,1.666250,0
39.109503,2.500094,0
39.111318,1.815297,0
39.113517,2.199583,0
39.115014,1.496878,0
39.116991,1.976486,0
39.118997,2.006449,0
39.121231,2.233569,0
39.123392,2.161198,0
39.125121,1.729437,0
39.127025,1.903573,0
39.129213,2.188471,0
39.131137,1.923543,0
39.133332,2.195363,0
39.134756,1.423454,0
39.136675,1.918869,0
39.138950,2.275626,0
39.140808,1.858050,0
39.143240,2.431505,0
39.145101,1.861635,0
39.147064,1.962598,0
39.149479,2.415218,0
39.151163,1.683553,0
39.153403,2.240093,0
39.155098,1.694635,0
39.157067,1.969051,0
39.159292,2.225372,0
39.161354,2.062448,0
39.163260,1.905325,0
39.165062,1.802073,0
39.167007,1.945529,0
39.168973,1.965482,0
39.171065,2.091883,0
39.173140,2.075095,0
39.174957,1.816704,0
39.176807,1.850728,0
39.179018,2.210602,0
39.180891,1.872779,0
39.183045,2.154692,0
39.185175,2.129214,0
39.187090,1.915063,0
39.189146,2.055941,0
39.191319,2.173150,0
39.193510,2.191073,0
39.195175,1.665700,0
39.197014,1.838273,0
39.199205,2.191102,0
39.201067,1.861820,0
39.203408,2.341553,0
39.205149,1.740946,0
39.207061,1.911590,0
39.209597,2.535802,0
39.211423,1.825950,0
39.213610,2.187053,0
39.215063,1.453817,0
39.217050,1.986602,0
39.219025,1.975247,0
39.221045,2.020246,0
39.223195,2.149449,0
39.225273,2.078108,0
39.226944,1.670928,0
39.229220,2.276114,0
39.231134,1.914001,0
39.233257,2.122926,0
39.234897,1.640319,0
39.236901,2.003306,0
39.239004,2.103280,0
39.240878,1.874177,0
39.242998,2.120028,0
39.244900,1.902222,0
39.247001,2.100158,0
39.249136,2.135141,0
39.250863,1.727275,0
39.253268,2.405396,0
39.255105,1.836953,0
39.257043,1.937724,0
39.258957,1.913916,0
39.261217,2.260172,0
39.263161,1.943431,0
39.265283,2.122838,0
39.267029,1.745663,0
39.269385,2.355958,0
39.271140,1.754550,0
39.273549,2.409842,0
39.275301,1.751422,0
39.276984,1.682934,0
39.279010,2.026222,0
39.280943,1.932965,0
39.283411,2.467825,0
39.285030,1.618775,0
39.287019,1.989773,0
39.289112,2.092259,0
39.291142,2.030116,0
39.293383,2.241349,0
39.295075,1.692273,0
39.296986,1.910875,0
39.299177,2.191200,0
39.301056,1.878779,0
39.303331,2.274857,0
39.305127,1.796214,0
39.307013,1.885634,0
39.309521,2.508317,0
39.311225,1.703631,0
39.313494,2.268938,0
39.314972,1.478203,0
39.317019,2.046693,0
39.319200,2.180919,0
39.321117,1.917891,0
39.323359,2.241707,0
39.325198,1.839016,0
39.327037,1.838801,0
39.329170,2.133187,0
39.331056,1.885646,0
39.333236,2.179874,0
39.335051,1.814958,0
39.337029,1.977942,0
39.338962,1.933270,0
39.341069,2.106791,0
39.343031,1.962417,0
39.344985,1.953719,0
39.347084,2.099686,0
39.349204,2.119765,0
39.351128,1.923860,0
39.353569,2.441350,0
39.355076,1.506851,0
39.357026,1.949727,0
39.359343,2.317028,0
39.361243,1.900390,0
39.363495,2.251534,0
39.365288,1.792776,0
39.366867,1.578985,0
39.369131,2.264208,0
39.370927,1.795668,0
39.373226,2.299448,0
39.375165,1.939417,0
39.377021,1.855500,0
39.379178,2.156681,0
39.380970,1.792561,0
39.383112,2.141730,0
39.385047,1.934695,0
39.386931,1.884757,0
39.389337,2.405628,0
39.390985,1.647843,0
39.392968,1.982810,0
39.395209,2.241089,0
39.396962,1.753043,0
39.399258,2.295764,0
39.401287,2.029755,0
39.403409,2.121490,0
39.405222,1.813134,0
39.407037,1.814730,0
39.409311,2.274229,0
39.411178,1.867308,0
39.413225,2.046716,0
39.414784,1.559299,0
39.416863,2.079218,0
39.418870,2.006701,0
39.420966,2.095838,0
39.423215,2.249034,0
39.425100,1.884814,0
39.426992,1.891938,0
39.428978,1.986442,0
39.430993,2.014755,0
39.432837,1.843766,0
39.435245,2.408081,0
39.436963,1.718691,0
39.439318,2.354099,0
39.441137,1.819042,0
39.443430,2.293077,0
39.445265,1.835384,0
39.446998,1.733117,0
39.448807,1.809136,0
39.451146,2.338372,0
39.453244,2.098298,0
39.455157,1.912592,0
39.457020,1.863298,0
39.459167,2.147102,0
39.461334,2.166908,0
39.463547,2.213277,0
39.465002,1.454715,0
39.467078,2.076260,0
39.469163,2.085208,0
39.471103,1.939634,0
39.473476,2.373300,0
39.475022,1.545808,0
39.476919,1.897070,0
39.479311,2.391774,0
39.481089,1.778105,0
39.483037,1.948413,0
39.484874,1.836484,0
39.486791,1.916622,0
39.488961,2.170297,0
39.491208,2.246702,0
39.493258,2.050449,0
39.495078,1.819795,0
39.496971,1.893633,0
39.498724,1.752491,0
39.501345,2.620764,0
39.503505,2.159900,0
39.505334,1.829368,0
39.506929,1.595036,0
39.509200,2.271023,0
39.511285,2.084458,0
39.513398,2.113693,0
39.514916,1.517731,0
39.516972,2.055570,0
39.519261,2.289899,0
39.521230,1.968802,0
39.523013,1.782944,0
39.525239,2.225373,0
39.527025,1.786248,0
39.529209,2.183772,0
39.531250,2.041115,0
39.533207,1.956994,0
39.535263,2.056817,0
39.537017,1.753712,0
39.539243,2.226121,0
39.540965,1.721479,0
39.543311,2.346384,0
39.545309,1.998047,0
39.547037,1.728239,0
39.549045,2.007792,0
39.551183,2.137665,0
39.553428,2.244661,0
39.555257,1.829335,0
39.556900,1.642804,0
39.559118,2.218073,0
39.561427,2.309156,0
39.563233,1.805744,0
39.565014,1.780939,0
39.566761,1.747753,0
39.569151,2.389174,0
39.571158,2.007469,0
39.573492,2.333978,0
39.575211,1.718574,0
39.576915,1.704625,0
39.579107,2.192301,0
39.580841,1.733529,0
39.583143,2.302313,0
39.584909,1.765913,0
39.586874,1.964385,0
39.588996,2.122526,0
39.591214,2.217827,0
39.593144,1.929871,0
39.595211,2.066723,0
39.597068,1.857309,0
39.599161,2.093362,0
39.601104,1.942928,0
39.603164,2.059952,0
39.605134,1.969505,0
39.606914,1.780169,0
39.609229,2.315480,0
39.611467,2.237605,0
39.613265,1.798377,0
39.614997,1.731655,0
39.617002,2.005561,0
39.619290,2.287435,0
39.621054,1.764441,0
39.623431,2.376641,0
39.624998,1.566938,0
39.626929,1.931276,0
39.629248,2.319139,0
39.631230,1.981629,0
39.632983,1.752680,0
39.635024,2.041150,0
39.637022,1.998519,0
39.639129,2.106499,0
39.641336,2.206766,0
39.643217,1.881504,0
39.645235,2.017821,0
39.646964,1.728924,0
39.649213,2.249590,0
39.651096,1.882513,0
39.653476,2.380453,0
39.655236,1.760040,0
39.657021,1.784698,0
39.659040,2.018708,0
39.661244,2.204217,0
39.663240,1.996337,0
39.664797,1.556588,0
39.667054,2.257181,0
39.668960,1.906098,0
39.670973,2.012336,0
39.673505,2.532790,0
39.675390,1.885066,0
39.677100,1.709048,0
39.679173,2.073086,0
39.681201,2.028394,0
39.683270,2.069134,0
39.685079,1.809026,0
39.687183,2.103512,0
39.689144,1.961306,0
39.691409,2.265195,0
39.692968,1.559337,0
39.695136,2.167773,0
39.696821,1.684617,0
39.699145,2.323788,0
39.700946,1.801304,0
39.703393,2.447342,0
39.705221,1.828133,0
39.707041,1.819350,0
39.709235,2.194346,0
39.711344,2.109083,0
39.713431,2.087090,0
39.715104,1.672880,0
39.717024,1.919957,0
39.719212,2.187614,0
39.721267,2.055065,0
39.723243,1.976209,0
39.725281,2.038396,0
39.727022,1.740207,0
39.729189,2.167318,0
39.731210,2.020581,0
39.733033,1.823335,0
39.734928,1.895165,0
39.736809,1.880575,0
39.738779,1.970628,0
39.740798,2.018839,0
39.742798,2.000388,0
39.744830,2.031956,0
39.746964,2.133631,0
39.749075,2.111277,0
39.751507,2.431633,0
39.753325,1.818225,0
39.754982,1.656678,0
39.757001,2.018917,0
39.759054,2.053695,0
39.761440,2.385451,0
39.763316,1.875785,0
39.764818,1.502458,0
39.767027,2.209262,0
39.768981,1.953304,0
39.770953,1.972414,0
39.773249,2.296225,0
39.775128,1.878849,0
39.777019,1.890780,0
39.779250,2.231078,0
39.781236,1.986056,0
39.783149,1.913287,0
39.785090,1.940277,0
39.787041,1.950898,0
39.789174,2.133177,0
39.791039,1.865663,0
39.793400,2.360076,0
39.795109,1.709482,0
39.796906,1.797155,0
39.798940,2.033706,0
39.801088,2.147829,0
39.803411,2.323366,0
39.805122,1.711385,0
39.807013,1.890503,0
39.809044,2.030701,0
39.811438,2.394337,0
39.813441,2.002514,0
39.815244,1.803364,0
39.816816,1.571853,0
39.819093,2.277690,0
39.821087,1.993275,0
39.823348,2.261142,0
39.825220,1.871946,0
39.827045,1.824888,0
39.829124,2.079538,0
39.831094,1.969322,0
39.833468,2.374499,0
39.834790,1.321611,0
39.836904,2.114217,0
39.839176,2.272173,0
39.841031,1.854482,0
39.843346,2.315299,0
39.845310,1.963826,0
39.847020,1.709961,0
39.848870,1.850383,0
39.851101,2.230914,0
39.853336,2.235161,0
39.855039,1.703128,0
39.856898,1.859263,0
39.859302,2.403254,0
39.861381,2.079549,0
39.863412,2.031021,0
39.864967,1.555198,0
39.867044,2.076756,0
39.869263,2.219140,0
39.871304,2.040255,0
39.873140,1.836052,0
39.875257,2.117077,0
39.877026,1.769658,0
39.879089,2.062900,0
39.881186,2.096852,0
39.882987,1.800966,0
39.885165,2.178300,0
39.887047,1.881709,0
39.889239,2.191420,0
39.891145,1.906140,0
39.893526,2.380997,0
39.895126,1.600278,0
39.896888,1.761935,0
39.898693,1.804856,0
39.900812,2.119156,0
39.903015,2.203444,0
39.904941,1.926134,0
39.906776,1.834256,0
39.909261,2.485086,0
39.911229,1.968285,0
39.913382,2.152426,0
39.915130,1.748268,0
39.917065,1.934706,0
39.919141,2.076052,0
39.921216,2.075262,0
39.923430,2.213833,0
39.925111,1.681149,0
39.927047,1.936614,0
39.929011,1.963332,0
39.931043,2.032482,0
39.933136,2.092330,0
39.935249,2.113733,0
39.936930,1.680301,0
39.939161,2.231407,0
39.941050,1.888724,0
39.943464,2.413810,0
39.945290,1.826318,0
39.947023,1.732844,0
39.949097,2.074310,0
39.950996,1.898814,0
39.953462,2.466582,0
39.955278,1.815333,0
39.957037,1.759131,0
39.959362,2.324849,0
39.961347,1.985456,0
39.963560,2.212343,0
39.965065,1.505952,0
39.966908,1.842708,0
39.968981,2.072555,0
39.970891,1.909914,0
39.973172,2.281402,0
39.975253,2.081034,0
39.977017,1.763713,0
39.979071,2.054204,0
39.981087,2.016228,0
39.983040,1.952333,0
39.984989,1.949626,0
39.986888,1.898746,0
39.988862,1.973788,0
39.990942,2.079886,0
39.993227,2.285378,0
39.995000,1.772679,0
39.997038,2.038507,0
39.999211,2.172995,0
40.000787,1.575469,0
40.003106,2.319046,0
40.004901,1.795068,0
40.006755,1.854644,0
40.008859,2.103941,0
40.011281,2.421376,0
40.013276,1.994838,0
40.015197,1.921245,0
40.017008,1.810753,0
40.019151,2.143178,0
40.021037,1.885802,0
40.023149,2.112942,0
40.024888,1.738140,0
40.027007,2.119835,0
40.028963,1.955175,0
40.030849,1.886471,0
40.032789,1.940197,0
40.034989,2.199401,0
40.036924,1.935117,0
40.039156,2.232540,0
40.041037,1.880608,0
40.043088,2.050559,0
40.045158,2.070926,0
40.047108,1.949832,0
40.048970,1.861803,0
40.050872,1.901468,0
40.053105,2.233604,0
40.055117,2.011671,0
40.057012,1.895548,0
40.059114,2.101749,0
40.061325,2.211036,0
40.063283,1.958243,0
40.065109,1.825261,0
40.066883,1.774312,0
40.069045,2.161853,0
40.071025,1.979712,0
40.073246,2.221307,0
40.075145,1.898844,0
40.077012,1.867639,0
40.079191,2.178730,0
40.081106,1.915145,0
40.083255,2.149265,0
40.085038,1.782641,0
40.087015,1.976780,0
40.089206,2.191392,0
40.091151,1.944900,0
40.093377,2.225655,0
40.094994,1.617383,0
40.096762,1.767502,0
40.099220,2.458540,0
40.101108,1.887979,0
40.103440,2.331805,0
40.105211,1.770814,0
40.107083,1.872009,0
40.109095,2.012136,0
40.111302,2.207262,0
40.112969,1.666946,0
40.115060,2.090911,0
40.116916,1.856283,0
40.118809,1.892540,0
40.121164,2.354578,0
40.123350,2.186195,0
40.125293,1.943543,0
40.127057,1.763757,0
40.129187,2.129683,0
40.131211,2.024489,0
40.133183,1.972289,0
40.134919,1.735588,0
40.136761,1.842301,0
40.138821,2.059303,0
40.140847,2.026540,0
40.142982,2.134474,0
40.145173,2.191132,0
40.147006,1.833588,0
40.149358,2.352020,0
40.151133,1.774842,0
40.153362,2.228849,0
40.155103,1.740605,0
40.157072,1.969341,0
40.159219,2.146703,0
40.160899,1.680589,0
40.163226,2.326417,0
40.164907,1.681099,0
40.166949,2.041847,0
40.169170,2.221730,0
40.171089,1.918323,0
40.173569,2.480175,0
40.175307,1.738169,0
40.177040,1.732610,0
40.179017,1.977694,0
40.181009,1.991386,0
40.183394,2.385653,0
40.185117,1.722809,0
40.187074,1.956519,0
40.189253,2.179276,0
40.191173,1.919939,0
40.193469,2.296107,0
40.194943,1.474235,0
40.196999,2.056078,0
40.199196,2.196561,0
40.201350,2.153651,0
40.203528,2.178436,0
40.205206,1.678430,0
40.207094,1.887217,0
40.209168,2.074729,0
40.211291,2.122851,0
40.213188,1.896923,0
40.214969,1.780541,0
40.216943,1.974598,0
40.219010,2.066675,0
40.220755,1.744647,0
40.222923,2.168605,0
40.225156,2.232922,0
40.227052,1.895570,0
40.229373,2.321091,0
40.231331,1.958129,0
40.233315,1.984043,0
40.234976,1.661454,0
40.236821,1.844650,0
40.238754,1.932384,0
40.240816,2.062888,0
40.243086,2.269244,0
40.244999,1.913632,0
40.246911,1.911700,0
40.249026,2.115125,0
40.251309,2.283103,0
40.253259,1.949291,0
40.255314,2.055174,0
40.256968,1.653994,0
40.259214,2.246086,0
40.261183,1.969024,0
40.263457,2.274130,0
40.264977,1.519590,0
40.267088,2.111099,0
40.269337,2.248972,0
40.271154,1.817454,0
40.273406,2.251830,0
40.275122,1.715908,0
40.276881,1.759078,0
40.279248,2.367583,0
40.281175,1.926613,0
40.283182,2.006817,0
40.285086,1.904234,0
40.286903,1.817278,0
40.288908,2.004290,0
40.291237,2.329785,0
40.293714,2.477029,0
40.295501,1.786558,0
40.297236,1.735026,0
40.299854,2.617858,0
40.301467,1.613253,0
40.303315,1.847358,0
40.305160,1.845015,0
40.307033,1.873850,0
40.309175,2.141416,0
40.311263,2.088671,0
40.313337,2.073669,0
40.315353,2.015836,0
40.317342,1.989097,0
40.319297,1.955023,0
40.321340,2.042753,0
40.323448,2.107730,0
40.325273,1.825584,0
40.327014,1.740955,0
40.329216,2.202360,0
40.331102,1.885659,0
40.333306,2.203809,0
40.335304,1.998371,0
40.337039,1.734912,0
40.339227,2.187589,0
40.341307,2.080215,0
40.343405,2.098114,0
40.345322,1.916922,0
40.347033,1.711139,0
40.349094,2.060364,0
40.350953,1.859811,0
40.353108,2.154952,0
40.355144,2.035522,0
40.356987,1.843282,0
40.359161,2.173428,0
40.361225,2.063986,0
40.363335,2.109967,0
40.365110,1.775311,0
40.367131,2.020845,0
40.369026,1.895373,0
40.371268,2.241478,0
40.373428,2.160088,0
40.375156,1.728687,0
40.377035,1.878510,0
40.379062,2.026851,0
40.381305,2.243429,0
40.383206,1.901255,0
40.385125,1.918891,0
40.386969,1.843682,0
40.389170,2.200742,0
40.391124,1.954053,0
40.393187,2.063115,0
40.395114,1.927380,0
40.397008,1.893919,0
40.399166,2.158098,0
40.401294,2.127349,0
40.403224,1.930277,0
40.405246,2.022285,0
40.407053,1.806975,0
40.408981,1.927874,0
40.411230,2.249233,0
40.413521,2.290321,0
40.414994,1.473481,0
40.416981,1.986886,0
40.419011,2.030449,0
40.421064,2.052978,0
40.423015,1.950630,0
40.425183,2.168410,0
40.426913,1.729799,0
40.429177,2.263345,0
40.430957,1.780490,0
40.432867,1.910297,0
40.435213,2.345912,0
40.436962,1.748873,0
40.438863,1.900928,0
40.441267,2.404268,0
40.443274,2.006877,0
40.445322,2.047995,0
40.447058,1.735667,0
40.449328,2.270166,0
40.451093,1.764600,0
40.453342,2.248997,0
40.455662,2.320890,0
40.457066,1.403122,0
40.458954,1.888341,0
40.461424,2.469620,0
40.463539,2.115061,0
40.464968,1.429514,0
40.466999,2.030505,0
40.469085,2.086587,0
40.471203,2.118039,0
40.473475,2.271818,0
40.475087,1.611918,0
40.476965,1.877576,0
40.479155,2.190230,0
40.481014,1.858768,0
40.483235,2.221397,0
40.484982,1.746778,0
40.486880,1.897877,0
40.488945,2.065734,0
40.490808,1.862931,0
40.492973,2.164986,0
40.495007,2.033605,0
40.496909,1.901643,0
40.499104,2.195888,0
40.501254,2.149730,0
40.503373,2.119170,0
40.505303,1.929446,0
40.507001,1.698685,0
40.509215,2.213276,0
40.511295,2.080504,0
40.512893,1.597514,0
40.514920,2.027367,0
40.517039,2.118395,0
40.519036,1.997707,0
40.521013,1.976946,0
40.523164,2.151154,0
40.525051,1.886795,0
40.527065,2.014077,0
40.529034,1.968761,0
40.531349,2.315404,0
40.533477,2.127659,0
40.535114,1.637379,0
40.537034,1.919939,0
40.539207,2.172194,0
40.541090,1.883934,0
40.542962,1.871786,0
40.544827,1.864637,0
40.547067,2.239719,0
40.549246,2.179853,0
40.551172,1.925402,0
40.553312,2.140098,0
40.555357,2.044854,0
40.557042,1.685310,0
40.559121,2.078755,0
40.561237,2.116016,0
40.563438,2.201204,0
40.565134,1.696006,0
40.566973,1.838572,0
40.569302,2.329336,0
40.571165,1.863344,0
40.573377,2.211626,0
40.574915,1.538046,0
40.576890,1.975165,0
40.578996,2.106203,0
40.580932,1.935606,0
40.583154,2.222190,0
40.585064,1.909341,0
40.587012,1.948178,0
40.589095,2.082917,0
40.591016,1.921395,0
40.593322,2.305929,0
40.594966,1.644075,0
40.597034,2.068139,0
40.599284,2.249959,0
40.601232,1.947992,0
40.603480,2.247585,0
40.605322,1.842245,0
40.607018,1.696334,0
40.609181,2.163029,0
40.611516,2.334686,0
40.613214,1.697623,0
40.615156,1.942779,0
40.617044,1.887623,0
40.619416,2.371570,0
40.621274,1.858695,0
40.623461,2.187022,0
40.625262,1.800403,0
40.627108,1.845985,0
40.629092,1.983865,0
40.631102,2.010444,0
40.633509,2.407054,0
40.635108,1.598537,0
40.636979,1.871422,0
40.639269,2.289517,0
40.641236,1.967235,0
40.643124,1.888584,0
40.645041,1.916437,0
40.647032,1.991604,0
40.649179,2.146247,0
40.651112,1.933715,0
40.653246,2.133203,0
40.655068,1.822296,0
40.656996,1.927786,0
40.659145,2.149265,0
40.661383,2.237991,0
40.663500,2.117057,0
40.665103,1.603529,0
40.666914,1.810142,0
40.669138,2.224326,0
40.671021,1.883411,0
40.673534,2.512243,0
40.675035,1.501676,0
40.677011,1.975342,0
40.679045,2.034606,0
40.681356,2.310554,0
40.683259,1.903406,0
40.684886,1.626603,0
40.686985,2.098994,0
40.689141,2.156541,0
40.691114,1.972821,0
40.693057,1.943323,0
40.695238,2.180046,0
40.697048,1.810554,0
40.699400,2.352045,0
40.701159,1.758873,0
40.703210,2.051470,0
40.705002,1.791437,0
40.707044,2.041635,0
40.709265,2.221734,0
40.711197,1.932183,0
40.713445,2.247971,0
40.715009,1.563455,0
40.717030,2.021532,0
40.719069,2.038392,0
40.720961,1.891742,0
40.723355,2.394801,0
40.725147,1.791797,0
40.726973,1.825780,0
40.729313,2.339731,0
40.731212,1.899336,0
40.733114,1.901670,0
40.735238,2.124462,0
40.736785,1.546582,0
40.739047,2.262167,0
40.741021,1.974360,0
40.743101,2.080111,0
40.744897,1.795229,0
40.746934,2.037240,0
40.749041,2.107364,0
40.751114,2.072854,0
40.753447,2.332576,0
40.755135,1.688485,0
40.756899,1.764142,0
40.759196,2.296721,0
40.761220,2.024330,0
40.763417,2.196436,0
40.765159,1.741785,0
40.766940,1.781963,0
40.769199,2.258362,0
40.771302,2.103220,0
40.773172,1.870177,0
40.774809,1.636578,0
40.776951,2.142383,0
40.779316,2.364429,0
40.781149,1.833801,0
40.783221,2.071192,0
40.785134,1.913809,0
40.786983,1.848304,0
40.789144,2.161286,0
40.791051,1.906721,0
40.793222,2.171440,0
40.794989,1.767099,0
40.797041,2.051282,0
40.799331,2.290000,0
40.801306,1.975014,0
40.803358,2.052787,0
40.805099,1.740597,0
40.807061,1.962196,0
40.809268,2.207314,0
40.811286,2.017697,0
40.813577,2.291086,0
40.815038,1.460897,0
40.817049,2.011291,0
40.819146,2.096551,0
40.821107,1.961057,0
40.823521,2.414399,0
40.825096,1.574178,0
40.826788,1.692781,0
40.828794,2.005800,0
40.831244,2.449775,0
40.833424,2.180506,0
40.835338,1.913526,0
40.837029,1.690545,0
40.839421,2.392464,0
40.841219,1.797739,0
40.843452,2.233708,0
40.845318,1.865327,0
40.846893,1.575621,0
40.849332,2.438342,0
40.851315,1.983635,0
40.853317,2.001197,0
40.855280,1.963328,0
40.857029,1.749330,0
40.859252,2.222971,0
40.861443,2.191223,0
40.863300,1.856561,0
40.864987,1.686804,0
40.867076,2.089264,0
40.869215,2.139121,0
40.871092,1.877066,0
40.873746,2.653587,0
40.875375,1.629619,0
40.877030,1.654627,0
40.879201,2.170777,0
40.881166,1.965384,0
40.882820,1.653770,0
40.885033,2.212980,0
40.887087,2.053753,0
40.889253,2.166337,0
40.891248,1.995142,0
40.893569,2.321017,0
40.895115,1.545908,0
40.897040,1.924803,0
40.899198,2.157857,0
40.900906,1.708249,0
40.903438,2.531967,0
40.905328,1.889908,0
40.907022,1.694173,0
40.909338,2.316314,0
40.911480,2.141874,0
40.913629,2.148561,0
40.914873,1.244135,0
40.916994,2.121160,0
40.918847,1.852655,0
40.921168,2.321071,0
40.923177,2.008963,0
40.925213,2.035869,0
40.926947,1.733894,0
40.929094,2.146970,0
40.931279,2.184950,0
40.933769,2.490481,0
40.935295,1.526000,0
40.936882,1.587020,0
40.939305,2.423002,0
40.941108,1.802838,0
40.943501,2.392996,0
40.945319,1.818372,0
40.947029,1.709835,0
40.949435,2.406240,0
40.951094,1.658719,0
40.953592,2.497701,0
40.955415,1.823375,0
40.957094,1.678853,0
40.959268,2.173809,0
40.961352,2.084709,0
40.963101,1.748592,0
40.965150,2.049119,0
40.967038,1.887946,0
40.969247,2.208709,0
40.971063,1.816093,0
40.973306,2.242586,0
40.975273,1.967314,0
40.977039,1.766023,0
40.978898,1.859201,0
40.981132,2.233501,0
40.983170,2.038378,0
40.985279,2.109313,0
40.986947,1.667850,0
40.989006,2.058973,0
40.990997,1.990791,0
40.993163,2.165648,0
40.995060,1.897442,0
40.996766,1.705732,0
40.998914,2.148214,0
41.001071,2.157545,0
41.003111,2.039813,0
41.004929,1.817808,0
41.006848,1.918621,0
41.008936,2.088815,0
41.011135,2.198589,0
41.012909,1.774039,0
41.014881,1.972161,0
41.016775,1.893248,0
41.018654,1.879349,0
41.020660,2.006513,0
41.022773,2.112458,0
41.024647,1.874267,0
41.026799,2.151489,0
41.028633,1.834877,0
41.030661,2.027488,0
41.033108,2.447274,0
41.034886,1.777987,0
41.036763,1.876590,0
41.038793,2.030250,0
41.040818,2.024694,0
41.043399,2.580826,0
41.045148,1.749558,0
41.046844,1.695831,0
41.048926,2.081899,0
41.051108,2.181878,0
41.053246,2.137903,0
41.054941,1.694885,0
41.056823,1.882364,0
41.058980,2.156918,0
41.061177,2.197307,0
41.063128,1.951271,0
41.064936,1.807682,0
41.066830,1.893946,0
41.069070,2.239650,0
41.071120,2.050187,0
41.073253,2.133129,0
41.074963,1.710454,0
41.076834,1.870988,0
41.079097,2.262372,0
41.080919,1.821980,0
41.083003,2.084510,0
41.084942,1.938744,0
41.086841,1.898837,0
41.089035,2.193623,0
41.091158,2.123158,0
41.093194,2.036064,0
41.094940,1.745793,0
41.096829,1.888980,0
41.099098,2.269748,0
41.101125,2.026917,0
41.103120,1.994666,0
41.104955,1.834667,0
41.106851,1.896564,0
41.109059,2.207538,0
41.111245,2.186100,0
41.113123,1.877958,0
41.115064,1.941599,0
41.116859,1.795084,0
41.119186,2.326340,0
41.121119,1.933638,0
41.123249,2.129631,0
41.125119,1.870466,0
41.126650,1.530863,0
41.129063,2.413048,0
41.130983,1.919183,0
41.133091,2.108226,0
41.134707,1.615994,0
41.136784,2.076925,0
41.139110,2.326103,0
41.140956,1.846182,0
41.143450,2.493648,0
41.144962,1.511986,0
41.146802,1.840606,0
41.148683,1.880986,0
41.151017,2.334082,0
41.153263,2.246191,0
41.155150,1.886059,0
41.156807,1.657442,0
41.158986,2.179543,0
41.161090,2.103793,0
41.162713,1.622596,0
41.164667,1.953873,0
41.166849,2.182414,0
41.168958,2.108343,0
41.171249,2.291756,0
41.173399,2.149691,0
41.175061,1.661634,0
41.176911,1.850543,0
41.179010,2.098551,0
41.180849,1.839139,0
41.182734,1.885544,0
41.184710,1.975763,0
41.186649,1.939084,0
41.189126,2.476699,0
41.191086,1.960368,0
41.193343,2.256388,0
41.195114,1.771776,0
41.196857,1.742574,0
41.198757,1.899781,0
41.201052,2.295596,0
41.203287,2.234909,0
41.204885,1.597443,0
41.206831,1.945784,0
41.209120,2.289781,0
41.211091,1.970517,0
41.212958,1.866772,0
41.215129,2.171016,0
41.216782,1.653102,0
41.218989,2.206847,0
41.220745,1.756802,0
41.223051,2.305442,0
41.225143,2.092637,0
41.226892,1.748821,0
41.229281,2.388529,0
41.231114,1.833196,0
41.233122,2.008218,0
41.234754,1.631623,0
41.236760,2.006202,0
41.238770,2.009716,0
41.240764,1.994259,0
41.242773,2.008755,0
41.244940,2.167497,0
41.246798,1.857818,0
41.248950,2.151928,0
41.250979,2.029005,0
41.253233,2.253818,0
41.254893,1.660207,0
41.256810,1.917144,0
41.258862,2.051948,0
41.261287,2.424928,0
41.263249,1.962189,0
41.264997,1.747872,0
41.266859,1.861731,0
41.269089,2.230590,0
41.270936,1.846676,0
41.272912,1.975788,0
41.274931,2.019277,0
41.276832,1.900876,0
41.278891,2.059317,0
41.281205,2.313263,0
41.283272,2.067567,0
41.285077,1.804931,0
41.286864,1.786850,0
41.289155,2.291282,0
41.290939,1.784049,0
41.293186,2.246408,0
41.295048,1.862213,0
41.296809,1.760742,0
41.299062,2.253686,0
41.301047,1.984957,0
41.303113,2.065386,0
41.304951,1.838753,0
41.306813,1.861467,0
41.309008,2.195085,0
41.311211,2.202783,0
41.313218,2.007336,0
41.314975,1.756476,0
41.316857,1.882885,0
41.319032,2.174846,0
41.320968,1.935948,0
41.322755,1.786559,0
41.324997,2.242034,0
41.326798,1.801279,0
41.328857,2.058487,0
41.331124,2.267262,0
41.333163,2.038677,0
41.334947,1.784270,0
41.336847,1.900574,0
41.339083,2.235300,0
41.341007,1.924492,0
41.343148,2.140328,0
41.345009,1.861295,0
41.346839,1.830138,0
41.348943,2.103875,0
41.351203,2.260140,0
41.353246,2.042683,0
41.355043,1.797054,0
41.356830,1.787374,0
41.358697,1.866451,0
41.361171,2.474172,0
41.363288,2.117519,0
41.365056,1.767413,0
41.366847,1.790861,0
41.369187,2.340309,0
41.371217,2.030637,0
41.372818,1.601011,0
41.375174,2.355451,0
41.376840,1.666118,0
41.379031,2.190732,0
41.381157,2.126405,0
41.383203,2.045993,0
41.385032,1.829297,0
41.386868,1.835759,0
41.388920,2.051465,0
41.390937,2.017749,0
41.393332,2.394363,0
41.394989,1.657524,0
41.396814,1.824904,0
41.399196,2.382193,0
41.401070,1.873221,0
41.403238,2.168215,0
41.404932,1.693980,0
41.406834,1.902488,0
41.409008,2.173382,0
41.411309,2.301475,0
41.413419,2.109862,0
41.415174,1.754556,0
41.416896,1.722478,0
41.419097,2.200601,0
41.421130,2.033728,0
41.423268,2.137780,0
41.425115,1.846757,0
41.426846,1.731522,0
41.429070,2.223500,0
41.431109,2.038929,0
41.433246,2.137484,0
41.434989,1.742381,0
41.436659,1.670289,0
41.439021,2.361548,0
41.441002,1.981463,0
41.442987,1.984857,0
41.445177,2.190115,0
41.446850,1.673134,0
41.449053,2.202493,0
41.450995,1.942379,0
41.453302,2.307327,0
41.455152,1.849704,0
41.456837,1.685084,0
41.458805,1.967641,0
41.461277,2.472218,0
41.463413,2.136001,0
41.465116,1.703318,0
41.466843,1.726372,0
41.469073,2.230104,0
41.471132,2.059043,0
41.473021,1.888892,0
41.475150,2.129019,0
41.476830,1.679766,0
41.479152,2.322817,0
41.481165,2.012480,0
41.483055,1.890256,0
41.484862,1.806496,0
41.486806,1.944642,0
41.488885,2.079011,0
41.490816,1.930758,0
41.493201,2.385485,0
41.494960,1.758579,0
41.496793,1.832559,0
41.498903,2.110443,0
41.501084,2.180775,0
41.503426,2.342621,0
41.505013,1.586065,0
41.506811,1.798086,0
41.508960,2.149732,0
41.511085,2.124708,0
41.513176,2.090794,0
41.515555,2.378855,0
41.516851,1.295930,0
41.518975,2.124156,0
41.521053,2.078462,0
41.523365,2.312240,0
41.525123,1.757237,0
41.526847,1.724441,0
41.529073,2.225469,0
41.531178,2.104966,0
41.533343,2.164965,0
41.535108,1.765760,0
41.536836,1.727561,0
41.538922,2.085784,0
41.540933,2.011428,0
41.543160,2.227024,0
41.544713,1.552681,0
41.546920,2.206888,0
41.549073,2.153630,0
41.550943,1.869513,0
41.553199,2.256275,0
41.555052,1.852443,0
41.556840,1.788511,0
41.559158,2.318335,0
41.561191,2.032863,0
41.563094,1.903143,0
41.564908,1.814088,0
41.566823,1.914508,0
41.568828,2.004891,0
41.570628,1.800501,0
41.572772,2.143886,0
41.574645,1.872303,0
41.576620,1.975711,0
41.578682,2.062163,0
41.580893,2.210771,0
41.582948,2.054711,0
41.584773,1.824935,0
41.586807,2.033795,0
41.588796,1.989810,0
41.590938,2.141331,0
41.592977,2.039132,0
41.595144,2.166909,0
41.596797,1.653195,0
41.598841,2.044225,0
41.600891,2.050201,0
41.603155,2.263703,0
41.605101,1.946147,0
41.606824,1.722193,0
41.609130,2.306342,0
41.611009,1.878861,0
41.613152,2.143661,0
41.614928,1.775760,0
41.616646,1.717764,0
41.619025,2.378710,0
41.621169,2.144150,0
41.623094,1.925056,0
41.625069,1.974738,0
41.626820,1.751061,0
41.628918,2.098298,0
41.630838,1.919691,0
41.633351,2.513522,0
41.635013,1.662198,0
41.636837,1.823593,0
41.639154,2.317558,0
41.640986,1.831643,0
41.643340,2.354035,0
41.644988,1.648065,0
41.646823,1.834833,0
41.649073,2.249518,0
41.650924,1.851149,0
41.653148,2.224501,0
41.654806,1.658054,0
41.656821,2.014679,0
41.659051,2.229750,0
41.661055,2.004105,0
41.663179,2.124482,0
41.665149,1.969236,0
41.666837,1.688919,0
41.669155,2.317332,0
41.670935,1.780465,0
41.673553,2.617920,0
41.674846,1.292930,0
41.676845,1.999032,0
41.678925,2.079815,0
41.680823,1.897600,0
41.683020,2.196996,0
41.685061,2.041557,0
41.686819,1.757943,0
41.689039,2.220168,0
41.691114,2.074883,0
41.693291,2.177020,0
41.694957,1.666134,0
41.696817,1.859553,0
41.699060,2.243118,0
41.701041,1.981396,0
41.703187,2.145574,0
41.705085,1.898551,0
41.706847,1.761176,0
41.708987,2.140546,0
41.711112,2.125131,0
41.713075,1.962791,0
41.714678,1.602754,0
41.716799,2.121642,0
41.719208,2.408246,0
41.721189,1.981484,0
41.723049,1.860043,0
41.725015,1.965971,0
41.726837,1.821852,0
41.729062,2.224866,0
41.731149,2.086811,0
41.732834,1.685074,0
41.734914,2.080282,0
41.736820,1.906377,0
41.738918,2.097333,0
41.740875,1.957616,0
41.743024,2.148870,0
41.744877,1.852421,0
41.746823,1.945862,0
41.748817,1.994154,0
41.751104,2.287649,0
41.753220,2.115689,0
41.754956,1.735614,0
41.756847,1.891553,0
41.759063,2.215834,0
41.761215,2.151548,0
41.763195,1.980694,0
41.764901,1.706149,0
41.766834,1.932431,0
41.769051,2.217513,0
41.770990,1.938269,0
41.773281,2.291403,0
41.775232,1.950599,0
41.776835,1.603616,0
41.778833,1.997486,0
41.780716,1.883301,0
41.783291,2.575163,0
41.784949,1.658090,0
41.786908,1.959130,0
41.789063,2.154283,0
41.790947,1.883927,0
41.793037,2.090687,0
41.794847,1.809428,0
41.796829,1.982453,0
41.798825,1.995665,0
41.801035,2.210277,0
41.803293,2.257721,0
41.804848,1.555089,0
41.806845,1.996920,0
41.808860,2.014920,0
41.811294,2.433934,0
41.813127,1.833686,0
41.814918,1.790961,0
41.816860,1.941444,0
41.819157,2.296908,0
41.820965,1.807963,0
41.823355,2.390147,0
41.825016,1.661170,0
41.826796,1.780083,0
41.829063,2.267075,0
41.830912,1.849016,0
41.833125,2.212625,0
41.834950,1.824710,0
41.836893,1.943227,0
41.838918,2.025005,0
41.840940,2.022060,0
41.843222,2.281994,0
41.845122,1.900249,0
41.846852,1.729720,0
41.849200,2.347806,0
41.851129,1.929218,0
41.853022,1.893627,0
41.854807,1.784366,0
41.856819,2.011848,0
41.858887,2.068682,0
41.861346,2.458230,0
41.863250,1.904687,0
41.865008,1.757972,0
41.866800,1.791410,0
41.868662,1.862745,0
41.870983,2.320903,0
41.872822,1.838552,0
41.874789,1.967078,0
41.876884,2.095149,0
41.879183,2.298471,0
41.880963,1.780452,0
41.883131,2.167757,0
41.884877,1.746311,0
41.886808,1.930776,0
41.889143,2.335170,0
41.891159,2.015479,0
41.893278,2.119769,0
41.894856,1.577802,0
41.896855,1.998596,0
41.899157,2.301943,0
41.900923,1.766843,0
41.903223,2.299248,0
41.904969,1.746179,0
41.906832,1.862896,0
41.909104,2.272287,0
41.910993,1.888468,0
41.913130,2.137244,0
41.914752,1.622107,0
41.916792,2.040293,0
41.918780,1.987785,0
41.920729,1.949439,0
41.923365,2.635665,0
41.925076,1.710555,0
41.926807,1.731320,0
41.929479,2.672137,0
41.931119,1.639578,0
41.933200,2.080949,0
41.934959,1.759314,0
41.936800,1.840725,0
41.939100,2.300050,0
41.940796,1.696164,0
41.943145,2.349383,0
41.944979,1.834222,0
41.946821,1.841810,0
41.948640,1.818690,0
41.950934,2.294260,0
41.953376,2.442104,0
41.954796,1.419445,0
41.956845,2.049609,0
41.959182,2.336590,0
41.960934,1.752515,0
41.963320,2.385793,0
41.965259,1.938762,0
41.966904,1.644849,0
41.969010,2.106406,0
41.971084,2.073811,0
41.972988,1.903470,0
41.974806,1.817923,0
41.976848,2.042969,0
41.979302,2.453683,0
41.981235,1.932605,0
41.983095,1.860576,0
41.984892,1.796931,0
41.986878,1.985418,0
41.989001,2.122887,0
41.990977,1.976879,0
41.992946,1.968609,0
41.994805,1.858945,0
41.996841,2.036271,0
41.998961,2.120054,0
42.001144,2.183124,0
42.003297,2.152217,0
42.005069,1.772465,0
42.006839,1.769418,0
42.008979,2.139949,0
42.011095,2.116017,0
42.013573,2.478309,0
42.015008,1.435283,0
42.017132,2.123546,0
42.019193,2.061678,0
42.021133,1.939327,0
42.022798,1.664858,0
42.024884,2.086308,0
42.026828,1.943863,0
42.028855,2.027327,0
42.031082,2.227095,0
42.033446,2.363784,0
42.034682,1.235792,0
42.036732,2.050306,0
42.038970,2.237808,0
42.040784,1.814110,0
42.042916,2.132466,0
42.044821,1.904158,0
42.046765,1.944947,0
42.048785,2.019871,0
42.050856,2.071057,0
42.052836,1.979761,0
42.055129,2.292647,0
42.056873,1.743808,0
42.059014,2.141521,0
42.061289,2.275175,0
42.063492,2.202640,0
42.064899,1.406787,0
42.066837,1.938169,0
42.069095,2.258254,0
42.070902,1.806410,0
42.073306,2.404033,0
42.074890,1.583887,0
42.076780,1.890363,0
42.078802,2.022071,0
42.080720,1.918264,0
42.082912,2.192003,0
42.084964,2.051860,0
42.086877,1.912716,0
42.089075,2.198419,0
42.090892,1.817252,0
42.093193,2.300178,0
42.094840,1.647786,0
42.096778,1.937242,0
42.099060,2.282764,0
42.101079,2.018476,0
42.103215,2.135746,0
42.104930,1.715235,0
42.106845,1.914773,0
42.109046,2.201766,0
42.111293,2.246785,0
42.113143,1.849874,0
42.114829,1.685490,0
42.116842,2.013426,0
42.118902,2.060044,0
42.120907,2.005054,0
42.122921,2.014063,0
42.124967,2.046034,0
42.126778,1.810407,0
42.128934,2.156180,0
42.130937,2.003515,0
42.133014,2.076690,0
42.134811,1.797240,0
42.136928,2.116929,0
42.139200,2.271776,0
42.141284,2.084137,0
42.143333,2.049345,0
42.144982,1.648132,0
42.146849,1.867952,0
42.148889,2.039224,0
42.150998,2.109312,0
42.153040,2.042119,0
42.154921,1.880661,0
42.156845,1.924151,0
42.159071,2.226516,0
42.161063,1.991534,0
42.163212,2.149237,0
42.164960,1.747843,0
42.166834,1.873684,0
42.168910,2.076479,0
42.171059,2.148838,0
42.173206,2.146801,0
42.175129,1.922616,0
42.176824,1.695456,0
42.178854,2.029843,0
42.181063,2.208952,0
42.183084,2.020913,0
42.185046,1.962529,0
42.186943,1.897298,0
42.189169,2.225580,0
42.190867,1.697706,0
42.192960,2.093526,0
42.194939,1.979120,0
42.196837,1.897737,0
42.198757,1.919357,0
42.200992,2.235533,0
42.203223,2.230575,0
42.204956,1.733286,0
42.206851,1.894940,0
42.209040,2.189139,0
42.211062,2.021660,0
42.213145,2.083526,0
42.214962,1.816846,0
42.216785,1.823233,0
42.218960,2.174487,0
42.220989,2.029495,0
42.222820,1.830405,0
42.224899,2.079300,0
42.226747,1.848446,0
42.228778,2.031073,0
42.231009,2.230108,0
42.232808,1.799321,0
42.234778,1.970574,0
42.236831,2.052326,0
42.238780,1.949539,0
42.240712,1.931593,0
42.242744,2.032097,0
42.244925,2.181436,0
42.246777,1.851730,0
42.249099,2.322059,0
42.251018,1.918399,0
42.253438,2.420223,0
42.255163,1.724762,0
42.256850,1.687804,0
42.259121,2.270375,0
42.261214,2.093484,0
42.262948,1.733716,0
42.265199,2.251082,0
42.266718,1.519326,0
42.269146,2.427519,0
42.270900,1.753723,0
42.272669,1.768849,0
42.274672,2.003290,0
42.276838,2.165832,0
42.278808,1.970138,0
42.281048,2.240306,0
42.283206,2.158355,0
42.285069,1.862125,0
42.286793,1.724376,0
42.288891,2.098554,0
42.290994,2.102922,0
42.293134,2.139886,0
42.295075,1.941024,0
42.296895,1.819339,0
42.299177,2.281896,0
42.301075,1.898877,0
42.303286,2.210342,0
42.305061,1.775303,0
42.306811,1.750063,0
42.308956,2.145138,0
42.311207,2.251076,0
42.313284,2.076180,0
42.314949,1.665155,0
42.316859,1.909927,0
42.319162,2.303831,0
42.321094,1.931627,0
42.323231,2.137116,0
42.325048,1.816428,0
42.326681,1.632941,0
42.328937,2.256171,0
42.331134,2.197460,0
42.333223,2.088652,0
42.334773,1.550147,0
42.336799,2.026231,0
42.339058,2.259056,0
42.340823,1.764520,0
42.343349,2.526352,0
42.344759,1.410069,0
42.346832,2.073179,0
42.349094,2.261493,0
42.350838,1.743788,0
42.353043,2.205664,0
42.354987,1.943185,0
42.356823,1.836550,0
42.358809,1.985701,0
42.361042,2.232999,0
42.363392,2.350711,0
42.365154,1.761835,0
42.366853,1.698719,0
42.369006,2.153105,0
42.371146,2.140215,0
42.373075,1.928633,0
42.375080,2.004554,0
42.376839,1.759847,0
42.378839,1.999262,0
42.380988,2.149087,0
42.383383,2.394853,0
42.384831,1.448615,0
42.386863,2.031496,0
42.389059,2.196662,0
42.391211,2.151700,0
42.392992,1.781421,0
42.394933,1.940587,0
42.396829,1.896184,0
42.398701,1.871875,0
42.401075,2.374179,0
42.403234,2.158504,0
42.405027,1.793554,0
42.406831,1.803938,0
42.408964,2.132330,0
42.411047,2.083175,0
42.412924,1.877356,0
42.415097,2.173117,0
42.416998,1.900656,0
42.418751,1.753551,0
42.420697,1.945219,0
42.423238,2.541781,0
42.424839,1.600108,0
42.427699,2.860119,0
42.429128,1.429632,0
42.430909,1.780762,0
42.433242,2.332833,0
42.434963,1.721452,0
42.436948,1.984713,0
42.439226,2.278189,0
42.441035,1.809186,0
42.442800,1.764349,0
42.445241,2.440677,0
42.446863,1.622232,0
42.449225,2.362076,0
42.451203,1.978137,0
42.453101,1.898126,0
42.455016,1.914706,0
42.456836,1.819945,0
42.458848,2.012280,0
42.461208,2.360262,0
42.463075,1.866520,0
42.465018,1.943533,0
42.466815,1.796649,0
42.468992,2.177385,0
42.470989,1.996575,0
42.473026,2.037547,0
42.474884,1.857293,0
42.476807,1.923240,0
42.478915,2.108267,0
42.481177,2.261606,0
42.483268,2.090956,0
42.484807,1.539552,0
42.486838,2.030191,0
42.488925,2.086960,0
42.490879,1.954778,0
42.493184,2.304528,0
42.494949,1.765016,0
42.496834,1.885011,0
42.499138,2.304159,0
42.500977,1.838520,0
42.503371,2.394098,0
42.504872,1.501070,0
42.506850,1.978119,0
42.509096,2.245733,0
42.511032,1.936756,0
42.513167,2.134486,0
42.514818,1.650760,0
42.516799,1.981311,0
42.518817,2.018344,0
42.520907,2.089427,0
42.523215,2.308432,0
42.524855,1.639670,0
42.526802,1.947701,0
42.528696,1.893737,0
42.530696,2.000256,0
42.533308,2.611434,0
42.535039,1.731111,0
42.536848,1.808682,0
42.539066,2.218249,0
42.541239,2.172882,0
42.543329,2.089990,0
42.545066,1.737245,0
42.546825,1.758676,0
42.548913,2.088223,0
42.551158,2.244558,0
42.553333,2.175060,0
42.554944,1.611105,0
42.556826,1.881847,0
42.558890,2.064625,0
42.561181,2.290502,0
42.563194,2.013524,0
42.564883,1.688491,0
42.566725,1.842679,0
42.568892,2.166947,0
42.570854,1.962095,0
42.572719,1.864327,0
42.574819,2.100477,0
42.576633,1.813591,0
42.578692,2.059635,0
42.580865,2.172331,0
42.582731,1.866690,0
42.584916,2.184744,0
42.586812,1.895643,0
42.589066,2.254041,0
42.590985,1.919429,0
42.593340,2.355144,0
42.594828,1.487218,0
42.597063,2.234883,0
42.599171,2.108185,0
42.600948,1.777130,0
42.603111,2.163453,0
42.604923,1.811832,0
42.606817,1.893732,0
42.608748,1.930843,0
42.610999,2.251002,0
42.613068,2.069584,0
42.614867,1.798300,0
42.616792,1.925296,0
42.619039,2.247264,0
42.620634,1.595053,0
42.623052,2.417836,0
42.625096,2.044086,0
42.626803,1.707124,0
42.628990,2.186286,0
42.631172,2.182909,0
42.633524,2.351098,0
42.635430,1.906737,0
42.636794,1.363480,0
42.638956,2.162096,0
42.640716,1.760480,0
42.642943,2.226249,0
42.644870,1.927579,0
42.646855,1.984504,0
42.649034,2.179165,0
42.651076,2.041837,0
42.653121,2.044938,0
42.655064,1.943013,0
42.656831,1.767100,0
42.658960,2.129737,0
42.661097,2.136347,0
42.663147,2.050308,0
42.664934,1.786797,0
42.666849,1.915453,0
42.668932,2.082604,0
42.670873,1.941308,0
42.672953,2.079565,0
42.674842,1.888900,0
42.678115,3.273393,1
42.679879,1.764294,0
42.685102,5.222775,1
42.686425,1.322444,0
42.686530,0.104983,0
42.688629,2.099371,0
42.690719,2.090055,0
42.692757,2.038139,0
42.694637,1.880240,0
42.696777,2.139644,0
42.698784,2.007126,0
42.700831,2.046412,0
42.702698,1.867308,0
42.704820,2.121858,0
42.706806,1.986323,0
42.708765,1.958781,0
42.710969,2.204151,0
42.713001,2.032159,0
42.714952,1.950550,0
42.716839,1.887340,0
42.718786,1.947031,0
42.720846,2.060289,0
42.722993,2.146600,0
42.725189,2.195995,0
42.726782,1.592907,0
42.729151,2.368938,0
42.731329,2.178315,0
42.733093,1.763840,0
42.734954,1.861243,0
42.736926,1.971321,0
42.739003,2.077455,0
42.740944,1.941231,0
42.743112,2.167584,0
42.745058,1.946442,0
42.747002,1.944171,0
42.749121,2.118451,0
42.751262,2.141537,0
42.753077,1.814799,0
42.754899,1.821894,0
42.757021,2.121471,0
42.759252,2.231193,0
42.761240,1.988036,0
42.763411,2.171134,0
42.765107,1.695782,0
42.766923,1.815824,0
42.769028,2.105180,0
42.770796,1.767917,0
42.773188,2.392139,0
42.775177,1.988686,0
42.777019,1.842358,0
42.779291,2.272475,0
42.781218,1.926213,0
42.783427,2.209648,0
42.785001,1.573362,0
42.787021,2.020659,0
42.789209,2.188003,0
42.791243,2.034006,0
42.793397,2.153541,0
42.795082,1.685005,0
42.796872,1.790491,0
42.799067,2.194851,0
42.801015,1.948038,0
42.803075,2.059686,0
42.805076,2.001590,0
42.806831,1.754476,0
42.808667,1.836125,0
42.811086,2.418944,0
42.813364,2.278098,0
42.815007,1.643392,0
42.816931,1.923403,0
42.819233,2.302252,0
42.821146,1.912785,0
42.822981,1.835367,0
42.825122,2.141212,0
42.826817,1.694665,0
42.828817,1.999649,0
42.830802,1.985665,0
42.833030,2.227081,0
42.835018,1.988490,0
42.836843,1.825387,0
42.838827,1.983305,0
42.841173,2.346503,0
42.843527,2.354098,0
42.845229,1.701627,0
42.846844,1.615301,0
42.849535,2.690685,0
42.850807,1.271983,0
42.852757,1.950044,0
42.854978,2.221479,0
42.856756,1.777322,0
42.859019,2.263282,0
42.861265,2.245552,0
42.863274,2.009639,0
42.865071,1.796540,0
42.866807,1.736207,0
42.869103,2.296278,0
42.870979,1.875984,0
42.873299,2.319825,0
42.875165,1.866394,0
42.876840,1.674152,0
42.879126,2.285920,0
42.881299,2.173420,0
42.883762,2.463160,0
42.885083,1.321195,0
42.887061,1.977930,0
42.889404,2.342935,0
42.890995,1.590695,0
42.893105,2.110062,0
42.895074,1.969215,0
42.896866,1.791576,0
42.899090,2.223861,0
42.901061,1.971298,0
42.902718,1.656887,0
42.904966,2.248232,0
42.906766,1.799591,0
42.908989,2.223742,0
42.910915,1.925382,0
42.913285,2.370732,0
42.914952,1.666807,0
42.916790,1.837573,0
42.918791,2.001203,0
42.920868,2.076689,0
42.923093,2.225743,0
42.924912,1.818653,0
42.926851,1.939252,0
42.929108,2.256571,0
42.931120,2.012408,0
42.933382,2.261513,0
42.935098,1.716209,0
42.936898,1.800154,0
42.939166,2.268176,0
42.941058,1.891777,0
42.943211,2.152459,0
42.945123,1.912006,0
42.946836,1.712886,0
42.949121,2.285830,0
42.951138,2.017071,0
42.953301,2.162928,0
42.955116,1.814562,0
42.956835,1.719187,0
42.958955,2.119908,0
42.961154,2.199119,0
42.963339,2.185266,0
42.965152,1.812743,0
42.966841,1.688906,0
42.969220,2.378937,0
42.971076,1.856156,0
42.973159,2.082652,0
42.974951,1.791731,0
42.976655,1.704068,0
42.979002,2.347135,0
42.980973,1.971289,0
42.982986,2.012743,0
42.985009,2.023033,0
42.986868,1.859638,0
42.989109,2.240363,0
42.990867,1.758010,0
42.993278,2.411280,0
42.994700,1.422127,0
42.996824,2.123477,0
42.998836,2.012586,0
43.001136,2.300159,0
43.003176,2.039100,0
43.004843,1.667425,0
43.006833,1.989666,0
43.008905,2.072231,0
43.011108,2.202840,0
43.012857,1.749422,0
43.015144,2.287293,0
43.016801,1.656807,0
43.019152,2.351255,0
43.021013,1.860217,0
43.023109,2.096591,0
43.025090,1.981132,0
43.026980,1.889987,0
43.029331,2.350821,0
43.031203,1.871658,0
43.033429,2.226438,0
43.035163,1.733835,0
43.036856,1.692365,0
43.038821,1.965325,0
43.040957,2.136262,0
43.043223,2.265721,0
43.044919,1.695825,0
43.046924,2.005041,0
43.048929,2.005194,0
43.051060,2.130686,0
43.053241,2.181221,0
43.054958,1.717116,0
43.056821,1.862723,0
43.058988,2.167085,0
43.061212,2.224654,0
43.063291,2.078864,0
43.065069,1.778248,0
43.066882,1.812734,0
43.068862,1.979772,0
43.071127,2.265098,0
43.073231,2.103843,0
43.075056,1.825526,0
43.076877,1.820605,0
43.079210,2.333078,0
43.081239,2.028435,0
43.083480,2.241705,0
43.084999,1.518729,0
43.086844,1.845062,0
43.088999,2.154891,0
43.090957,1.958357,0
43.093256,2.298457,0
43.095099,1.842811,0
43.096920,1.821113,0
43.099085,2.165302,0
43.101016,1.930770,0
43.103285,2.269672,0
43.105144,1.858299,0
43.106798,1.653838,0
43.109125,2.327179,0
43.111144,2.019612,0
43.113234,2.089358,0
43.115171,1.937491,0
43.116853,1.682091,0
43.119127,2.273576,0
43.121153,2.026572,0
43.123361,2.207823,0
43.124988,1.626597,0
43.126860,1.872310,0
43.129146,2.286014,0
43.131172,2.025630,0
43.133279,2.107015,0
43.134748,1.469485,0
43.136891,2.143154,0
43.139040,2.148582,0
43.141158,2.117847,0
43.143253,2.095173,0
43.144933,1.679618,0
43.146851,1.918620,0
43.149163,2.311565,0
43.150908,1.745397,0
43.153110,2.202182,0
43.155160,2.049671,0
43.157027,1.866923,0
43.159251,2.224156,0
43.161694,2.443181,0
43.163485,1.790756,0
43.165380,1.895048,0
43.166920,1.540123,0
43.168800,1.879461,0
43.170990,2.189967,0
43.172984,1.994249,0
43.174938,1.953756,0
43.176811,1.872925,0
43.179298,2.486864,0
43.180977,1.679020,0
43.183187,2.210529,0
43.185272,2.084873,0
43.186857,1.585422,0
43.188842,1.984337,0
43.190917,2.075156,0
43.193026,2.109288,0
43.194900,1.873440,0
43.196707,1.807277,0
43.198776,2.068970,0
43.200787,2.010932,0
43.202816,2.029546,0
43.204949,2.132893,0
43.206824,1.875164,0
43.209219,2.394766,0
43.211381,2.161598,0
43.213472,2.091175,0
43.215049,1.577140,0
43.216858,1.808434,0
43.218909,2.051805,0
43.220958,2.048288,0
43.223225,2.266979,0
43.225144,1.919517,0
43.226836,1.691399,0
43.228957,2.121532,0
43.231069,2.112300,0
43.233022,1.952488,0
43.235066,2.044134,0
43.236808,1.741949,0
43.238896,2.088548,0
43.240951,2.054131,0
43.243125,2.174473,0
43.244799,1.674261,0
43.246836,2.036686,0
43.249113,2.276629,0
43.250741,1.628821,0
43.253037,2.295891,0
43.255161,2.123691,0
43.256895,1.733969,0
43.259125,2.230004,0
43.261269,2.143566,0
43.263235,1.966768,0
43.264977,1.741796,0
43.266836,1.858634,0
43.269154,2.317968,0
43.270867,1.713210,0
43.273260,2.392834,0
43.274989,1.729044,0
43.276842,1.852879,0
43.278896,2.054632,0
43.280945,2.048888,0
43.283199,2.254071,0
43.285050,1.851168,0
43.286790,1.739943,0
43.288858,2.067656,0
43.291147,2.288573,0
43.293326,2.179821,0
43.294980,1.653052,0
43.296895,1.915292,0
43.299067,2.172536,0
43.301572,2.504746,0
43.303735,2.162484,0
43.305517,1.782471,0
43.307013,1.496205,0
43.309254,2.240692,0
43.311184,1.929742,0
43.312766,1.582512,0
43.315018,2.251522,0
43.316845,1.827707,0
43.319047,2.201327,0
43.321350,2.302787,0
43.323410,2.060035,0
43.325304,1.894184,0
43.326854,1.550650,0
43.329185,2.330663,0
43.331123,1.937714,0
43.333059,1.936501,0
43.335026,1.967121,0
43.336842,1.815956,0
43.339015,2.172587,0
43.340975,1.959737,0
43.342973,1.998400,0
43.344965,1.991544,0
43.346775,1.810812,0
43.348903,2.127148,0
43.350930,2.027792,0
43.353210,2.279937,0
43.354992,1.781242,0
43.356901,1.909384,0
43.359003,2.102158,0
43.361323,2.319715,0
43.363112,1.788778,0
43.364933,1.821545,0
43.366829,1.896253,0
43.368880,2.050479,0
43.370970,2.089722,0
43.373072,2.102256,0
43.374796,1.724543,0
43.376834,2.037832,0
43.378720,1.885375,0
43.380879,2.159385,0
43.383379,2.499605,0
43.385138,1.759418,0
43.386872,1.733577,0
43.389241,2.369729,0
43.391256,2.014975,0
43.392869,1.613105,0
43.394911,2.041929,0
43.396642,1.730300,0
43.398656,2.014478,0
43.400829,2.172707,0
43.403365,2.536653,0
43.404928,1.562314,0
43.406826,1.898694,0
43.409133,2.306149,0
43.411405,2.272589,0
43.413309,1.903943,0
43.415151,1.841915,0
43.416838,1.686817,0
43.418918,2.079637,0
43.420952,2.034558,0
43.423039,2.086974,0
43.424946,1.907203,0
43.426830,1.883265,0
43.429260,2.430251,0
43.431128,1.868717,0
43.433304,2.175679,0
43.435007,1.703261,0
43.436853,1.845252,0
43.439102,2.248861,0
43.440720,1.618467,0
43.443066,2.346165,0
43.444991,1.925294,0
43.446852,1.860192,0
43.449115,2.263506,0
43.451144,2.028647,0
43.453195,2.050931,0
43.454977,1.782144,0
43.456893,1.915952,0
43.458978,2.085086,0
43.461152,2.174164,0
43.463234,2.082152,0
43.464939,1.704886,0
43.466835,1.895911,0
43.469027,2.192254,0
43.470831,1.804062,0
43.473005,2.173775,0
43.475029,2.023382,0
43.476836,1.807089,0
43.478733,1.897201,0
43.481038,2.305398,0
43.482785,1.746472,0
43.485002,2.217413,0
43.486907,1.905076,0
43.489098,2.190412,0
43.491054,1.956874,0
43.493137,2.082071,0
43.494825,1.688390,0
43.496639,1.814063,0
43.499067,2.428422,0
43.500995,1.927568,0
43.503058,2.063024,0
43.505117,2.058553,0
43.506857,1.740841,0
43.509317,2.459697,0
43.511563,2.245543,0
43.513322,1.758923,0
43.515116,1.794502,0
43.516823,1.707423,0
43.519160,2.336758,0
43.521133,1.972540,0
43.523240,2.106794,0
43.525023,1.783045,0
43.526615,1.592307,0
43.528935,2.320061,0
43.531044,2.109306,0
43.533097,2.052338,0
43.535083,1.986859,0
43.536845,1.761532,0
43.539266,2.420678,0
43.541257,1.991807,0
43.543404,2.146833,0
43.545043,1.639009,0
43.547101,2.057919,0
43.549120,2.018703,0
43.551125,2.004631,0
43.553252,2.126981,0
43.555855,2.603523,0
43.558402,2.546902,0
43.564142,5.740053,1
43.564713,0.571163,0
43.564728,0.014434,0
43.566840,2.112175,0
43.569107,2.266780,0
43.571054,1.947300,0
43.573253,2.198755,0
43.575236,1.983596,0
43.576844,1.607806,0
43.578827,1.982952,0
43.580874,2.047000,0
43.582945,2.070740,0
43.584795,1.850628,0
43.586832,2.037105,0
43.588920,2.087063,0
43.590983,2.063670,0
43.593012,2.028834,0
43.594942,1.930168,0
43.596875,1.932460,0
43.599071,2.196068,0
43.601312,2.241192,0
43.603085,1.773113,0
43.605322,2.237364,0
43.606870,1.547214,0
43.608958,2.088220,0
43.611035,2.077452,0
43.613092,2.056592,0
43.614957,1.865518,0
43.616828,1.870706,0
43.618930,2.102186,0
43.620957,2.027082,0
43.622932,1.974444,0
43.625152,2.220146,0
43.626779,1.626871,0
43.629207,2.428173,0
43.630912,1.704879,0
43.633229,2.316970,0
43.635103,1.874205,0
43.636838,1.734671,0
43.638730,1.892285,0
43.641121,2.391137,0
43.643191,2.069680,0
43.645127,1.936339,0
43.646850,1.722493,0
43.649099,2.248981,0
43.651133,2.033871,0
43.653101,1.968617,0
43.655211,2.109753,0
43.656838,1.627090,0
43.658945,2.107166,0
43.661070,2.125148,0
43.663227,2.156989,0
43.665009,1.781924,0
43.666843,1.833565,0
43.669328,2.485166,0
43.671092,1.763592,0
43.673357,2.265528,0
43.675267,1.910072,0
43.676924,1.657137,0
43.679146,2.221559,0
43.681154,2.007812,0
43.683249,2.095662,0
43.684928,1.678292,0
43.686721,1.793657,0
43.689386,2.664536,0
43.691206,1.819729,0
43.693546,2.340700,0
43.695259,1.713096,0
43.697028,1.768780,0
43.698689,1.661265,0
43.700806,2.116903,0
43.702779,1.973173,0
43.704998,2.218271,0
43.706784,1.786642,0
43.709385,2.601118,0
43.711183,1.797217,0
43.713587,2.404541,0
43.715142,1.555104,0
43.716830,1.687372,0
43.718946,2.116102,0
43.721026,2.079986,0
43.723133,2.107206,0
43.725027,1.894099,0
43.726846,1.819286,0
43.729332,2.485821,0
43.731146,1.813825,0
43.733007,1.861192,0
43.734868,1.861000,0
43.736830,1.961749,0
43.738998,2.168297,0
43.740955,1.956821,0
43.743118,2.163223,0
43.744727,1.608930,0
43.746858,2.131089,0
43.749135,2.276874,0
43.751038,1.903203,0
43.753302,2.263816,0
43.754888,1.585603,0
43.756826,1.937925,0
43.758895,2.069484,0
43.761276,2.380697,0
43.763038,1.761797,0
43.765119,2.081594,0
43.766832,1.712501,0
43.769143,2.310973,0
43.771037,1.894665,0
43.773248,2.210728,0
43.774819,1.571091,0
43.776857,2.037813,0
43.779064,2.207223,0
43.780951,1.886208,0
43.783136,2.185215,0
43.784902,1.766245,0
43.786836,1.934361,0
43.788872,2.035292,0
43.791153,2.281332,0
43.793323,2.169877,0
43.794809,1.485702,0
43.796847,2.038250,0
43.798912,2.064836,0
43.800925,2.013227,0
43.803253,2.328320,0
43.804977,1.724139,0
43.806828,1.850537,0
43.809161,2.332904,0
43.811120,1.958809,0
43.813416,2.295995,0
43.815118,1.702450,0
43.816860,1.742137,0
43.818942,2.082024,0
43.821102,2.160068,0
43.822612,1.509743,0
43.824817,2.205088,0
43.826836,2.019199,0
43.828990,2.153488,0
43.831263,2.272941,0
43.833468,2.204904,0
43.835132,1.664128,0
43.836870,1.737867,0
43.839224,2.354439,0
43.840873,1.648939,0
43.843103,2.230230,0
43.845106,2.002511,0
43.846840,1.734277,0
43.849157,2.316864,0
43.851302,2.144699,0
43.853470,2.168274,0
43.855307,1.836726,0
43.856943,1.636632,0
43.859442,2.498557,0
43.861062,1.620511,0
43.863397,2.334672,0
43.865159,1.762085,0
43.866840,1.680803,0
43.869080,2.240369,0
43.871112,2.031516,0
43.873560,2.448052,0
43.875135,1.575380,0
43.876948,1.813171,0
43.879032,2.083286,0
43.880803,1.771134,0
43.883067,2.264674,0
43.885011,1.943616,0
43.886843,1.831651,0
43.888992,2.149247,0
43.891053,2.061489,0
43.893446,2.392737,0
43.895135,1.689122,0
43.896837,1.701289,0
43.899243,2.406131,0
43.901057,1.814079,0
43.903146,2.089394,0
43.905079,1.933040,0
43.906895,1.815384,0
43.908885,1.990452,0
43.911251,2.365494,0
43.913361,2.110240,0
43.915177,1.816236,0
43.916864,1.687355,0
43.919050,2.185472,0
43.920856,1.805957,0
43.923318,2.462136,0
43.925164,1.846151,0
43.926834,1.669524,0
43.929062,2.228754,0
43.931375,2.313030,0
43.933013,1.637276,0
43.934977,1.964057,0
43.936841,1.864459,0
43.939014,2.172985,0
43.940659,1.644691,0
43.943403,2.743728,0
43.945164,1.761732,0
43.947035,1.871072,0
43.949244,2.208824,0
43.950976,1.731423,0
43.953234,2.258732,0
43.955131,1.896784,0
43.956843,1.712004,0
43.958990,2.146364,0
43.961003,2.013010,0
43.963120,2.117606,0
43.965019,1.899172,0
43.966841,1.821779,0
43.969037,2.195863,0
43.971028,1.990612,0
43.973109,2.081003,0
43.975169,2.060638,0
43.976885,1.715613,0
43.979096,2.211453,0
43.981160,2.063272,0
43.983035,1.875829,0
43.984827,1.791742,0
43.986797,1.969616,0
43.988991,2.194572,0
43.990988,1.996227,0
43.993096,2.108915,0
43.994876,1.779266,0
43.996803,1.927286,0
43.998962,2.158973,0
44.000836,1.874302,0
44.002784,1.947364,0
44.004797,2.013357,0
44.006819,2.022334,0
44.009010,2.190726,0
44.010801,1.790839,0
44.013330,2.529427,0
44.014961,1.630243,0
44.016858,1.897629,0
44.019080,2.222055,0
44.020934,1.853442,0
44.023123,2.188970,0
44.024945,1.822603,0
44.026825,1.880022,0
44.029031,2.205735,0
44.031075,2.043924,0
44.033283,2.208035,0
44.035186,1.903070,0
44.036851,1.664981,0
44.039026,2.175290,0
44.041142,2.115204,0
44.043653,2.511231,0
44.045371,1.718464,0
44.046982,1.610587,0
44.049360,2.378424,0
44.051382,2.021678,0
44.053687,2.305151,0
44.055295,1.607841,0
44.057031,1.736055,0
44.059172,2.140697,0
44.061227,2.054949,0
44.063562,2.335132,0
44.065190,1.628501,0
44.067051,1.860766,0
44.069150,2.098745,0
44.071265,2.115288,0
44.073233,1.968067,0
44.075138,1.905189,0
44.078031,2.892616,0
44.079157,1.126287,0
44.081064,1.906904,0
44.083505,2.441137,0
44.085315,1.810145,0
44.087026,1.710650,0
44.089226,2.200054,0
44.091144,1.918155,0
44.093473,2.329125,0
44.095310,1.836867,0
44.097023,1.712690,0
44.099765,2.742470,0
44.101392,1.626479,0
44.103510,2.117657,0
44.105348,1.838151,0
44.107057,1.708996,0
44.108796,1.739551,0
44.111088,2.292065,0
44.113193,2.104732,0
44.115089,1.895738,0
44.116857,1.768614,0
44.119195,2.337334,0
44.121170,1.975011,0
44.123196,2.026497,0
44.125195,1.998312,0
44.126818,1.623655,0
44.128917,2.098679,0
44.131138,2.220988,0
44.133363,2.224821,0
44.134785,1.422184,0
44.136902,2.116683,0
44.139158,2.256363,0
44.141230,2.072612,0
44.143186,1.955320,0
44.144964,1.777927,0
44.146848,1.884318,0
44.148878,2.029903,0
44.151134,2.256173,0
44.153222,2.087391,0
44.155024,1.802548,0
44.156830,1.806149,0
44.159094,2.263598,0
44.161177,2.082852,0
44.163219,2.042315,0
44.164927,1.707859,0
44.167863,2.936000,0
44.169162,1.298953,0
44.170996,1.834637,0
44.173279,2.282792,0
44.174960,1.680772,0
44.176880,1.919803,0
44.178884,2.004565,0
44.181221,2.336913,0
44.183323,2.101962,0
44.184965,1.641910,0
44.186864,1.899230,0
44.189170,2.305552,0
44.191010,1.840504,0
44.193228,2.218027,0
44.195010,1.781698,0
44.196782,1.772264,0
44.198986,2.203726,0
44.201024,2.037980,0
44.203308,2.283929,0
44.204913,1.605403,0
44.206819,1.905461,0
44.208978,2.159057,0
44.211060,2.082380,0
44.213509,2.448349,0
44.214999,1.490230,0
44.216834,1.834782,0
44.218993,2.159023,0
44.221149,2.155998,0
44.223283,2.134242,0
44.225345,2.062433,0
44.226840,1.494145,0
44.228875,2.035552,0
44.231105,2.230353,0
44.233129,2.023680,0
44.234876,1.746975,0
44.236816,1.939899,0
44.238931,2.115120,0
44.240924,1.992916,0
44.243250,2.325557,0
44.245019,1.769014,0
44.246903,1.884121,0
44.249245,2.342729,0
44.250950,1.704351,0
44.253081,2.130906,0
44.255069,1.988637,0
44.256857,1.788013,0
44.259153,2.295933,0
44.261105,1.951906,0
44.263209,2.103995,0
44.264949,1.739687,0
44.266854,1.905502,0
44.269190,2.335583,0
44.271008,1.818069,0
44.273215,2.207201,0
44.274940,1.724569,0
44.276907,1.967368,0
44.279196,2.288421,0
44.280929,1.732912,0
44.283227,2.298535,0
44.284922,1.694755,0
44.286872,1.950379,0
44.288928,2.056181,0
44.291104,2.175297,0
44.293093,1.989082,0
44.294935,1.842120,0
44.296853,1.917792,0
44.299018,2.164943,0
44.300971,1.953679,0
44.303167,2.195617,0
44.304987,1.819703,0
44.306832,1.845285,0
44.308787,1.955189,0
44.310805,2.018340,0
44.313199,2.394010,0
44.314831,1.631063,0
44.316846,2.015246,0
44.318851,2.005624,0
44.320757,1.905892,0
44.323087,2.330051,0
44.325114,2.026762,0
44.326791,1.677274,0
44.329771,2.979961,0
44.331157,1.386013,0
44.333429,2.271911,0
44.335132,1.702983,0
44.336939,1.806641,0
44.339152,2.213583,0
44.341163,2.010436,0
44.343121,1.958062,0
44.344876,1.755508,0
44.346849,1.972302,0
44.349163,2.314402,0
44.350932,1.768706,0
44.353324,2.391666,0
44.355087,1.763873,0
44.356841,1.753220,0
44.359202,2.361187,0
44.361283,2.081631,0
44.362984,1.701037,0
44.365154,2.169460,0
44.366820,1.665982,0
44.368831,2.011385,0
44.371036,2.204738,0
44.372697,1.661218,0
44.375045,2.347899,0
44.376840,1.794540,0
44.378725,1.885457,0
44.381035,2.309450,0
44.382798,1.763511,0
44.384755,1.957319,0
44.386839,2.083483,0
44.388875,2.036133,0
44.391144,2.269305,0
44.393214,2.069965,0
44.395043,1.829016,0
44.396852,1.808458,0
44.398981,2.129679,0
44.400740,1.758075,0
44.402840,2.100102,0
44.404867,2.027006,0
44.406828,1.961386,0
44.408847,2.019278,0
44.411410,2.563040,0
44.413474,2.064045,0
44.414954,1.479384,0
44.416983,2.029530,0
44.419397,2.413364,0
44.420714,1.317291,0
44.422883,2.169250,0
44.425086,2.202501,0
44.426858,1.772191,0
44.429256,2.398525,0
44.430990,1.733614,0
44.433404,2.414027,0
44.435092,1.687569,0
44.436847,1.754911,0
44.439048,2.201420,0
44.440934,1.886228,0
44.443241,2.306820,0
44.445024,1.783437,0
44.446838,1.813280,0
44.448985,2.146919,0
44.450996,2.011232,0
44.453232,2.235904,0
44.454908,1.676557,0
44.456830,1.921311,0
44.458934,2.104587,0
44.461235,2.300418,0
44.463281,2.046595,0
44.464915,1.633785,0
44.466834,1.918487,0
44.468895,2.061250,0
44.471167,2.272682,0
44.473132,1.964292,0
44.474980,1.848405,0
44.476897,1.916732,0
44.478982,2.085551,0
44.480971,1.988710,0
44.483057,2.086105,0
44.484982,1.924633,0
44.486838,1.856427,0
44.489013,2.175105,0
44.491132,2.118677,0
44.493087,1.954442,0
44.495125,2.038840,0
44.496785,1.659788,0
44.499080,2.294337,0
44.500974,1.894177,0
44.503517,2.543596,0
44.504912,1.395151,0
44.506901,1.988406,0
44.509099,2.197944,0
44.511355,2.256609,0
44.513192,1.836223,0
44.514981,1.789654,0
44.516845,1.863711,0
44.519056,2.211445,0
44.521250,2.193871,0
44.523028,1.777316,0
44.524961,1.933390,0
44.526875,1.914002,0
44.529034,2.159318,0
44.530863,1.828853,0
44.533201,2.337929,0
44.535116,1.914771,0
44.536867,1.750761,0
44.539112,2.245693,0
44.541129,2.016565,0
44.543397,2.267765,0
44.545028,1.631059,0
44.546896,1.867825,0
44.549119,2.223497,0
44.551001,1.882311,0
44.553264,2.263022,0
44.554982,1.717136,0
44.556817,1.835464,0
44.559163,2.346310,0
44.561148,1.984520,0
44.562980,1.832487,0
44.564730,1.749560,0
44.566743,2.013040,0
44.568945,2.201757,0
44.570787,1.842103,0
44.573007,2.220542,0
44.574973,1.965546,0
44.576852,1.878800,0
44.579040,2.188111,0
44.580885,1.845180,0
44.582972,2.087417,0
44.584904,1.931950,0
44.586823,1.918653,0
44.588903,2.079621,0
44.591010,2.107545,0
44.593013,2.002703,0
44.595039,2.025669,0
44.596860,1.821615,0
44.599113,2.253285,0
44.600885,1.771999,0
44.602995,2.109098,0
44.605210,2.215940,0
44.606815,1.604670,0
44.609054,2.238902,0
44.611340,2.286084,0
44.613450,2.110106,0
44.614994,1.543549,0
44.616880,1.885981,0
44.619178,2.298375,0
44.621081,1.902724,0
44.623401,2.320662,0
44.624993,1.591435,0
44.626830,1.837289,0
44.629248,2.417789,0
44.631122,1.874422,0
44.633144,2.021612,0
44.634863,1.719308,0
44.636793,1.929960,0
44.638903,2.109499,0
44.640862,1.959667,0
44.643306,2.443531,0
44.644913,1.607285,0
44.646830,1.916613,0
44.649132,2.301727,0
44.650970,1.838539,0
44.653313,2.342445,0
44.654998,1.685567,0
44.656887,1.888395,0
44.659061,2.174726,0
44.661251,2.189216,0
44.663364,2.113302,0
44.664981,1.616797,0
44.666888,1.907322,0
44.669140,2.251937,0
44.670873,1.732792,0
44.673115,2.242617,0
44.674927,1.811500,0
44.676879,1.951775,0
44.679138,2.259403,0
44.680949,1.811508,0
44.683154,2.204947,0
44.684963,1.808385,0
44.686906,1.943624,0
44.689146,2.239603,0
44.690952,1.805840,0
44.692814,1.862512,0
44.694854,2.039773,0
44.696754,1.899420,0
44.698753,1.999280,0
44.700850,2.097362,0
44.703153,2.303112,0
44.704968,1.815104,0
44.707003,2.034375,0
44.709105,2.102472,0
44.711193,2.087746,0
44.713298,2.104739,0
44.714960,1.662650,0
44.716815,1.854650,0
44.718972,2.157117,0
44.720955,1.982922,0
44.723141,2.186245,0
44.725153,2.011465,0
44.726864,1.711281,0
44.728981,2.116566,0
44.731133,2.152712,0
44.732872,1.738448,0
44.734776,1.904238,0
44.736826,2.049951,0
44.738744,1.918348,0
44.740757,2.012453,0
44.743408,2.650692,0
44.745056,1.648349,0
44.746873,1.817479,0
44.749333,2.460106,0
44.751015,1.681753,0
44.753059,2.044149,0
44.755132,2.072251,0
44.756878,1.746837,0
44.759083,2.204244,0
44.761597,2.514110,0
44.763460,1.862901,0
44.765435,1.975552,0
44.766851,1.415856,0
44.768987,2.136366,0
44.771100,2.112859,0
44.773136,2.035725,0
44.775133,1.996512,0
44.776836,1.703194,0
44.779135,2.299685,0
44.781147,2.011395,0
44.783217,2.070149,0
44.785159,1.941915,0
44.786849,1.689852,0
44.789119,2.270261,0
44.791168,2.049117,0
44.793346,2.177412,0
44.794975,1.629751,0
44.796844,1.869027,0
44.798930,2.086135,0
44.800856,1.925396,0
44.803028,2.172163,0
44.804946,1.918123,0
44.806668,1.721926,0
44.809055,2.386552,0
44.811225,2.170084,0
44.813070,1.845324,0
44.815141,2.070751,0
44.816827,1.686561,0
44.818886,2.058245,0
44.821142,2.256918,0
44.823195,2.052658,0
44.825063,1.867981,0
44.826821,1.758268,0
44.828956,2.134643,0
44.831012,2.056022,0
44.833046,2.033700,0
44.835121,2.075590,0
44.836903,1.782041,0
44.839091,2.187725,0
44.840985,1.894009,0
44.843208,2.222610,0
44.845196,1.988182,0
44.846846,1.650547,0
44.848961,2.114590,0
44.850928,1.966821,0
44.853299,2.371500,0
44.855117,1.817759,0
44.856895,1.778257,0
44.859112,2.217056,0
44.861241,2.128969,0
44.863240,1.998995,0
44.864771,1.530591,0
44.866842,2.071062,0
44.869033,2.191154,0
44.871165,2.131750,0
44.873326,2.161441,0
44.875132,1.805874,0
44.876839,1.707140,0
44.879114,2.274837,0
44.880848,1.733505,0
44.883117,2.269522,0
44.884896,1.778771,0
44.886889,1.992944,0
44.889222,2.332562,0
44.891022,1.800069,0
44.893237,2.215026,0
44.895071,1.834834,0
44.896899,1.827570,0
44.899338,2.439014,0
44.900952,1.613489,0
44.903464,2.511946,0
44.905181,1.717760,0
44.906839,1.658182,0
44.909076,2.236561,0
44.911123,2.046553,0
44.913075,1.952746,0
44.915061,1.985775,0
44.916984,1.923260,0
44.918972,1.987695,0
44.921112,2.140359,0
44.923339,2.226161,0
44.924931,1.592394,0
44.927004,2.073386,0
44.929119,2.114171,0
44.931162,2.043451,0
44.933530,2.367829,0
44.935297,1.767220,0
44.937158,1.860655,0
44.939009,1.851796,0
44.941056,2.046429,0
44.943459,2.402822,0
44.945262,1.803075,0
44.947263,2.001571,0
44.949613,2.349984,0
44.951521,1.908108,0
44.954216,2.694684,0
44.955563,1.346432,0
44.957029,1.466921,0
44.959218,2.188633,0
44.961266,2.048268,0
44.963114,1.847972,0
44.965323,2.208267,0
44.967098,1.774949,0
44.969503,2.405785,0
44.971362,1.858871,0
44.973176,1.813571,0
44.975342,2.165846,0
44.977057,1.714909,0
44.979283,2.226104,0
44.981345,2.062756,0
44.983102,1.756493,0
44.985074,1.971642,0
44.986838,1.764419,0
44.988772,1.934361,0
44.990796,2.023189,0
44.993016,2.220818,0
44.995002,1.985998,0
44.996900,1.898079,0
44.998937,2.036096,0
45.001101,2.164177,0
45.002882,1.781386,0
45.004967,2.084556,0
45.007254,2.287272,0
45.009200,1.945601,0
45.011390,2.190124,0
45.013572,2.182828,0
45.015001,1.428288,0
45.016996,1.995636,0
45.019195,2.198668,0
45.021083,1.887875,0
45.023002,1.918933,0
45.025177,2.175581,0
45.027094,1.916662,0
45.029375,2.280474,0
45.031202,1.827699,0
45.033424,2.221276,0
45.035147,1.723114,0
45.037067,1.920298,0
45.039166,2.099160,0
45.041144,1.977626,0
45.043340,2.196625,0
45.045359,2.018276,0
45.046940,1.581422,0
45.049011,2.070985,0
45.051196,2.184953,0
45.053338,2.142099,0
45.055331,1.993033,0
45.057024,1.693244,0
45.059109,2.084153,0
45.061430,2.321539,0
45.063278,1.847766,0
45.064970,1.691983,0
45.067030,2.059816,0
45.069101,2.071794,0
45.071236,2.134264,0
45.073446,2.210407,0
45.075190,1.744058,0
45.077048,1.857466,0
45.079227,2.179057,0
45.080971,1.744432,0
45.082958,1.986416,0
45.085046,2.088376,0
45.087012,1.965940,0
45.089023,2.011621,0
45.091047,2.023730,0
45.093247,2.199331,0
45.095038,1.791053,0
45.096954,1.916082,0
45.099235,2.281278,0
45.101278,2.042973,0
45.103600,2.322103,0
45.105212,1.611636,0
45.107073,1.861172,0
45.109234,2.161112,0
45.111310,2.075943,0
45.113393,2.083177,0
45.115120,1.727291,0
45.117059,1.938760,0
45.119353,2.293534,0
45.121166,1.812961,0
45.123430,2.264619,0
45.125222,1.791979,0
45.127049,1.826378,0
45.129281,2.232446,0
45.131326,2.045401,0
45.133513,2.186987,0
45.134982,1.468387,0
45.136895,1.913399,0
45.139159,2.263435,0
45.141120,1.961674,0
45.143193,2.072612,0
45.145003,1.810372,0
45.146924,1.920296,0
45.148975,2.051440,0
45.151078,2.102600,0
45.153225,2.146912,0
45.155143,1.918582,0
45.157022,1.878727,0
45.159370,2.348417,0
45.161257,1.887062,0
45.163475,2.217749,0
45.165267,1.791837,0
45.167152,1.884881,0
45.169437,2.285483,0
45.170976,1.538857,0
45.173344,2.367569,0
45.175107,1.763323,0
45.177013,1.906353,0
45.179238,2.224923,0
45.181179,1.940790,0
45.183567,2.387951,0
45.185314,1.747224,0
45.187063,1.748365,0
45.189249,2.186337,0
45.191244,1.995394,0
45.193415,2.170528,0
45.195253,1.837619,0
45.197051,1.798448,0
45.199136,2.085146,0
45.201053,1.916928,0
45.203268,2.214822,0
45.205074,1.805861,0
45.207030,1.956530,0
45.209168,2.137533,0
45.211463,2.295007,0
45.213262,1.799416,0
45.215017,1.754486,0
45.216975,1.958322,0
45.219136,2.161311,0
45.221311,2.174852,0
45.223425,2.114314,0
45.225122,1.696967,0
45.227096,1.973656,0
45.229107,2.010614,0
45.231132,2.025609,0
45.233031,1.899067,0
45.235011,1.979700,0
45.236874,1.862675,0
45.238890,2.016352,0
45.240860,1.969693,0
45.243210,2.349687,0
45.245123,1.913074,0
45.247147,2.024813,0
45.249387,2.239528,0
45.251458,2.071449,0
45.253424,1.965840,0
45.255390,1.965624,0
45.257021,1.630749,0
45.259400,2.379571,0
45.261198,1.798244,0
45.263237,2.038892,0
45.265325,2.088180,0
45.267031,1.705805,0
45.269290,2.259158,0
45.271123,1.832560,0
45.273459,2.336260,0
45.275246,1.786580,0
45.277015,1.769062,0
45.279251,2.236563,0
45.280966,1.714152,0
45.283483,2.517357,0
45.285169,1.685577,0
45.287019,1.850399,0
45.289107,2.088194,0
45.291166,2.058737,0
45.293425,2.259495,0
45.295347,1.921468,0
45.297024,1.677102,0
45.299392,2.368081,0
45.301345,1.953221,0
45.303432,2.086460,0
45.305338,1.906436,0
45.307018,1.679924,0
45.309256,2.238025,0
45.311636,2.380080,0
45.313328,1.691555,0
45.314993,1.665391,0
45.317052,2.059024,0
45.319530,2.477766,0
45.321516,1.985806,0
45.323717,2.201548,0
45.325140,1.422532,0
45.327052,1.912342,0
45.329237,2.185172,0
45.331287,2.050158,0
45.332952,1.664972,0
45.335245,2.292132,0
45.337052,1.807580,0
45.339084,2.032299,0
45.341421,2.336190,0
45.343694,2.272915,0
45.345414,1.720794,0
45.347083,1.668384,0
45.349102,2.019473,0
45.351233,2.130911,0
45.353427,2.193525,0
45.355319,1.892411,0
45.357040,1.721201,0
45.359194,2.154104,0
45.361498,2.303748,0
45.363525,2.027148,0
45.365036,1.510677,0
45.367010,1.974003,0
45.369103,2.092585,0
45.371161,2.058051,0
45.373422,2.261615,0
45.375042,1.619567,0
45.377089,2.047064,0
45.379339,2.250021,0
45.381113,1.773820,0
45.383240,2.127596,0
45.385170,1.929640,0
45.386902,1.732116,0
45.389132,2.230325,0
45.391411,2.278592,0
45.393454,2.042747,0
45.395159,1.705674,0
45.396928,1.768358,0
45.399222,2.294328,0
45.401183,1.960611,0
45.403319,2.135905,0
45.405154,1.835880,0
45.407086,1.931678,0
45.409138,2.052035,0
45.411329,2.191003,0
45.413334,2.005262,0
45.414991,1.656575,0
45.417088,2.096871,0
45.419214,2.125813,0
45.421019,1.805248,0
45.423092,2.073520,0
45.425034,1.941441,0
45.427042,2.008202,0
45.429451,2.408696,0
45.431241,1.790363,0
45.433414,2.173278,0
45.435248,1.833101,0
45.437278,2.030443,0
45.439157,1.878760,0
45.441115,1.957991,0
45.443295,2.180479,0
45.445104,1.808719,0
45.447031,1.926849,0
45.449164,2.133428,0
45.451051,1.887105,0
45.453443,2.391489,0
45.455133,1.690099,0
45.456988,1.854706,0
45.459383,2.395781,0
45.461232,1.848871,0
45.463210,1.977842,0
45.464930,1.720000,0
45.467272,2.341741,0
45.469166,1.894554,0
45.471292,2.126040,0
45.473511,2.218140,0
45.475235,1.724479,0
45.477028,1.793313,0
45.479349,2.320499,0
45.481201,1.852320,0
45.483232,2.030633,0
45.485100,1.868572,0
45.486954,1.854023,0
45.488826,1.871951,0
45.490914,2.087456,0
45.493141,2.227213,0
45.494926,1.784833,0
45.497003,2.077520,0
45.499069,2.065590,0
45.500927,1.857880,0
45.502751,1.824611,0
45.504872,2.120694,0
45.506960,2.088307,0
45.509206,2.245509,0
45.511763,2.557141,0
45.513573,1.810194,0
45.515196,1.622329,0
45.517115,1.919322,0
45.519265,2.150513,0
45.521156,1.890970,0
45.523440,2.283961,0
45.525235,1.794689,0
45.527025,1.789913,0
45.529326,2.301211,0
45.531302,1.975896,0
45.533189,1.886723,0
45.535134,1.944856,0
45.537002,1.867985,0
45.539172,2.170197,0
45.541130,1.958324,0
45.543106,1.975912,0
45.545283,2.176705,0
45.546962,1.679588,0
45.548864,1.901358,0
45.550771,1.907035,0
45.552929,2.158395,0
45.554770,1.840517,0
45.556766,1.996612,0
45.559099,2.333034,0
45.561085,1.985792,0
45.563281,2.195631,0
45.565140,1.859296,0
45.566861,1.720509,0
45.569012,2.150972,0
45.571067,2.055071,0
45.573239,2.172252,0
45.574966,1.726767,0
45.576836,1.870284,0
45.578801,1.965371,0
45.580989,2.187651,0
45.583013,2.023730,0
45.584852,1.839116,0
45.586813,1.961558,0
45.589134,2.320172,0
45.591000,1.866341,0
45.593042,2.042446,0
45.595131,2.088473,0
45.596874,1.742787,0
45.598864,1.990772,0
45.600975,2.110568,0
45.603301,2.326539,0
45.605145,1.843272,0
45.606835,1.690218,0
45.609251,2.415771,0
45.611092,1.841121,0
45.613376,2.283706,0
45.615153,1.777708,0
45.616958,1.805013,0
45.619124,2.165845,0
45.620849,1.724724,0
45.623162,2.313216,0
45.624820,1.657787,0
45.626783,1.963016,0
45.629111,2.328558,0
45.630996,1.884316,0
45.633039,2.042851,0
45.634713,1.674686,0
45.636798,2.084426,0
45.638897,2.098899,0
45.641097,2.200081,0
45.643465,2.368824,0
45.645069,1.603462,0
45.646889,1.820273,0
45.649280,2.391133,0
45.650858,1.577852,0
45.653227,2.368526,0
45.654928,1.700833,0
45.656822,1.894319,0
45.659044,2.221733,0
45.661514,2.470868,0
45.663491,1.976240,0
45.664968,1.477435,0
45.666896,1.928139,0
45.669260,2.363993,0
45.670996,1.735683,0
45.672878,1.881919,0
45.675060,2.182613,0
45.676836,1.775187,0
45.679064,2.228173,0
45.680982,1.918514,0
45.683385,2.402272,0
45.685192,1.806954,0
45.686858,1.666287,0
45.689091,2.233329,0
45.690857,1.765358,0
45.693270,2.413736,0
45.694953,1.682265,0
45.696858,1.905352,0
45.699195,2.336762,0
45.701126,1.931364,0
45.703053,1.926546,0
45.704851,1.797955,0
45.706802,1.951799,0
45.708740,1.937331,0
45.710848,2.108667,0
45.713126,2.277857,0
45.714942,1.815591,0
45.716949,2.007454,0
45.719078,2.128512,0
45.721217,2.138770,0
45.723327,2.110217,0
45.725195,1.868139,0
45.726848,1.653127,0
45.729091,2.242756,0
45.731153,2.062016,0
45.733066,1.913456,0
45.734956,1.889610,0
45.736847,1.891274,0
45.739132,2.284418,0
45.741158,2.026654,0
45.743316,2.157458,0
45.744952,1.636012,0
45.746829,1.877548,0
45.749044,2.214868,0
45.751298,2.254354,0
45.753459,2.160417,0
45.754961,1.501915,0
45.756923,1.962012,0
45.759077,2.154492,0
45.761281,2.203418,0
45.763300,2.018841,0
45.765110,1.810561,0
45.766891,1.781291,0
45.768891,1.999343,0
45.771019,2.128227,0
45.773251,2.232506,0
45.775159,1.907862,0
45.776829,1.669472,0
45.779048,2.219333,0
45.781521,2.472949,0
45.783844,2.323185,0
45.785428,1.584119,0
45.787050,1.621739,0
45.789297,2.246639,0
45.791016,1.718908,0
45.793089,2.073169,0
45.794983,1.894161,0
45.796828,1.845071,0
45.798906,2.077441,0
45.800934,2.028319,0
45.803010,2.076206,0
45.805066,2.056143,0
45.806820,1.753816,0
45.809088,2.268270,0
45.811266,2.177336,0
45.813056,1.790688,0
45.815158,2.101865,0
45.816859,1.700964,0
45.819156,2.297267,0
45.820953,1.796570,0
45.823134,2.181131,0
45.825172,2.038405,0
45.826922,1.749369,0
45.828998,2.075896,0
45.830992,1.993917,0
45.833217,2.225054,0
45.834952,1.735115,0
45.836836,1.883900,0
45.839122,2.285856,0
45.841295,2.173160,0
45.843425,2.130000,0
45.845145,1.719786,0
45.846974,1.829235,0
45.849000,2.026515,0
45.851211,2.210591,0
45.853452,2.241326,0
45.855075,1.622856,0
45.856803,1.728104,0
45.859080,2.277152,0
45.861034,1.953782,0
45.863414,2.380011,0
45.865150,1.735555,0
45.867055,1.904907,0
45.869333,2.278292,0
45.871118,1.785473,0
45.873222,2.104041,0
45.874944,1.721751,0
45.876823,1.878809,0
45.879007,2.184020,0
45.881119,2.111879,0
45.883405,2.286551,0
45.885165,1.759786,0
45.886798,1.632976,0
45.888995,2.196675,0
45.891169,2.174589,0
45.892938,1.768862,0
45.894907,1.968587,0
45.896806,1.899231,0
45.899050,2.244141,0
45.901058,2.007784,0
45.903325,2.266623,0
45.905052,1.727721,0
45.906899,1.846782,0
45.909216,2.316858,0
45.911460,2.243931,0
45.913283,1.823001,0
45.914969,1.686105,0
45.916823,1.854113,0
45.919130,2.307133,0
45.920961,1.830231,0
45.923280,2.318984,0
45.925018,1.738976,0
45.926929,1.910716,0
45.929198,2.269186,0
45.930950,1.751256,0
45.933293,2.342939,0
45.935154,1.861603,0
45.936844,1.689814,0
45.939073,2.228624,0
45.941064,1.991016,0
45.943251,2.187413,0
45.945218,1.967287,0
45.946829,1.610445,0
45.949175,2.346586,0
45.951128,1.952573,0
45.953271,2.143219,0
45.955181,1.909641,0
45.956846,1.665047,0
45.959147,2.301250,0
45.961263,2.116249,0
45.963274,2.010997,0
45.965286,2.011770,0
45.966847,1.560965,0
45.969218,2.370716,0
45.971195,1.977366,0
45.973089,1.893836,0
45.975176,2.086574,0
45.976857,1.681406,0
45.978873,2.016089,0
45.980951,2.077491,0
45.983010,2.059513,0
45.984805,1.794724,0
45.986843,2.037725,0
45.988850,2.007981,0
45.990908,2.057504,0
45.993316,2.407544,0
45.994943,1.627731,0
45.996900,1.957080,0
45.998809,1.908783,0
46.000854,2.045196,0
46.003016,2.161625,0
46.004913,1.897003,0
46.006887,1.974068,0
46.009009,2.122118,0
46.011211,2.201488,0
46.013259,2.047875,0
46.015047,1.788724,0
46.016862,1.815052,0
46.019144,2.281585,0
46.020949,1.805485,0
46.023239,2.289643,0
46.025040,1.801258,0
46.026831,1.790359,0
46.029143,2.312775,0
46.030890,1.747055,0
46.033039,2.148545,0
46.034966,1.926756,0
46.036849,1.883153,0
46.039013,2.164013,0
46.040955,1.941889,0
46.043123,2.168070,0
46.044836,1.713192,0
46.046834,1.998283,0
46.049142,2.307403,0
46.050753,1.611217,0
46.053258,2.504954,0
46.054930,1.672223,0
46.056833,1.903046,0
46.059062,2.228730,0
46.061199,2.137381,0
46.063144,1.944480,0
46.064898,1.754147,0
46.066815,1.916799,0
46.069003,2.187911,0
46.071031,2.028836,0
46.073157,2.125557,0
46.074911,1.753645,0
46.076820,1.909625,0
46.079270,2.450155,0
46.080924,1.653351,0
46.083119,2.195649,0
46.084966,1.847002,0
46.086826,1.859353,0
46.089041,2.215335,0
46.090998,1.957077,0
46.092826,1.828238,0
46.094834,2.007059,0
46.096809,1.975635,0
46.098953,2.143540,0
46.101076,2.123723,0
46.103628,2.551749,0
46.105166,1.537339,0
46.106915,1.749150,0
46.109241,2.326261,0
46.111047,1.806195,0
46.113101,2.054179,0
46.114940,1.838572,0
46.116813,1.873365,0
46.118979,2.165877,0
46.120768,1.788728,0
46.123056,2.287691,0
46.125106,2.050176,0
46.126792,1.686388,0
46.129052,2.259622,0
46.131233,2.180889,0
46.133383,2.150337,0
46.135033,1.649652,0
46.136901,1.867986,0
46.139753,2.852491,0
46.141158,1.404702,0
46.143286,2.128429,0
46.145179,1.893092,0
46.146847,1.668171,0
46.149192,2.344722,0
46.151139,1.947119,0
46.153015,1.875463,0
46.155129,2.114562,0
46.156850,1.720537,0
46.159075,2.225424,0
46.161206,2.130872,0
46.163211,2.004427,0
46.165202,1.991854,0
46.166851,1.648112,0
46.169109,2.258460,0
46.171154,2.044583,0
46.173309,2.155801,0
46.174759,1.449685,0
46.176822,2.062425,0
46.179199,2.377082,0
46.181156,1.957860,0
46.183253,2.096618,0
46.185191,1.938355,0
46.186835,1.643855,0
46.188877,2.041284,0
46.190835,1.958346,0
46.192960,2.124998,0
46.194838,1.878483,0
46.196735,1.896949,0
46.198769,2.033822,0
46.200826,2.057120,0
46.202913,2.086358,0
46.204821,1.907908,0
46.206801,1.980587,0
46.208719,1.918274,0
46.210932,2.212199,0
46.213001,2.069377,0
46.214965,1.963586,0
46.216892,1.926946,0
46.219031,2.139656,0
46.221422,2.391249,0
46.223109,1.686174,0
46.224864,1.755497,0
46.226803,1.938565,0
46.228880,2.077110,0
46.230957,2.076883,0
46.232777,1.820656,0
46.234719,1.942091,0
46.236796,2.076700,0
46.238752,1.956393,0
46.240765,2.012253,0
46.243141,2.376309,0
46.245223,2.081527,0
46.246825,1.601981,0
46.248794,1.969367,0
46.250871,2.077422,0
46.253241,2.369860,0
46.255109,1.867373,0
46.256841,1.732524,0
46.259036,2.194980,0
46.261349,2.312613,0
46.263313,1.964758,0
46.265033,1.719447,0
46.266808,1.775186,0
46.269028,2.219602,0
46.271094,2.065926,0
46.273060,1.966093,0
46.275030,1.970532,0
46.276839,1.808510,0
46.279276,2.437604,0
46.281080,1.803712,0
46.283060,1.980090,0
46.285033,1.972926,0
46.286900,1.867268,0
46.288984,2.083558,0
46.290929,1.944907,0
46.293268,2.339212,0
46.294946,1.678342,0
46.296926,1.980118,0
46.299207,2.280617,0
46.301014,1.807085,0
46.303357,2.343278,0
46.305173,1.815918,0
46.306889,1.715506,0
46.309068,2.179022,0
46.310969,1.901404,0
46.313144,2.174822,0
46.315091,1.947018,0
46.316846,1.754422,0
46.318901,2.055155,0
46.320997,2.095871,0
46.323194,2.197485,0
46.325062,1.868366,0
46.326859,1.796643,0
46.329191,2.331647,0
46.331188,1.997251,0
46.333302,2.114359,0
46.335139,1.836164,0
46.336883,1.744487,0
46.339225,2.342446,0
46.341188,1.962865,0
46.343350,2.161381,0
46.345165,1.815077,0
46.347047,1.882438,0
46.349221,2.173738,0
46.351104,1.883356,0
46.353040,1.935379,0
46.354970,1.930073,0
46.356833,1.863610,0
46.358934,2.100608,0
46.361192,2.258068,0
46.363213,2.021386,0
46.364912,1.699019,0
46.366879,1.966353,0
46.368896,2.016976,0
46.370925,2.028979,0
46.373130,2.205019,0
46.374955,1.825081,0
46.376875,1.920170,0
46.379075,2.200254,0
46.381076,2.000595,0
46.383190,2.114529,0
46.384989,1.798382,0
46.386842,1.852979,0
46.389031,2.189367,0
46.391090,2.058467,0
46.393305,2.215497,0
46.395263,1.957448,0
46.397026,1.763572,0
46.399234,2.208188,0
46.401200,1.966032,0
46.403284,2.083837,0
46.405172,1.887398,0
46.407067,1.895636,0
46.409044,1.976561,0
46.411130,2.086142,0
46.412851,1.721413,0
46.415005,2.153971,0
46.416999,1.993712,0
46.419178,2.178701,0
46.421149,1.971032,0
46.423545,2.396503,0
46.425169,1.624176,0
46.427026,1.856619,0
46.429183,2.156676,0
46.430991,1.808342,0
46.433230,2.239294,0
46.435189,1.958523,0
46.437047,1.857690,0
46.439184,2.137632,0
46.441223,2.038551,0
46.443300,2.077624,0
46.445164,1.863695,0
46.447046,1.881510,0
46.449279,2.233033,0
46.451139,1.860187,0
46.453295,2.155952,0
46.455111,1.816052,0
46.457050,1.939253,0
46.459280,2.230433,0
46.461336,2.055659,0
46.463276,1.939907,0
46.465152,1.875984,0
46.467050,1.897603,0
46.469156,2.106547,0
46.471174,2.018096,0
46.473528,2.354132,0
46.475124,1.595787,0
46.477021,1.897184,0
46.479197,2.175427,0
46.481136,1.938916,0
46.483070,1.933890,0
46.484988,1.918623,0
46.487033,2.044761,0
46.489359,2.325899,0
46.490883,1.524132,0
46.492936,2.052895,0
46.494858,1.921725,0
46.496915,2.056939,0
46.499052,2.137073,0
46.501073,2.021772,0
46.503083,2.009152,0
46.505030,1.947692,0
46.507203,2.173070,0
46.509292,2.088962,0
46.511755,2.462903,0
46.513624,1.868433,0
46.515357,1.733117,0
46.517124,1.767513,0
46.519231,2.106412,0
46.521227,1.996566,0
46.522867,1.639712,0
46.525209,2.341975,0
46.527011,1.802271,0
46.529257,2.245736,0
46.531069,1.812308,0
46.533511,2.442119,0
46.535169,1.657152,0
46.537101,1.932294,0
46.539181,2.080033,0
46.540959,1.778444,0
46.543422,2.462370,0
46.545232,1.810279,0
46.547051,1.819119,0
46.549127,2.075652,0
46.551334,2.207587,0
46.553287,1.952683,0
46.555064,1.776868,0
46.556961,1.896864,0
46.558987,2.026470,0
46.561131,2.143412,0
46.563560,2.429040,0
46.565209,1.648937,0
46.566906,1.697147,0
46.569359,2.453622,0
46.571171,1.811360,0
46.573437,2.266058,0
46.575301,1.864147,0
46.577021,1.719963,0
46.579336,2.314822,0
46.581270,1.934140,0
46.583246,1.975864,0
46.585046,1.800654,0
46.587101,2.054687,0
46.589284,2.182495,0
46.591189,1.905438,0
46.593593,2.404269,0
46.595392,1.798703,0
46.597029,1.636854,0
46.599309,2.279759,0
46.601049,1.740353,0
46.603319,2.269708,0
46.604977,1.658566,0
46.607076,2.098984,0
46.609234,2.158206,0
46.611585,2.350916,0
46.613604,2.018298,0
46.615247,1.643240,0
46.617081,1.834351,0
46.619059,1.977560,0
46.621059,2.000734,0
46.623265,2.205623,0
46.624925,1.659448,0
46.626958,2.033846,0
46.629051,2.092345,0
46.630962,1.910906,0
46.633160,2.198484,0
46.635086,1.926275,0
46.637230,2.143947,0
46.639042,1.811365,0
46.641007,1.965447,0
46.643070,2.062764,0
46.645037,1.967511,0
46.646918,1.880753,0
46.649277,2.359186,0
46.651399,2.122006,0
46.653658,2.258876,0
46.655153,1.494888,0
46.657068,1.914885,0
46.659043,1.974679,0
46.661421,2.378194,0
46.663444,2.022931,0
46.665180,1.736174,0
46.666986,1.805615,0
46.669192,2.205880,0
46.671275,2.083665,0
46.673404,2.128506,0
46.675187,1.783434,0
46.677012,1.824490,0
46.679220,2.208055,0
46.681204,1.983972,0
46.683471,2.266990,0
46.685466,1.995365,0
46.686763,1.296612,0
46.689089,2.326271,0
46.691137,2.048248,0
46.693232,2.094382,0
46.695071,1.839513,0
46.697001,1.929768,0
46.699069,2.068278,0
46.701267,2.197780,0
46.703423,2.156137,0
46.705190,1.766680,0
46.707003,1.813479,0
46.709155,2.151774,0
46.711397,2.242177,0
46.713462,2.064750,0
46.715000,1.538445,0
46.717246,2.245747,0
46.719561,2.314507,0
46.721456,1.895715,0
46.724298,2.841557,0
46.725906,1.608160,0
46.726965,1.058755,0
46.729068,2.103265,0
46.731161,2.093299,0
46.733106,1.945068,0
46.734987,1.880500,0
46.736901,1.913727,0
46.738905,2.003974,0
46.741010,2.104987,0
46.743190,2.180644,0
46.744783,1.592680,0
46.746931,2.147669,0
46.749092,2.161531,0
46.751333,2.241287,0
46.753756,2.422873,0
46.755143,1.386703,0
46.759121,3.978009,1
46.759727,0.605761,0
46.761501,1.773967,0
46.763312,1.811481,0
46.765326,2.013791,0
46.767024,1.698133,0
46.769124,2.099795,0
46.771097,1.973298,0
46.773295,2.197608,0
46.774819,1.524050,0
46.777041,2.222460,0
46.779076,2.034976,0
46.781263,2.186527,0
46.783349,2.086226,0
46.785111,1.761747,0
46.787055,1.944569,0
46.789203,2.147909,0
46.791249,2.045561,0
46.793086,1.836867,0
46.795350,2.263950,0
46.797092,1.742195,0
46.799350,2.258007,0
46.801170,1.820182,0
46.803505,2.335128,0
46.805141,1.635735,0
46.807092,1.951281,0
46.809381,2.288490,0
46.811302,1.921367,0
46.813414,2.111540,0
46.815008,1.594668,0
46.817097,2.088782,0
46.819357,2.260351,0
46.821246,1.888562,0
46.823425,2.179394,0
46.825157,1.731303,0
46.827026,1.869451,0
46.829319,2.293167,0
46.831228,1.908602,0
46.833230,2.001881,0
46.835119,1.888931,0
46.837009,1.889948,0
46.839296,2.287129,0
46.841290,1.994515,0
46.843415,2.124519,0
46.845334,1.918859,0
46.847028,1.694105,0
46.849302,2.274157,0
46.851033,1.730786,0
46.853226,2.192851,0
46.855326,2.100694,0
46.856959,1.632413,0
46.859340,2.380990,0
46.861296,1.956623,0
46.863455,2.158833,0
46.865193,1.737800,0
46.867087,1.894276,0
46.869166,2.078436,0
46.871082,1.916904,0
46.872974,1.891865,0
46.875044,2.069348,0
46.876994,1.950667,0
46.879245,2.251141,0
46.881135,1.889472,0
46.883561,2.426390,0
46.885246,1.685126,0
46.887242,1.995177,0
46.889314,2.072712,0
46.891069,1.754230,0
46.893087,2.018328,0
46.895307,2.219946,0
46.896984,1.677495,0
46.899308,2.323779,0
46.901431,2.123135,0
46.903578,2.146385,0
46.905289,1.711463,0
46.907042,1.752432,0
46.909087,2.045296,0
46.911330,2.242838,0
46.913337,2.006868,0
46.915287,1.950210,0
46.917069,1.782426,0
46.919347,2.277697,0
46.921182,1.835498,0
46.923399,2.216164,0
46.925105,1.706191,0
46.927086,1.981714,0
46.929348,2.261192,0
46.931189,1.840871,0
46.933583,2.394811,0
46.935270,1.686956,0
46.937045,1.774279,0
46.939303,2.258100,0
46.941188,1.884887,0
46.943246,2.058874,0
46.945117,1.870151,0
46.947022,1.905061,0
46.949345,2.323593,0
46.951635,2.290261,0
46.953913,2.277122,0
46.955441,1.528655,0
46.957031,1.589514,0
46.959072,2.041192,0
46.961207,2.135442,0
46.963870,2.662943,0
46.965162,1.291245,0
46.967127,1.965815,0
46.969403,2.275707,0
46.971510,2.106388,0
46.973405,1.895936,0
46.975219,1.813687,0
46.977058,1.838949,0
46.979125,2.066723,0
46.981259,2.133712,0
46.983271,2.012718,0
46.985189,1.917596,0
46.986943,1.753696,0
46.989067,2.124279,0
46.990900,1.832947,0
46.993007,2.106855,0
46.995099,2.092298,0
46.997030,1.930837,0
46.999067,2.037387,0
47.001114,2.047058,0
47.003150,2.035442,0
47.005156,2.006218,0
47.007068,1.912309,0
47.009173,2.104705,0
47.011276,2.103219,0
47.013950,2.673941,0
47.015381,1.431346,0
47.017215,1.833554,0
47.019614,2.399100,0
47.021422,1.807924,0
47.023414,1.992425,0
47.025163,1.748715,0
47.027046,1.882774,0
47.029073,2.027532,0
47.030955,1.882065,0
47.033455,2.499521,0
47.035159,1.704428,0
47.037066,1.906215,0
47.039108,2.042293,0
47.041129,2.021251,0
47.043202,2.072532,0
47.045307,2.105071,0
47.047054,1.747358,0
47.048854,1.800083,0
47.051277,2.423146,0
47.053298,2.020419,0
47.055304,2.006705,0
47.057231,1.926107,0
47.059295,2.064898,0
47.061608,2.312597,0
47.063269,1.660710,0
47.065152,1.882755,0
47.067015,1.863900,0
47.069244,2.228129,0
47.071067,1.823459,0
47.073104,2.037255,0
47.075134,2.029811,0
47.077015,1.880440,0
47.079200,2.185528,0
47.081167,1.966980,0
47.083202,2.035393,0
47.085347,2.144539,0
47.087032,1.684847,0
47.089280,2.248340,0
47.091120,1.840110,0
47.093070,1.949976,0
47.094987,1.916720,0
47.097041,2.054293,0
47.099538,2.496840,0
47.101565,2.027155,0
47.103843,2.277893,0
47.105330,1.486633,0
47.107268,1.937895,0
47.109301,2.033133,0
47.111198,1.896731,0
47.113310,2.111968,0
47.115067,1.757937,0
47.116904,1.836926,0
47.119264,2.359806,0
47.121515,2.250514,0
47.123668,2.152862,0
47.125218,1.550159,0
47.127193,1.975244,0
47.129184,1.990832,0
47.131267,2.082767,0
47.133275,2.008451,0
47.135214,1.938520,0
47.136987,1.773316,0
47.139506,2.518878,0
47.141493,1.986768,0
47.143333,1.840650,0
47.145381,2.048092,0
47.147068,1.686491,0
47.149425,2.357363,0
47.151153,1.727504,0
47.153463,2.310798,0
47.155123,1.659523,0
47.157024,1.901467,0
47.159342,2.317449,0
47.161276,1.933934,0
47.163224,1.948270,0
47.165378,2.154413,0
47.167057,1.678384,0
47.169339,2.282227,0
47.171213,1.874135,0
47.173250,2.036403,0
47.175235,1.985455,0
47.177059,1.824032,0
47.179215,2.155491,0
47.180903,1.688889,0
47.183051,2.147156,0
47.185085,2.034393,0
47.187079,1.993504,0
47.189694,2.615126,0
47.191360,1.666542,0
47.193417,2.056822,0
47.195297,1.880096,0
47.197024,1.727204,0
47.199106,2.081996,0
47.201022,1.915292,0
47.203176,2.154117,0
47.205113,1.937421,0
47.207078,1.965120,0
47.209122,2.043783,0
47.211202,2.079496,0
47.213225,2.023604,0
47.215077,1.851993,0
47.217018,1.940453,0
47.219424,2.406894,0
47.221142,1.717915,0
47.223506,2.363407,0
47.225138,1.632078,0
47.226992,1.853844,0
47.229294,2.302340,0
47.231166,1.872377,0
47.233179,2.013041,0
47.234996,1.816344,0
47.236786,1.790292,0
47.238814,2.027742,0
47.240906,2.092202,0
47.242741,1.834913,0
47.244816,2.074717,0
47.247046,2.230183,0
47.249053,2.007497,0
47.251121,2.067395,0
47.253161,2.039827,0
47.255034,1.873464,0
47.256911,1.876742,0
47.259578,2.667360,0
47.261237,1.658755,0
47.263177,1.940564,0
47.265173,1.995350,0
47.267169,1.996232,0
47.269420,2.250829,0
47.271509,2.089338,0
47.273516,2.006692,0
47.275249,1.732957,0
47.277090,1.841099,0
47.279227,2.137380,0
47.281394,2.167062,0
47.283200,1.805803,0
47.285300,2.099581,0
47.286991,1.691506,0
47.289244,2.252333,0
47.291156,1.912498,0
47.293313,2.156455,0
47.295341,2.028800,0
47.297081,1.739609,0
47.299398,2.316626,0
47.301324,1.926334,0
47.303640,2.316150,0
47.305425,1.785243,0
47.307093,1.667829,0
47.309287,2.193541,0
47.311301,2.014338,0
47.313335,2.034394,0
47.315153,1.817745,0
47.317044,1.890383,0
47.319193,2.149434,0
47.321097,1.903874,0
47.323359,2.261942,0
47.325413,2.053812,0
47.327074,1.661428,0
47.329314,2.239506,0
47.330971,1.657816,0
47.333203,2.231512,0
47.335140,1.936815,0
47.336980,1.840077,0
47.339431,2.451209,0
47.341003,1.571511,0
47.343427,2.424283,0
47.345144,1.717530,0
47.347114,1.970076,0
47.349081,1.966811,0
47.351147,2.065368,0
47.353412,2.265372,0
47.355144,1.731550,0
47.357037,1.893752,0
47.359403,2.365911,0
47.361238,1.834343,0
47.363500,2.262609,0
47.364852,1.352228,0
47.367016,2.163224,0
47.369177,2.161673,0
47.371255,2.077430,0
47.372964,1.708811,0
47.375206,2.242497,0
47.377068,1.861948,0
47.379381,2.313252,0
47.381377,1.996188,0
47.383408,2.030507,0
47.384963,1.554723,0
47.386968,2.005374,0
47.388936,1.967834,0
47.391168,2.232074,0
47.393652,2.484188,0
47.395251,1.598919,0
47.396861,1.609953,0
47.399684,2.822578,0
47.400895,1.211006,0
47.403193,2.298801,0
47.404978,1.784200,0
47.406958,1.980087,0
47.408929,1.971521,0
47.411145,2.215892,0
47.413063,1.917887,0
47.415157,2.093686,0
47.416834,1.677335,0
47.419008,2.174003,0
47.421097,2.089506,0
47.423241,2.143135,0
47.424953,1.712905,0
47.426914,1.960512,0
47.428954,2.039896,0
47.431270,2.315830,0
47.433513,2.242990,0
47.435256,1.743289,0
47.436971,1.714822,0
47.439007,2.036659,0
47.441140,2.132896,0
47.443376,2.235242,0
47.445146,1.770620,0
47.446886,1.739257,0
47.449182,2.296225,0
47.451078,1.896456,0
47.453295,2.216390,0
47.455121,1.826283,0
47.456880,1.759470,0
47.459193,2.313091,0
47.461256,2.062367,0
47.463098,1.842655,0
47.464950,1.851373,0
47.466858,1.908018,0
47.469126,2.267999,0
47.471133,2.007608,0
47.473183,2.050004,0
47.475154,1.970798,0
47.476834,1.679728,0
47.478777,1.942522,0
47.480891,2.114169,0
47.483191,2.299893,0
47.484892,1.701108,0
47.486821,1.928889,0
47.488873,2.052803,0
47.490920,2.046225,0
47.493321,2.401546,0
47.495141,1.820304,0
47.496846,1.704131,0
47.499178,2.331947,0
47.501010,1.832959,0
47.503397,2.386526,0
47.504928,1.530982,0
47.506856,1.927755,0
47.509311,2.455120,0
47.511491,2.180397,0
47.513637,2.145748,0
47.515359,1.722391,0
47.516976,1.616113,0
47.519153,2.177135,0
47.520903,1.750500,0
47.523275,2.371806,0
47.524893,1.618239,0
47.526893,1.999325,0
47.529153,2.260522,0
47.530913,1.760314,0
47.533051,2.137633,0
47.534729,1.677762,0
47.536787,2.058213,0
47.539006,2.218791,0
47.540821,1.815697,0
47.543682,2.860063,0
47.545191,1.509584,0
47.547250,2.058945,0
47.549352,2.101723,0
47.551075,1.723148,0
47.553246,2.170639,0
47.555066,1.820549,0
47.556911,1.844509,0
47.559113,2.201951,0
47.561628,2.515626,0
47.563647,2.019236,0
47.565509,1.861890,0
47.567090,1.580409,0
47.569392,2.302234,0
47.571297,1.905178,0
47.573407,2.109778,0
47.574980,1.573467,0
47.577025,2.044896,0
47.579183,2.157944,0
47.581091,1.907506,0
47.583113,2.022644,0
47.584835,1.721737,0
47.587068,2.233393,0
47.589166,2.097317,0
47.591334,2.168674,0
47.593444,2.109521,0
47.595098,1.653591,0
47.597053,1.955446,0
47.599154,2.101358,0
47.601158,2.003470,0
47.603169,2.011211,0
47.605198,2.029307,0
47.607080,1.881458,0
47.609376,2.295712,0
47.611239,1.863687,0
47.613195,1.955624,0
47.614913,1.718610,0
47.617040,2.126161,0
47.619022,1.982327,0
47.621013,1.990895,0
47.623511,2.498145,0
47.625316,1.804748,0
47.627277,1.961723,0
47.629763,2.485424,0
47.631168,1.405421,0
47.633285,2.116690,0
47.635152,1.866961,0
47.637023,1.870888,0
47.639120,2.096967,0
47.641096,1.975706,0
47.643283,2.187214,0
47.645119,1.835846,0
47.647075,1.956446,0
47.649212,2.137102,0
47.651141,1.928676,0
47.653318,2.177142,0
47.655111,1.792887,0
47.657096,1.984879,0
47.659107,2.011391,0
47.661221,2.113760,0
47.663164,1.943368,0
47.664805,1.641084,0
47.666988,2.182217,0
47.668998,2.010128,0
47.670988,1.990825,0
47.673160,2.171578,0
47.674999,1.838568,0
47.676903,1.903959,0
47.678997,2.094205,0
47.680974,1.977132,0
47.682918,1.944271,0
47.685293,2.374969,0
47.687157,1.863453,0
47.689280,2.123481,0
47.691147,1.867336,0
47.693204,2.056864,0
47.695129,1.925170,0
47.696959,1.829706,0
47.699177,2.217678,0
47.701149,1.972093,0
47.703224,2.074676,0
47.705187,1.963141,0
47.706976,1.789157,0
47.709119,2.143485,0
47.711276,2.156766,0
47.713297,2.020926,0
47.715002,1.704776,0
47.717092,2.090078,0
47.719201,2.109012,0
47.721157,1.955949,0
47.723260,2.103067,0
47.725141,1.881469,0
47.727060,1.918165,0
47.729197,2.137622,0
47.731299,2.101535,0
47.733054,1.755546,0
47.735286,2.231718,0
47.736933,1.646796,0
47.738880,1.947079,0
47.741111,2.231336,0
47.743063,1.951242,0
47.745026,1.963371,0
47.747054,2.028476,0
47.749440,2.385468,0
47.751663,2.223356,0
47.753131,1.468290,0
47.755321,2.189713,0
47.757050,1.728562,0
47.759339,2.289435,0
47.761272,1.933227,0
47.763400,2.127747,0
47.765218,1.818139,0
47.767048,1.829511,0
47.769401,2.353150,0
47.771148,1.747181,0
47.773415,2.267005,0
47.775160,1.745027,0
47.777012,1.852223,0
47.779113,2.101065,0
47.781096,1.982645,0
47.783201,2.105233,0
47.785373,2.172051,0
47.786972,1.598369,0
47.789375,2.403503,0
47.791322,1.947150,0
47.793282,1.959447,0
47.795270,1.988383,0
47.797082,1.812037,0
47.799312,2.229439,0
47.801019,1.707067,0
47.803200,2.181021,0
47.805169,1.968923,0
47.807044,1.875475,0
47.809265,2.220616,0
47.811543,2.277701,0
47.813299,1.756757,0
47.815193,1.893774,0
47.817107,1.913723,0
47.819151,2.043783,0
47.821217,2.066493,0
47.823314,2.096498,0
47.825320,2.006214,0
47.826974,1.654156,0
47.829271,2.297550,0
47.831359,2.087122,0
47.833222,1.863617,0
47.835252,2.029332,0
47.837247,1.995912,0
47.839526,2.278252,0
47.841567,2.041639,0
47.843692,2.124600,0
47.845287,1.595085,0
47.846965,1.678046,0
47.849260,2.295226,0
47.851016,1.756157,0
47.853305,2.288390,0
47.855159,1.854446,0
47.857124,1.965002,0
47.859512,2.387604,0
47.861434,1.922519,0
47.863702,2.267317,0
47.865197,1.495094,0
47.867051,1.854679,0
47.869257,2.205337,0
47.871169,1.912296,0
47.873365,2.196014,0
47.874999,1.634289,0
47.877355,2.356059,0
47.879259,1.903774,0
47.881269,2.010045,0
47.883234,1.964261,0
47.885167,1.932980,0
47.886985,1.818145,0
47.889384,2.399567,0
47.891293,1.908514,0
47.893287,1.994167,0
47.895109,1.821942,0
47.897041,1.932028,0
47.898725,1.683612,0
47.900747,2.022040,0
47.902891,2.144331,0
47.904934,2.043007,0
47.906975,2.040857,0
47.908944,1.969196,0
47.911086,2.142304,0
47.913047,1.960377,0
47.914789,1.742046,0
47.917116,2.326848,0
47.919509,2.393167,0
47.921233,1.724409,0
47.923766,2.532881,0
47.925907,2.140529,0
47.927017,1.110679,0
47.929061,2.043932,0
47.931226,2.164888,0
47.933373,2.146570,0
47.935285,1.912472,0
47.937092,1.807422,0
47.939358,2.265827,0
47.941424,2.065879,0
47.943330,1.905733,0
47.945293,1.962765,0
47.947080,1.787261,0
47.949183,2.102796,0
47.951144,1.961606,0
47.953454,2.309451,0
47.955219,1.765342,0
47.957082,1.862893,0
47.959232,2.150367,0
47.961163,1.930561,0
47.963307,2.143926,0
47.965141,1.834536,0
47.967065,1.923643,0
47.969602,2.536802,0
47.971446,1.844437,0
47.973790,2.343851,0
47.975406,1.615721,0
47.977025,1.619145,0
47.978906,1.881368,0
47.981122,2.215653,0
47.983187,2.064794,0
47.985060,1.873311,0
47.986829,1.768902,0
47.988910,2.081366,0
47.990993,2.083060,0
47.993101,2.107610,0
47.995036,1.935252,0
47.996852,1.815619,0
47.999342,2.489544,0
48.000941,1.598998,0
48.003134,2.193123,0
48.005094,1.960247,0
48.007086,1.992326,0
48.009188,2.101696,0
48.011255,2.067084,0
48.013404,2.149229,0
48.015311,1.906763,0
48.017044,1.733427,0
48.019144,2.100040,0
48.021314,2.169312,0
48.023045,1.730978,0
48.025048,2.002929,0
48.027018,1.969853,0
48.029159,2.141289,0
48.031237,2.078326,0
48.033196,1.959105,0
48.035202,2.005654,0
48.037012,1.809907,0
48.038979,1.967620,0
48.040953,1.973505,0
48.042885,1.932179,0
48.045316,2.430750,0
48.047019,1.703291,0
48.048962,1.943293,0
48.051321,2.358253,0
48.053411,2.089912,0
48.055169,1.758067,0
48.057014,1.845449,0
48.059191,2.176449,0
48.061628,2.437550,0
48.063465,1.837082,0
48.065295,1.829601,0
48.067014,1.718773,0
48.069808,2.794021,0
48.071392,1.584772,0
48.073518,2.125964,0
48.075427,1.909020,0
48.076910,1.482437,0
48.079227,2.317174,0
48.081306,2.078906,0
48.083653,2.347461,0
48.085319,1.666120,0
48.087170,1.850564,0
48.089197,2.027091,0
48.091328,2.130676,0
48.093314,1.986208,0
48.095217,1.902687,0
48.097039,1.822179,0
48.099389,2.349778,0
48.101395,2.006129,0
48.103986,2.590830,0
48.105354,1.368403,0
48.107049,1.694973,0
48.109225,2.175833,0
48.111326,2.101348,0
48.113302,1.975673,0
48.115126,1.824167,0
48.116993,1.867435,0
48.119119,2.125407,0
48.121174,2.054924,0
48.123274,2.099923,0
48.125108,1.834165,0
48.126978,1.870194,0
48.129083,2.104695,0
48.130923,1.840559,0
48.133080,2.157108,0
48.135075,1.994940,0
48.137180,2.104603,0
48.139226,2.046261,0
48.141234,2.007482,0
48.143418,2.184756,0
48.145245,1.826613,0
48.147018,1.773066,0
48.149203,2.184449,0
48.151119,1.916652,0
48.153226,2.106782,0
48.155003,1.777271,0
48.157041,2.037397,0
48.159119,2.078191,0
48.161242,2.122814,0
48.163281,2.039684,0
48.165092,1.811102,0
48.167053,1.960612,0
48.169245,2.191823,0
48.171110,1.864872,0
48.172904,1.794013,0
48.175003,2.099549,0
48.177062,2.058808,0
48.179281,2.218542,0
48.181210,1.929518,0
48.183465,2.255008,0
48.185272,1.806766,0
48.187035,1.763479,0
48.189132,2.096365,0
48.190956,1.824356,0
48.193159,2.202770,0
48.195121,1.961970,0
48.197146,2.025259,0
48.199124,1.977686,0
48.201088,1.963743,0
48.203235,2.147459,0
48.205142,1.906692,0
48.207014,1.872184,0
48.209246,2.232577,0
48.211502,2.255538,0
48.213512,2.009617,0
48.215204,1.692237,0
48.217017,1.813139,0
48.219400,2.382852,0
48.221178,1.778038,0
48.223216,2.037977,0
48.225388,2.171701,0
48.227312,1.924384,0
48.229531,2.218636,0
48.231200,1.669407,0
48.233429,2.228736,0
48.234963,1.534220,0
48.236895,1.932292,0
48.239050,2.155161,0
48.241018,1.967981,0
48.243081,2.062327,0
48.245062,1.981192,0
48.246965,1.903305,0
48.249078,2.113033,0
48.251323,2.244959,0
48.253460,2.136751,0
48.255293,1.832684,0
48.257056,1.763351,0
48.259297,2.240970,0
48.261279,1.982166,0
48.263349,2.069490,0
48.265374,2.025002,0
48.267163,1.789654,0
48.269362,2.198792,0
48.271103,1.741209,0
48.273400,2.296202,0
48.275181,1.781275,0
48.277053,1.871869,0
48.278899,1.846772,0
48.281301,2.401485,0
48.283911,2.610223,0
48.285535,1.623399,0
48.287146,1.611853,0
48.289245,2.098245,0
48.291223,1.978598,0
48.293532,2.309267,0
48.295129,1.596880,0
48.297050,1.920218,0
48.299231,2.181623,0
48.301119,1.887775,0
48.303613,2.493929,0
48.305268,1.654888,0
48.306896,1.628334,0
48.309262,2.365507,0
48.311165,1.903243,0
48.312959,1.794612,0
48.315396,2.436828,0
48.317183,1.786747,0
48.319091,1.908198,0
48.321138,2.046826,0
48.323221,2.082479,0
48.325032,1.811694,0
48.327046,2.013367,0
48.329353,2.307418,0
48.331375,2.022338,0
48.333513,2.137644,0
48.335172,1.659120,0
48.337130,1.957977,0
48.339204,2.073978,0
48.341230,2.025879,0
48.343656,2.426332,0
48.345198,1.541823,0
48.347047,1.849350,0
48.349212,2.164774,0
48.351108,1.895341,0
48.353421,2.313396,0
48.355118,1.696872,0
48.357066,1.947965,0
48.359332,2.266058,0
48.361439,2.106931,0
48.363511,2.072625,0
48.365199,1.687692,0
48.367091,1.891434,0
48.369387,2.296416,0
48.371177,1.789783,0
48.373399,2.222705,0
48.374986,1.586747,0
48.377029,2.042886,0
48.379391,2.361838,0
48.381240,1.849235,0
48.383190,1.950194,0
48.385172,1.981541,0
48.387062,1.890039,0
48.389389,2.327381,0
48.391245,1.855566,0
48.393449,2.204223,0
48.395203,1.753437,0
48.397072,1.868990,0
48.399192,2.120283,0
48.401270,2.078210,0
48.402954,1.683749,0
48.405171,2.217607,0
48.406990,1.818606,0
48.409175,2.185115,0
48.411467,2.291507,0
48.413246,1.779006,0
48.414973,1.727272,0
48.416946,1.972692,0
48.419192,2.246716,0
48.421114,1.922046,0
48.423338,2.223150,0
48.425134,1.796302,0
48.426966,1.831757,0
48.429042,2.076106,0
48.431353,2.311073,0
48.433359,2.006014,0
48.434979,1.620556,0
48.437059,2.079549,0
48.439303,2.244169,0
48.441186,1.882900,0
48.443514,2.327632,0
48.445186,1.672304,0
48.446973,1.786913,0
48.449327,2.354689,0
48.451245,1.917371,0
48.453596,2.350659,0
48.455335,1.739587,0
48.457036,1.701245,0
48.459331,2.295010,0
48.461219,1.887308,0
48.463450,2.231360,0
48.465044,1.593901,0
48.466906,1.862084,0
48.469377,2.470949,0
48.471205,1.828176,0
48.473393,2.188139,0
48.475273,1.879433,0
48.477090,1.816851,0
48.479203,2.113202,0
48.481239,2.036538,0
48.482928,1.689095,0
48.484826,1.897594,0
48.486913,2.086945,0
48.489237,2.324478,0
48.491051,1.813522,0
48.493290,2.238825,0
48.495063,1.772962,0
48.496945,1.882655,0
48.498960,2.014629,0
48.500890,1.929588,0
48.503145,2.255321,0
48.504978,1.833368,0
48.506952,1.973623,0
48.509051,2.098904,0
48.511600,2.549417,0
48.513278,1.677426,0
48.515056,1.778474,0
48.517092,2.035855,0
48.518959,1.866649,0
48.521188,2.228998,0
48.523051,1.863114,0
48.525085,2.034365,0
48.526901,1.815471,0
48.529057,2.156753,0
48.531046,1.988805,0
48.533358,2.311801,0
48.535291,1.933337,0
48.537018,1.726459,0
48.539012,1.994624,0
48.541160,2.147999,0
48.543284,2.123983,0
48.545043,1.758865,0
48.547035,1.991987,0
48.549278,2.242505,0
48.551254,1.976218,0
48.553245,1.990620,0
48.555326,2.081576,0
48.556900,1.573550,0
48.559305,2.405033,0
48.561326,2.021707,0
48.563339,2.012426,0
48.565095,1.755797,0
48.567089,1.994680,0
48.569259,2.169537,0
48.570945,1.686134,0
48.573311,2.366448,0
48.575013,1.701801,0
48.577103,2.089578,0
48.579150,2.047311,0
48.581050,1.899621,0
48.583391,2.341036,0
48.585120,1.729422,0
48.587040,1.919949,0
48.589017,1.977164,0
48.591328,2.310536,0
48.593205,1.877468,0
48.595274,2.068210,0
48.597030,1.756206,0
48.599299,2.269510,0
48.601095,1.795756,0
48.603276,2.180604,0
48.605043,1.767635,0
48.607052,2.009024,0
48.609169,2.116643,0
48.611304,2.135421,0
48.613538,2.233916,0
48.615107,1.568278,0
48.616988,1.881783,0
48.619155,2.166481,0
48.621148,1.993075,0
48.623205,2.057231,0
48.625289,2.083643,0
48.627023,1.734401,0
48.628972,1.949190,0
48.631077,2.104878,0
48.633365,2.287316,0
48.635278,1.913616,0
48.637046,1.767666,0
48.639349,2.303021,0
48.641121,1.771726,0
48.643422,2.301765,0
48.645102,1.679902,0
48.646919,1.816615,0
48.649221,2.301699,0
48.651290,2.069908,0
48.653229,1.939043,0
48.655207,1.977541,0
48.657040,1.832902,0
48.659274,2.234289,0
48.661668,2.393394,0
48.663683,2.014994,0
48.664957,1.274176,0
48.667015,2.058103,0
48.669228,2.212751,0
48.671018,1.790859,0
48.673265,2.246508,0
48.675140,1.875164,0
48.677045,1.904665,0
48.679334,2.288855,0
48.681155,1.821117,0
48.683232,2.076723,0
48.685226,1.994635,0
48.686951,1.725310,0
48.689226,2.274131,0
48.691143,1.917078,0
48.693235,2.091873,0
48.695120,1.885354,0
48.696993,1.873303,0
48.699186,2.192338,0
48.701278,2.092497,0
48.703587,2.308800,0
48.705211,1.624446,0
48.707254,2.043018,0
48.709461,2.206311,0
48.711762,2.301682,0
48.713893,2.130843,0
48.715264,1.370655,0
48.716917,1.653710,0
48.719040,2.122210,0
48.721269,2.229533,0
48.723320,2.050897,0
48.725004,1.683878,0
48.727068,2.063589,0
48.729071,2.003754,0
48.731344,2.272604,0
48.733209,1.865008,0
48.735304,2.094536,0
48.736829,1.525082,0
48.739155,2.326384,0
48.741310,2.154582,0
48.743239,1.929182,0
48.745359,2.120274,0
48.746986,1.627152,0
48.749309,2.323059,0
48.751311,2.001412,0
48.753434,2.123360,0
48.755116,1.682311,0
48.757020,1.903230,0
48.759285,2.265294,0
48.761215,1.930255,0
48.763241,2.026244,0
48.764938,1.696541,0
48.767036,2.098379,0
48.769170,2.134203,0
48.771389,2.218217,0
48.773731,2.342731,0
48.775406,1.674983,0
48.777094,1.687405,0
48.779161,2.067454,0
48.781102,1.941156,0
48.783199,2.096324,0
48.785132,1.933182,0
48.786983,1.850799,0
48.789262,2.279040,0
48.791213,1.951299,0
48.793377,2.163675,0
48.795143,1.766382,0
48.797184,2.041308,0
48.799126,1.941936,0
48.801120,1.993959,0
48.803407,2.287018,0
48.805118,1.710524,0
48.807025,1.906689,0
48.809124,2.099202,0
48.811271,2.146874,0
48.813360,2.088914,0
48.815225,1.865526,0
48.816922,1.697240,0
48.819163,2.240990,0
48.821304,2.141119,0
48.823743,2.438277,0
48.825229,1.486115,0
48.827013,1.784060,0
48.829176,2.163490,0
48.831018,1.841382,0
48.833454,2.436549,0
48.835139,1.685177,0
48.837045,1.905719,0
48.839303,2.257399,0
48.841155,1.852618,0
48.843365,2.209893,0
48.845176,1.810695,0
48.847065,1.889704,0
48.849320,2.254150,0
48.851276,1.956753,0
48.853431,2.155022,0
48.855302,1.870492,0
48.857037,1.735025,0
48.859081,2.044229,0
48.861326,2.244508,0
48.863509,2.183224,0
48.864974,1.464668,0
48.867017,2.043279,0
48.869077,2.060125,0
48.871263,2.186403,0
48.873404,2.140415,0
48.875311,1.907474,0
48.877164,1.852871,0
48.879232,2.067639,0
48.881375,2.142782,0
48.883346,1.971487,0
48.885286,1.939928,0
48.887024,1.738279,0
48.889299,2.275086,0
48.891414,2.114433,0
48.893571,2.157299,0
48.895197,1.626152,0
48.897055,1.857810,0
48.899040,1.984610,0
48.900930,1.890598,0
48.903290,2.359410,0
48.904996,1.705987,0
48.907030,2.034347,0
48.909308,2.277819,0
48.911328,2.020315,0
48.913227,1.898776,0
48.915316,2.088855,0
48.917117,1.801724,0
48.919300,2.182507,0
48.921099,1.798880,0
48.923434,2.335386,0
48.925142,1.707521,0
48.927098,1.956493,0
48.929387,2.289083,0
48.931484,2.096816,0
48.933331,1.846870,0
48.935318,1.986588,0
48.937013,1.695180,0
48.939052,2.039593,0
48.941290,2.237962,0
48.943382,2.092076,0
48.945136,1.753422,0
48.946985,1.848713,0
48.948858,1.873658,0
48.951362,2.503955,0
48.953451,2.089317,0
48.955288,1.836199,0
48.957022,1.734619,0
48.959233,2.210869,0
48.961478,2.244715,0
48.963511,2.033062,0
48.965303,1.792263,0
48.966936,1.633298,0
48.969384,2.447738,0
48.971435,2.050835,0
48.973451,2.016003,0
48.975301,1.850368,0
48.977024,1.722066,0
48.979346,2.322023,0
48.981291,1.945370,0
48.983190,1.899431,0
48.985213,2.022671,0
48.986911,1.697555,0
48.988915,2.004707,0
48.991076,2.160631,0
48.993162,2.086546,0
48.995548,2.385911,0
48.997063,1.514970,0
48.999190,2.126283,0
49.001349,2.159350,0
49.003031,1.682418,0
49.004905,1.873758,0
49.007226,2.320904,0
49.009243,2.017024,0
49.011505,2.262272,0
49.013680,2.175078,0
49.015184,1.504009,0
49.017234,2.049619,0
49.019303,2.068515,0
49.021153,1.850646,0
49.023453,2.299548,0
49.025182,1.729736,0
49.027033,1.850358,0
49.029267,2.234098,0
49.031156,1.889280,0
49.033473,2.316699,0
49.035156,1.683442,0
49.037028,1.871635,0
49.039215,2.187384,0
49.040988,1.772990,0
49.043020,2.031285,0
49.045120,2.100187,0
49.047015,1.895538,0
49.049085,2.069921,0
49.051347,2.261440,0
49.053102,1.755236,0
49.054879,1.777325,0
49.056798,1.919144,0
49.059174,2.375850,0
49.061057,1.882452,0
49.063107,2.050009,0
49.065331,2.223754,0
49.067057,1.726599,0
49.069434,2.377206,0
49.071241,1.806963,0
49.073573,2.331680,0
49.075301,1.727885,0
49.077035,1.734619,0
49.079025,1.989187,0
49.080972,1.947616,0
49.083155,2.183014,0
49.085323,2.167973,0
49.087017,1.693664,0
49.089314,2.297399,0
49.091278,1.964024,0
49.093413,2.134410,0
49.095506,2.093625,0
49.096990,1.483467,0
49.099168,2.178021,0
49.101277,2.109249,0
49.103385,2.108240,0
49.105285,1.899946,0
49.107018,1.733204,0
49.109308,2.289900,0
49.111268,1.959810,0
49.113294,2.025302,0
49.115124,1.830104,0
49.117014,1.890728,0
49.119347,2.332660,0
49.121121,1.773938,0
49.123223,2.102009,0
49.125225,2.001917,0
49.127041,1.816190,0
49.129030,1.988580,0
49.131336,2.305973,0
49.133504,2.168266,0
49.135028,1.524080,0
49.137627,2.599548,0
49.139137,1.509246,0
49.141157,2.020683,0
49.143361,2.203087,0
49.145042,1.681913,0
49.146914,1.872036,0
49.149037,2.122081,0
49.151130,2.093901,0
49.153436,2.305288,0
49.155132,1.696362,0
49.157035,1.902980,0
49.159582,2.546803,0
49.161374,1.792303,0
49.163561,2.186423,0
49.165320,1.759669,0
49.167025,1.705108,0
49.169124,2.098514,0
49.171136,2.011854,0
49.173508,2.372380,0
49.175093,1.585368,0
49.177101,2.007395,0
49.179361,2.260021,0
49.181171,1.810107,0
49.183625,2.454197,0
49.185362,1.737125,0
49.187022,1.660061,0
49.189345,2.322986,0
49.191264,1.918729,0
49.192989,1.725169,0
49.195063,2.074093,0
49.197028,1.965060,0
49.199379,2.350632,0
49.201150,1.770921,0
49.203507,2.356571,0
49.205265,1.758312,0
49.206922,1.656719,0
49.209052,2.130650,0
49.211010,1.957937,0
49.213295,2.285045,0
49.214838,1.542842,0
49.217054,2.216115,0
49.219388,2.333857,0
49.221251,1.863036,0
49.223588,2.337272,0
49.225329,1.741027,0
49.227307,1.978052,0
49.229387,2.079953,0
49.231170,1.783114,0
49.232933,1.762938,0
49.235251,2.317823,0
49.236891,1.639793,0
49.238873,1.981590,0
49.240915,2.042625,0
49.243073,2.157535,0
49.245075,2.002168,0
49.247019,1.944132,0
49.249341,2.322092,0
49.251314,1.973002,0
49.253284,1.969556,0
49.255142,1.858335,0
49.257136,1.993648,0
49.259424,2.288473,0
49.261162,1.737738,0
49.262968,1.806069,0
49.265207,2.239020,0
49.266946,1.738513,0
49.269154,2.208788,0
49.271100,1.945723,0
49.273382,2.281822,0
49.275131,1.749496,0
49.277012,1.880935,0
49.279355,2.342706,0
49.280984,1.628964,0
49.283459,2.474647,0
49.285107,1.648242,0
49.287063,1.956600,0
49.289250,2.186719,0
49.291129,1.878674,0
49.293380,2.250849,0
49.295143,1.763528,0
49.296892,1.748639,0
49.299287,2.394682,0
49.301380,2.092984,0
49.303453,2.073672,0
49.305154,1.700370,0
49.307041,1.887670,0
49.309523,2.482074,0
49.311272,1.748648,0
49.313220,1.948246,0
49.315137,1.916853,0
49.317086,1.948531,0
49.319335,2.248964,0
49.321761,2.426220,0
49.323781,2.020387,0
49.325462,1.681116,0
49.327292,1.829831,0
49.329553,2.260385,0
49.330926,1.373202,0
49.333009,2.083322,0
49.335171,2.161885,0
49.336980,1.808846,0
49.339241,2.260817,0
49.341355,2.114838,0
49.343670,2.315064,0
49.345358,1.687152,0
49.347101,1.742864,0
49.349271,2.170920,0
49.351293,2.021241,0
49.353265,1.972453,0
49.355231,1.966205,0
49.356867,1.635945,0
49.359022,2.154822,0
49.361269,2.247335,0
49.363679,2.409171,0
49.365311,1.632234,0
49.367250,1.939014,0
49.369281,2.030778,0
49.371246,1.965480,0
49.373489,2.243073,0
49.375164,1.674940,0
49.377186,2.021856,0
49.379250,2.063564,0
49.380992,1.742066,0
49.383352,2.360206,0
49.385150,1.798248,0
49.387030,1.879929,0
49.389205,2.175021,0
49.391185,1.980182,0
49.393429,2.243353,0
49.395172,1.743259,0
49.397026,1.853779,0
49.399015,1.989784,0
49.401162,2.146414,0
49.403347,2.185641,0
49.405174,1.826745,0
49.407072,1.898127,0
49.409128,2.056197,0
49.411321,2.192579,0
49.413514,2.193162,0
49.415389,1.875004,0
49.416903,1.513846,0
49.419311,2.408334,0
49.421095,1.783336,0
49.423287,2.192391,0
49.425167,1.880159,0
49.427035,1.867793,0
49.429042,2.007005,0
49.431158,2.116025,0
49.433513,2.354635,0
49.434981,1.468183,0
49.437030,2.049215,0
49.439154,2.123890,0
49.441217,2.063027,0
49.443417,2.200052,0
49.445106,1.688818,0
49.447113,2.007026,0
49.449399,2.285571,0
49.451081,1.682576,0
49.453222,2.141364,0
49.455334,2.111622,0
49.457013,1.679308,0
49.459147,2.133165,0
49.461495,2.348884,0
49.463512,2.016732,0
49.465132,1.619767,0
49.467040,1.907971,0
49.469321,2.281493,0
49.471158,1.836989,0
49.473361,2.202158,0
49.475178,1.817541,0
49.476982,1.803630,0
49.479068,2.086118,0
49.481242,2.174346,0
49.482920,1.677949,0
49.484948,2.027638,0
49.486787,1.839051,0
49.488754,1.966727,0
49.490868,2.114770,0
49.493110,2.241907,0
49.494918,1.807993,0
49.497015,2.096771,0
49.498966,1.951398,0
49.501047,2.080665,0
49.503132,2.085005,0
49.505299,2.166616,0
49.507023,1.723845,0
49.509329,2.306394,0
49.511247,1.917783,0
49.513256,2.008793,0
49.515095,1.839390,0
49.517034,1.939276,0
49.519391,2.357035,0
49.520954,1.562328,0
49.523289,2.335691,0
49.525223,1.933355,0
49.526899,1.676090,0
49.528806,1.907826,0
49.531624,2.817006,0
49.533209,1.585777,0
49.535003,1.793708,0
49.537093,2.090230,0
49.539197,2.104030,0
49.541325,2.128117,0
49.543562,2.236354,0
49.545222,1.660051,0
49.547036,1.814723,0
49.548940,1.903042,0
49.551279,2.339295,0
49.553177,1.897755,0
49.555390,2.213587,0
49.557112,1.722205,0
49.559353,2.240978,0
49.561290,1.936673,0
49.563566,2.275845,0
49.565134,1.568199,0
49.567163,2.029383,0
49.569322,2.158956,0
49.571099,1.776867,0
49.573522,2.422384,0
49.575006,1.483870,0
49.577035,2.029770,0
49.579303,2.267454,0
49.581158,1.855574,0
49.583523,2.364998,0
49.585035,1.511881,0
49.586946,1.910425,0
49.589047,2.101655,0
49.591022,1.974758,0
49.593100,2.077671,0
49.594896,1.795887,0
49.596917,2.021585,0
49.599084,2.166844,0
49.601127,2.042840,0
49.603228,2.101357,0
49.605105,1.876642,0
49.606997,1.892429,0
49.608928,1.930919,0
49.611551,2.622409,0
49.613362,1.811802,0
49.615088,1.725744,0
49.617029,1.940399,0
49.619175,2.146360,0
49.621182,2.006797,0
49.623513,2.330904,0
49.624977,1.464831,0
49.627318,2.340319,0
49.629059,1.741306,0
49.630929,1.869823,0
49.632878,1.949578,0
49.635023,2.144918,0
49.636998,1.974540,0
49.639254,2.256059,0
49.641388,2.133797,0
49.643589,2.201576,0
49.645281,1.691722,0
49.647079,1.797677,0
49.648903,1.824716,0
49.650974,2.070166,0
49.653235,2.261457,0
49.655081,1.846067,0
49.656981,1.900048,0
49.659234,2.252494,0
49.661662,2.427999,0
49.663588,1.926364,0
49.665276,1.687860,0
49.667088,1.812158,0
49.668976,1.887535,0
49.671312,2.336670,0
49.673415,2.102714,0
49.675271,1.855992,0
49.677024,1.752661,0
49.679162,2.138055,0
49.681354,2.191845,0
49.683257,1.903781,0
49.685185,1.927198,0
49.687017,1.832374,0
49.689393,2.375666,0
49.691324,1.931075,0
49.693444,2.120406,0
49.695423,1.978921,0
49.697077,1.653871,0
49.699058,1.981067,0
49.701116,2.057582,0
49.703297,2.181522,0
49.704842,1.545049,0
49.706999,2.157357,0
49.709026,2.026536,0
49.711063,2.036761,0
49.713304,2.240927,0
49.715173,1.869492,0
49.717113,1.939804,0
49.719397,2.284300,0
49.721145,1.747856,0
49.723325,2.179741,0
49.725170,1.845312,0
49.727014,1.844086,0
49.729273,2.258804,0
49.731081,1.808409,0
49.733125,2.043479,0
49.734988,1.863422,0
49.736903,1.914374,0
49.739004,2.101053,0
49.740873,1.868755,0
49.743075,2.202000,0
49.745298,2.223735,0
49.747008,1.709278,0
49.749020,2.012385,0
49.751329,2.309193,0
49.753414,2.084366,0
49.755142,1.728629,0
49.757041,1.899144,0
49.758971,1.929358,0
49.761428,2.457011,0
49.763469,2.040881,0
49.765155,1.686773,0
49.767067,1.911704,0
49.769211,2.143876,0
49.771271,2.059711,0
49.773312,2.041808,0
49.775207,1.894717,0
49.776778,1.571221,0
49.779242,2.463467,0
49.781257,2.015678,0
49.783560,2.302899,0
49.785385,1.824970,0
49.787046,1.660486,0
49.789430,2.383667,0
49.791320,1.890007,0
49.793463,2.143445,0
49.795212,1.749401,0
49.797097,1.884355,0
49.799227,2.130732,0
49.801398,2.170440,0
49.803395,1.996847,0
49.805140,1.745615,0
49.807015,1.874226,0
49.809062,2.047628,0
49.811340,2.277304,0
49.813386,2.046515,0
49.815079,1.692471,0
49.817019,1.940597,0
49.819305,2.285798,0
49.821128,1.823196,0
49.823099,1.970838,0
49.825082,1.983289,0
49.827010,1.927635,0
49.829187,2.177070,0
49.830939,1.751956,0
49.833659,2.720289,0
49.835303,1.644094,0
49.837035,1.731567,0
49.839020,1.985003,0
49.841031,2.011402,0
49.843272,2.240551,0
49.845116,1.843799,0
49.846951,1.835826,0
49.848946,1.994719,0
49.851064,2.117969,0
49.853294,2.229923,0
49.855302,2.007509,0
49.857054,1.752420,0
49.859345,2.290836,0
49.861556,2.211153,0
49.863311,1.755104,0
49.865344,2.033415,0
49.866889,1.544741,0
49.869188,2.298422,0
49.871238,2.050192,0
49.872996,1.757805,0
49.875222,2.226217,0
49.877039,1.817059,0
49.879195,2.156169,0
49.881326,2.130957,0
49.883460,2.133589,0
49.884972,1.512638,0
49.887012,2.039981,0
49.889218,2.205390,0
49.891423,2.205272,0
49.893542,2.118742,0
49.895134,1.592455,0
49.896947,1.812876,0
49.899090,2.143348,0
49.901381,2.291167,0
49.903307,1.925221,0
49.905414,2.106889,0
49.907018,1.604606,0
49.909420,2.401906,0
49.911276,1.855549,0
49.913441,2.165383,0
49.915142,1.701359,0
49.917078,1.936039,0
49.919286,2.207537,0
49.920953,1.666819,0
49.923437,2.484600,0
49.925287,1.849940,0
49.927029,1.741562,0
49.929302,2.272840,0
49.931283,1.981156,0
49.933439,2.156191,0
49.935342,1.903230,0
49.937024,1.681555,0
49.939004,1.979890,0
49.941384,2.380585,0
49.943126,1.741649,0
49.945312,2.185541,0
49.947025,1.713822,0
49.949306,2.280963,0
49.951308,2.001588,0
49.953180,1.872047,0
49.955391,2.211407,0
49.957061,1.669916,0
49.959160,2.098351,0
49.961355,2.195193,0
49.963388,2.032835,0
49.965232,1.844253,0
49.967029,1.796865,0
49.969134,2.105482,0
49.971305,2.170980,0
49.973376,2.071237,0
49.974966,1.589048,0
49.977039,2.073733,0
49.979278,2.238269,0
49.981315,2.037233,0
49.983062,1.746800,0
49.985010,1.948004,0
49.986827,1.817130,0
49.989009,2.181970,0
49.991017,2.008290,0
49.993100,2.082793,0
49.995020,1.919789,0
49.996919,1.899892,0
49.998868,1.948577,0
50.000774,1.905727,0
50.002796,2.022479,0
50.004923,2.126912,0
50.006818,1.894583,0
50.008868,2.050069,0
50.010978,2.110483,0
50.012775,1.796378,0
50.014782,2.007396,0
50.016721,1.939112,0
50.019090,2.369107,0
50.021279,2.188697,0
50.023284,2.005244,0
50.025078,1.793614,0
50.026968,1.890144,0
50.029044,2.075745,0
50.030853,1.809005,0
50.032839,1.985933,0
50.034960,2.120951,0
50.036837,1.877837,0
50.038936,2.098536,0
50.041087,2.150791,0
50.043495,2.408701,0
50.045106,1.610203,0
50.046937,1.831109,0
50.049301,2.364349,0
50.050849,1.547878,0
50.052856,2.007448,0
50.054838,1.981245,0
50.056830,1.992505,0
50.059038,2.208029,0
50.061520,2.481700,0
50.063434,1.914454,0
50.064961,1.526839,0
50.067057,2.095414,0
50.069039,1.982167,0
50.071125,2.085739,0
50.072868,1.743043,0
50.075145,2.277559,0
50.076767,1.621430,0
50.079020,2.253835,0
50.081073,2.052399,0
50.082993,1.920092,0
50.084850,1.857558,0
50.086785,1.934213,0
50.088845,2.060487,0
50.090824,1.978959,0
50.093230,2.406270,0
50.094953,1.723128,0
50.096827,1.873028,0
50.098904,2.077573,0
50.101192,2.288225,0
50.102983,1.790772,0
50.105095,2.111801,0
50.106811,1.716339,0
50.108750,1.938452,0
50.110825,2.075257,0
50.112815,1.990043,0
50.114703,1.888279,0
50.116945,2.241788,0
50.119395,2.449720,0
50.121045,1.650668,0
50.123446,2.400291,0
50.125111,1.665198,0
50.126793,1.682389,0
50.128871,2.077506,0
50.131090,2.219628,0
50.133128,2.037869,0
50.134956,1.827223,0
50.136753,1.797331,0
50.138859,2.106303,0
50.141167,2.307608,0
50.143258,2.091001,0
50.145216,1.958425,0
50.147014,1.798161,0
50.149295,2.280295,0
50.151105,1.810290,0
50.153047,1.941990,0
50.154885,1.837755,0
50.156839,1.953815,0
50.158889,2.050726,0
50.161150,2.260524,0
50.163516,2.366212,0
50.164988,1.471688,0
50.166983,1.995163,0
50.169005,2.022351,0
50.171260,2.254534,0
50.173265,2.004838,0
50.174953,1.688813,0
50.176827,1.873285,0
50.179093,2.266393,0
50.180944,1.851335,0
50.183202,2.257676,0
50.184849,1.647420,0
50.186806,1.956646,0
50.189072,2.266336,0
50.191229,2.156485,0
50.193421,2.192409,0
50.195072,1.650241,0
50.196824,1.752844,0
50.199065,2.241045,0
50.200966,1.900648,0
50.202945,1.978994,0
50.205172,2.226523,0
50.207012,1.840300,0
50.208907,1.895339,0
50.211092,2.184485,0
50.212998,1.906560,0
50.215027,2.028447,0
50.216785,1.758673,0
50.218934,2.148152,0
50.221012,2.078694,0
50.223258,2.245782,0
50.224886,1.627513,0
50.226804,1.918394,0
50.228928,2.124464,0
50.231025,2.096186,0
50.232988,1.962989,0
50.234986,1.997938,0
50.236923,1.937581,0
50.238917,1.993604,0
50.240968,2.051478,0
50.243108,2.139598,0
50.244931,1.823517,0
50.246931,2.000003,0
50.249012,2.080264,0
50.250933,1.921750,0
50.253180,2.246181,0
50.255108,1.928354,0
50.257025,1.917010,0
50.259201,2.175831,0
50.261454,2.253025,0
50.263103,1.649346,0
50.264760,1.656666,0
50.266832,2.072424,0
50.268741,1.909270,0
50.271048,2.306301,0
50.273074,2.026151,0
50.275094,2.019624,0
50.276844,1.750711,0
50.278940,2.095992,0
50.281000,2.059589,0
50.283024,2.023952,0
50.285039,2.015645,0
50.287037,1.997079,0
50.289072,2.035667,0
50.291013,1.941076,0
50.293262,2.248847,0
50.295031,1.768430,0
50.296817,1.786141,0
50.298984,2.166849,0
50.300945,1.961372,0
50.303048,2.103019,0
50.305010,1.962062,0
50.306931,1.921394,0
50.308849,1.917803,0
50.311514,2.664997,0
50.313065,1.550615,0
50.315011,1.946713,0
50.316822,1.810168,0
50.319129,2.307467,0
50.321145,2.015472,0
50.323353,2.208035,0
50.325038,1.685574,0
50.326834,1.796066,0
50.328930,2.095255,0
50.330947,2.017364,0
50.333067,2.119983,0
50.335034,1.966974,0
50.336818,1.784091,0
50.339269,2.450890,0
50.341127,1.858002,0
50.343264,2.136869,0
50.344879,1.615701,0
50.346942,2.062720,0
50.349122,2.180310,0
50.350974,1.851551,0
50.353250,2.276488,0
50.355075,1.824696,0
50.356820,1.744997,0
50.359141,2.320643,0
50.361231,2.090132,0
50.363113,1.882489,0
50.364957,1.844019,0
50.366823,1.865545,0
50.369204,2.380548,0
50.371072,1.868722,0
50.373047,1.975025,0
50.375090,2.042285,0
50.376954,1.864635,0
50.379213,2.258608,0
50.380752,1.538828,0
50.383340,2.588300,0
50.384989,1.648964,0
50.386971,1.982444,0
50.389177,2.205173,0
50.391105,1.928625,0
50.393444,2.338431,0
50.395154,1.710885,0
50.396947,1.792247,0
50.398816,1.868795,0
50.401125,2.309562,0
50.403232,2.106573,0
50.405209,1.977522,0
50.406844,1.635000,0
50.408833,1.988921,0
50.411203,2.370044,0
50.413089,1.885823,0
50.414940,1.851012,0
50.416817,1.876906,0
50.418995,2.178539,0
50.421146,2.150348,0
50.423331,2.185279,0
50.425098,1.766611,0
50.426822,1.724852,0
50.428982,2.159287,0
50.431107,2.125244,0
50.432962,1.854729,0
50.434863,1.900880,0
50.436823,1.960575,0
50.438914,2.090569,0
50.441119,2.204722,0
50.443257,2.138127,0
50.445211,1.954237,0
50.446961,1.750364,0
50.449106,2.144780,0
50.450941,1.835458,0
50.452702,1.760755,0
50.455004,2.301543,0
50.456809,1.805626,0
50.458993,2.183177,0
50.460914,1.921754,0
50.463524,2.609725,0
50.465060,1.535802,0
50.466958,1.897923,0
50.469207,2.249398,0
50.470925,1.717589,0
50.473119,2.193777,0
50.474821,1.702400,0
50.476804,1.982611,0
50.479106,2.302841,0
50.481106,1.999335,0
50.482943,1.837384,0
50.484868,1.924394,0
50.486793,1.925117,0
50.489058,2.265733,0
50.491036,1.977467,0
50.493191,2.154986,0
50.495085,1.894234,0
50.496906,1.821399,0
50.498710,1.803692,0
50.501011,2.300748,0
50.503513,2.501990,0
50.505150,1.637502,0
50.506825,1.675104,0
50.508941,2.115614,0
50.511363,2.421868,0
50.513154,1.791503,0
50.515187,2.032957,0
50.516965,1.777467,0
50.519036,2.070737,0
50.521109,2.073726,0
50.523505,2.395543,0
50.525075,1.569622,0
50.526930,1.855966,0
50.529063,2.132715,0
50.531223,2.159454,0
50.533540,2.317649,0
50.534911,1.370635,0
50.536753,1.842078,0
50.538918,2.165436,0
50.541144,2.225319,0
50.543117,1.972897,0
50.545123,2.006233,0
50.546952,1.829274,0
50.549137,2.185006,0
50.551121,1.983979,0
50.553238,2.117119,0
50.554930,1.691948,0
50.556803,1.873267,0
50.559105,2.301924,0
50.561239,2.133920,0
50.563232,1.992609,0
50.564945,1.713489,0
50.567674,2.729024,0
50.569195,1.521011,0
50.570939,1.743458,0
50.573205,2.265588,0
50.574890,1.685863,0
50.576827,1.936843,0
50.579113,2.286010,0
50.581178,2.065004,0
50.583266,2.087337,0
50.584792,1.526635,0
50.586865,2.072971,0
50.588950,2.084400,0
50.591027,2.077366,0
50.593249,2.221738,0
50.595110,1.860835,0
50.597112,2.002883,0
50.599034,1.921519,0
50.601149,2.114648,0
50.603265,2.116255,0
50.605156,1.890789,0
50.606832,1.676850,0
50.608963,2.130822,0
50.610866,1.903008,0
50.612725,1.858993,0
50.614718,1.992580,0
50.616629,1.910979,0
50.618873,2.244197,0
50.621100,2.227068,0
50.623453,2.353269,0
50.625056,1.602382,0
50.626935,1.879347,0
50.629449,2.514126,0
50.631480,2.031141,0
50.632880,1.399915,0
50.634945,2.064626,0
50.636798,1.852809,0
50.638846,2.048196,0
50.640865,2.018666,0
50.643003,2.138221,0
50.644783,1.780129,0
50.646805,2.021662,0
50.648869,2.063924,0
50.650941,2.072207,0
50.652935,1.994529,0
50.654929,1.993981,0
50.656790,1.860837,0
50.659031,2.240689,0
50.661207,2.176084,0
50.663175,1.968563,0
50.665170,1.994321,0
50.666858,1.688053,0
50.668962,2.104039,0
50.670982,2.020339,0
50.673240,2.258108,0
50.674919,1.679093,0
50.676857,1.937418,0
50.679072,2.215149,0
50.681260,2.187753,0
50.683534,2.274389,0
50.685172,1.637481,0
50.686978,1.806074,0
50.689089,2.111868,0
50.691074,1.984300,0
50.693334,2.259777,0
50.695334,2.000930,0
50.696802,1.467267,0
50.698884,2.082539,0
50.700898,2.013338,0
50.703217,2.319726,0
50.704912,1.694854,0
50.706831,1.918596,0
50.708889,2.058508,0
50.711118,2.229165,0
50.713514,2.395212,0
50.714959,1.445322,0
50.716812,1.852715,0
50.719135,2.323306,0
50.721049,1.914038,0
50.723247,2.198292,0
50.725124,1.876859,0
50.726840,1.715894,0
50.728951,2.110887,0
50.731170,2.218908,0
50.733107,1.937416,0
50.734887,1.780026,0
50.736769,1.881734,0
50.738872,2.102416,0
50.741016,2.144186,0
50.742963,1.946827,0
50.745046,2.083493,0
50.746827,1.780927,0
50.749020,2.193067,0
50.751209,2.189176,0
50.753223,2.013921,0
50.755109,1.885608,0
50.756882,1.773607,0
50.759168,2.285259,0
50.761363,2.195714,0
50.763143,1.779767,0
50.765180,2.037009,0
50.766827,1.646996,0
50.768979,2.151980,0
50.771121,2.142220,0
50.773221,2.099624,0
50.775003,1.781886,0
50.776940,1.937189,0
50.779098,2.157872,0
50.780899,1.801424,0
50.783063,2.163645,0
50.785121,2.058524,0
50.786857,1.735809,0
50.789165,2.308049,0
50.790996,1.830908,0
50.793365,2.368992,0
50.795446,2.081004,0
50.797950,2.503689,0
50.799423,1.472759,0
50.801548,2.125057,0
50.803205,1.657552,0
50.804784,1.578281,0
50.806694,1.910158,0
50.808838,2.144567,0
50.810971,2.132782,0
50.813389,2.417572,0
50.815132,1.743410,0
50.816884,1.752452,0
50.818985,2.100987,0
50.820972,1.986044,0
50.823388,2.416980,0
50.825041,1.652133,0
50.826892,1.851667,0
50.829203,2.310770,0
50.831097,1.893643,0
50.833251,2.154703,0
50.835123,1.871497,0
50.836855,1.732187,0
50.839167,2.312233,0
50.840980,1.812691,0
50.843008,2.028209,0
50.844947,1.938375,0
50.846833,1.886528,0
50.849112,2.279226,0
50.851003,1.890727,0
50.853316,2.312616,0
50.855069,1.752912,0
50.856835,1.766833,0
50.858945,2.109615,0
50.861296,2.350728,0
50.863300,2.004306,0
50.864988,1.687416,0
50.866874,1.886690,0
50.869118,2.243413,0
50.871016,1.897999,0
50.873259,2.243191,0
50.875017,1.758611,0
50.876800,1.782220,0
50.878929,2.129848,0
50.881115,2.185871,0
50.882870,1.754585,0
50.884902,2.031850,0
50.886774,1.872484,0
50.889088,2.313249,0
50.891211,2.123376,0
50.893615,2.403703,0
50.895079,1.464100,0
50.896843,1.764229,0
50.899140,2.297399,0
50.900931,1.790477,0
50.903228,2.296990,0
50.905025,1.797170,0
50.906849,1.824393,0
50.909018,2.168519,0
50.911036,2.017887,0
50.913433,2.397543,0
50.915011,1.577708,0
50.916993,1.981773,0
50.919206,2.212893,0
50.921117,1.911297,0
50.923256,2.138911,0
50.925176,1.920262,0
50.926856,1.679786,0
50.929058,2.202564,0
50.931049,1.990579,0
50.932737,1.687501,0
50.934816,2.079171,0
50.936830,2.013902,0
50.939228,2.398419,0
50.941237,2.008929,0
50.943324,2.086768,0
50.945312,1.988550,0
50.946909,1.596807,0
50.949284,2.375156,0
50.951088,1.803959,0
50.953197,2.109099,0
50.955044,1.846687,0
50.957034,1.989777,0
50.959118,2.083791,0
50.961386,2.268830,0
50.963432,2.045575,0
50.965012,1.579865,0
50.966895,1.883567,0
50.968969,2.073713,0
50.971140,2.170551,0
50.973278,2.138007,0
50.975062,1.784061,0
50.976916,1.854225,0
50.979148,2.232130,0
50.981104,1.955584,0
50.983232,2.127826,0
50.984978,1.746649,0
50.986816,1.838054,0
50.989075,2.258950,0
50.990838,1.762429,0
50.993094,2.256819,0
50.995017,1.922322,0
50.996818,1.800940,0
50.998969,2.151208,0
51.001017,2.047744,0
51.003381,2.364276,0
51.005166,1.784800,0
51.006907,1.741670,0
51.008936,2.028419,0
51.011134,2.197747,0
51.013160,2.026018,0
51.015472,2.312080,0
51.016970,1.498692,0
51.018948,1.978065,0
51.021008,2.059809,0
51.023102,2.093701,0
51.024724,1.622187,0
51.026689,1.964797,0
51.028659,1.970448,0
51.030659,1.999686,0
51.032828,2.168908,0
51.034739,1.910933,0
51.036772,2.032848,0
51.038881,2.109752,0
51.040846,1.964116,0
51.042864,2.018515,0
51.045163,2.298403,0
51.046893,1.730550,0
51.049141,2.248016,0
51.051704,2.563406,0
51.053710,2.005344,0
51.054890,1.180211,0
51.056836,1.945698,0
51.059045,2.209146,0
51.061041,1.995979,0
51.063072,2.031383,0
51.065446,2.373476,0
51.066857,1.410842,0
51.069115,2.258454,0
51.071117,2.002055,0
51.073405,2.288331,0
51.075004,1.598257,0
51.076865,1.860995,0
51.078758,1.893768,0
51.080691,1.932859,0
51.083115,2.423877,0
51.085320,2.204820,0
51.087052,1.731680,0
51.088734,1.682654,0
51.090918,2.183736,0
51.092954,2.035774,0
51.094907,1.953536,0
51.096813,1.905558,0
51.099020,2.207109,0
51.100961,1.940900,0
51.103081,2.119906,0
51.104862,1.781379,0
51.106807,1.944411,0
51.108946,2.139441,0
51.111283,2.336815,0
51.113363,2.079659,0
51.115123,1.760284,0
51.116759,1.636192,0
51.118956,2.196746,0
51.121262,2.305975,0
51.122942,1.680112,0
51.124949,2.007584,0
51.126831,1.881414,0
51.128837,2.006168,0
51.131026,2.189355,0
51.133049,2.022570,0
51.134685,1.635621,0
51.136890,2.205654,0
51.139088,2.197382,0
51.140966,1.878085,0
51.143238,2.272071,0
51.145220,1.982200,0
51.146846,1.626053,0
51.148883,2.036910,0
51.151151,2.268580,0
51.153239,2.087221,0
51.155085,1.846466,0
51.156694,1.608942,0
51.158883,2.189241,0
51.161341,2.457462,0
51.163247,1.905739,0
51.165040,1.793923,0
51.166797,1.756900,0
51.168963,2.166057,0
51.171280,2.316976,0
51.173033,1.752105,0
51.175054,2.021582,0
51.176834,1.779931,0
51.178928,2.094115,0
51.180880,1.952164,0
51.183154,2.274173,0
51.185097,1.942856,0
51.186823,1.725673,0
51.189249,2.425858,0
51.191043,1.793844,0
51.193450,2.407321,0
51.195156,1.705769,0
51.196828,1.672539,0
51.198995,2.166579,0
51.200988,1.993469,0
51.202998,2.009783,0
51.204942,1.943796,0
51.206826,1.884481,0
51.209060,2.233907,0
51.211043,1.982193,0
51.212975,1.932081,0
51.214932,1.956940,0
51.216886,1.954752,0
51.219023,2.136418,0
51.221137,2.114653,0
51.223011,1.873491,0
51.225104,2.092911,0
51.226948,1.844606,0
51.229111,2.162678,0
51.231276,2.164550,0
51.233235,1.959344,0
51.235069,1.833654,0
51.236856,1.786884,0
51.238883,2.027125,0
51.240978,2.095658,0
51.243207,2.228460,0
51.245118,1.911399,0
51.246636,1.517869,0
51.248763,2.126991,0
51.251243,2.480191,0
51.253309,2.065437,0
51.254932,1.623177,0
51.256832,1.900437,0
51.259117,2.284370,0
51.261114,1.997765,0
51.263143,2.028353,0
51.265013,1.870598,0
51.266838,1.824818,0
51.269234,2.396223,0
51.271001,1.766426,0
51.273373,2.371826,0
51.274840,1.467121,0
51.277008,2.168378,0
51.279378,2.370168,0
51.281252,1.873887,0
51.283416,2.164184,0
51.285122,1.705504,0
51.287086,1.964479,0
51.289068,1.981391,0
51.291083,2.015331,0
51.292900,1.817191,0
51.295235,2.335129,0
51.296900,1.664774,0
51.298970,2.070068,0
51.301423,2.452697,0
51.303629,2.206489,0
51.305423,1.793653,0
51.307188,1.765054,0
51.309124,1.935963,0
51.311212,2.087447,0
51.313411,2.199922,0
51.314974,1.562827,0
51.317018,2.044177,0
51.319601,2.582872,0
51.321358,1.756205,0
51.323874,2.516344,0
51.325532,1.657651,0
51.327055,1.523084,0
51.329330,2.275208,0
51.331416,2.085758,0
51.333192,1.776856,0
51.335421,2.228921,0
51.337041,1.619795,0
51.339304,2.262353,0
51.341273,1.969286,0
51.343417,2.144398,0
51.345292,1.874816,0
51.347036,1.744110,0
51.349275,2.239360,0
51.351254,1.978532,0
51.353162,1.908133,0
51.355098,1.935967,0
51.357048,1.950192,0
51.359726,2.677259,0
51.361799,2.073025,0
51.363598,1.799682,0
51.365126,1.527788,0
51.366976,1.849603,0
51.369047,2.070949,0
51.371143,2.096220,0
51.373427,2.284494,0
51.375071,1.643775,0
51.376970,1.898549,0
51.379181,2.211394,0
51.381311,2.130070,0
51.383271,1.959449,0
51.385027,1.756603,0
51.386888,1.860660,0
51.389027,2.138911,0
51.391070,2.043485,0
51.393520,2.450171,0
51.395181,1.660793,0
51.397033,1.851687,0
51.399277,2.243638,0
51.401246,1.969883,0
51.403364,2.117972,0
51.405165,1.800577,0
51.406993,1.828259,0
51.409301,2.307673,0
51.411295,1.994447,0
51.413088,1.792546,0
51.415067,1.979005,0
51.416962,1.894875,0
51.419236,2.273866,0
51.421120,1.884805,0
51.423210,2.089316,0
51.425081,1.871013,0
51.427048,1.967019,0
51.429255,2.206930,0
51.431140,1.885456,0
51.433205,2.064715,0
51.435122,1.917495,0
51.436981,1.858851,0
51.439315,2.333452,0
51.441059,1.743863,0
51.443330,2.271116,0
51.445004,1.674687,0
51.446968,1.963568,0
51.449168,2.200483,0
51.450875,1.706480,0
51.453222,2.346749,0
51.455510,2.287981,0
51.457130,1.620715,0
51.459218,2.087455,0
51.461027,1.809445,0
51.463549,2.522015,0
51.465193,1.643385,0
51.466976,1.783688,0
51.468887,1.910592,0
51.471237,2.349971,0
51.473496,2.259214,0
51.475187,1.690727,0
51.477045,1.858624,0
51.479175,2.129740,0
51.481136,1.960693,0
51.482938,1.802140,0
51.485116,2.178023,0
51.486984,1.867513,0
51.489276,2.292802,0
51.491221,1.945057,0
51.493446,2.225013,0
51.495246,1.799114,0
51.496986,1.740597,0
51.499065,2.079014,0
51.501103,2.037532,0
51.503431,2.328369,0
51.505264,1.832648,0
51.507010,1.746092,0
51.509058,2.048495,0
51.511218,2.159689,0
51.513154,1.935907,0
51.514927,1.773194,0
51.516950,2.023001,0
51.519185,2.235140,0
51.521087,1.902194,0
51.523228,2.141093,0
51.525059,1.830633,0
51.527054,1.995302,0
51.529243,2.188546,0
51.531041,1.798467,0
51.533390,2.348614,0
51.535051,1.660946,0
51.536943,1.892173,0
51.539242,2.298667,0
51.541071,1.829524,0
51.543399,2.327405,0
51.545184,1.785611,0
51.547018,1.833245,0
51.549249,2.231466,0
51.551179,1.930351,0
51.553537,2.358037,0
51.555287,1.749315,0
51.556996,1.709147,0
51.559261,2.264829,0
51.561382,2.121269,0
51.563217,1.835147,0
51.565244,2.026917,0
51.566980,1.735944,0
51.568882,1.901667,0
51.571162,2.280303,0
51.573660,2.498116,0
51.575309,1.648536,0
51.576973,1.664044,0
51.579050,2.077033,0
51.581216,2.166127,0
51.583335,2.119621,0
51.585292,1.956186,0
51.586929,1.637596,0
51.588873,1.944165,0
51.591040,2.166872,0
51.593059,2.018236,0
51.595007,1.948488,0
51.596999,1.992041,0
51.599231,2.231697,0
51.601111,1.879957,0
51.603249,2.137874,0
51.604958,1.709656,0
51.607071,2.112716,0
51.609173,2.101902,0
51.611572,2.398823,0
51.613342,1.770701,0
51.615166,1.823946,0
51.616787,1.621018,0
51.619054,2.266417,0
51.620994,1.939972,0
51.623309,2.315583,0
51.625191,1.881890,0
51.627163,1.972101,0
51.629456,2.292851,0
51.631184,1.727925,0
51.633554,2.369890,0
51.635278,1.723816,0
51.636970,1.691977,0
51.639223,2.252743,0
51.641112,1.889848,0
51.643323,2.210193,0
51.645172,1.849645,0
51.646980,1.808261,0
51.649238,2.257049,0
51.651256,2.018492,0
51.653393,2.136718,0
51.655270,1.877435,0
51.656981,1.710931,0
51.659145,2.164333,0
51.661180,2.034759,0
51.663183,2.002534,0
51.665199,2.016229,0
51.666978,1.779255,0
51.669265,2.286637,0
51.671400,2.134966,0
51.673529,2.128716,0
51.675310,1.781575,0
51.676971,1.661342,0
51.679072,2.101012,0
51.680960,1.888005,0
51.683353,2.392766,0
51.685193,1.839431,0
51.687060,1.867215,0
51.689372,2.312348,0
51.691166,1.794040,0
51.693618,2.451437,0
51.695259,1.641192,0
51.696974,1.715096,0
51.698997,2.022990,0
51.701112,2.115100,0
51.703174,2.062303,0
51.705036,1.861628,0
51.707051,2.014640,0
51.709265,2.214530,0
51.711384,2.118782,0
51.713600,2.216030,0
51.715412,1.812231,0
51.716976,1.563505,0
51.719129,2.153180,0
51.721196,2.066654,0
51.723054,1.858347,0
51.724780,1.726562,0
51.726998,2.217750,0
51.729258,2.259984,0
51.731087,1.828415,0
51.733066,1.978980,0
51.735175,2.109111,0
51.736950,1.775499,0
51.739202,2.252073,0
51.741056,1.853763,0
51.743361,2.305443,0
51.745097,1.735933,0
51.747013,1.915398,0
51.749268,2.255522,0
51.751072,1.803297,0
51.753283,2.211609,0
51.755055,1.771958,0
51.757345,2.289799,0
51.759788,2.442659,0
51.761918,2.130270,0
51.763625,1.706766,0
51.765183,1.558301,0
51.766823,1.639757,0
51.769119,2.296551,0
51.771086,1.966264,0
51.773301,2.215804,0
51.775167,1.865292,0
51.777110,1.943730,0
51.779192,2.081921,0
51.781171,1.978747,0
51.783533,2.362150,0
51.785228,1.694956,0
51.787052,1.823537,0
51.789215,2.163270,0
51.790961,1.745980,0
51.793252,2.291447,0
51.794870,1.617600,0
51.797043,2.172881,0
51.799534,2.491086,0
51.801311,1.776854,0
51.803587,2.276084,0
51.805213,1.626432,0
51.806974,1.760263,0
51.809112,2.138102,0
51.810975,1.863646,0
51.812896,1.921107,0
51.814847,1.950319,0
51.816788,1.940768,0
51.819468,2.679981,0
51.821076,1.608715,0
51.823382,2.305518,0
51.825134,1.752451,0
51.827078,1.943384,0
51.829396,2.318434,0
51.831183,1.786486,0
51.833649,2.466958,0
51.835296,1.646611,0
51.836998,1.702395,0
51.839138,2.139168,0
51.841119,1.981415,0
51.843087,1.968301,0
51.845114,2.026201,0
51.846990,1.876522,0
51.849199,2.208728,0
51.850988,1.788973,0
51.852847,1.859282,0
51.855097,2.250056,0
51.856964,1.867099,0
51.858935,1.970803,0
51.861296,2.361325,0
51.863255,1.958570,0
51.865044,1.788789,0
51.866982,1.937948,0
51.869057,2.075438,0
51.870872,1.814649,0
51.873190,2.318249,0
51.875227,2.036796,0
51.876986,1.758955,0
51.879199,2.213349,0
51.881356,2.156757,0
51.883568,2.212200,0
51.885327,1.759160,0
51.887021,1.694206,0
51.889023,2.001630,0
51.891325,2.302262,0
51.893353,2.027992,0
51.895274,1.920236,0
51.896961,1.687932,0
51.898964,2.002966,0
51.900961,1.996779,0
51.903124,2.162336,0
51.905200,2.076173,0
51.907043,1.843420,0
51.909254,2.210829,0
51.911295,2.040942,0
51.913549,2.254066,0
51.915264,1.715325,0
51.917036,1.771202,0
51.919103,2.067635,0
51.921134,2.031327,0
51.923324,2.189908,0
51.925270,1.945851,0
51.926969,1.698718,0
51.929257,2.287652,0
51.931250,1.993713,0
51.933599,2.348518,0
51.935161,1.562440,0
51.936984,1.822674,0
51.939511,2.527265,0
51.940926,1.414689,0
51.943379,2.453491,0
51.945202,1.822165,0
51.946971,1.769877,0
51.949387,2.415843,0
51.951246,1.858834,0
51.953580,2.333552,0
51.955358,1.778398,0
51.957101,1.742584,0
51.959211,2.110037,0
51.961495,2.284353,0
51.963632,2.137419,0
51.965248,1.615365,0
51.967001,1.753380,0
51.969226,2.224383,0
51.971254,2.028604,0
51.973479,2.224421,0
51.975135,1.656857,0
51.976990,1.854451,0
51.979300,2.309792,0
51.981292,1.992203,0
51.983001,1.709369,0
51.984887,1.885685,0
51.986764,1.876671,0
51.988989,2.225034,0
51.990976,1.987232,0
51.993082,2.106463,0
51.995166,2.083477,0
51.997070,1.904450,0
51.999072,2.002140,0
52.001231,2.158691,0
52.003743,2.512295,0
52.005118,1.374316,0
52.006989,1.871423,0
52.009416,2.426812,0
52.011125,1.709225,0
52.012724,1.598529,0
52.014804,2.080676,0
52.016899,2.094174,0
52.018937,2.038584,0
52.020772,1.834503,0
52.022906,2.134400,0
52.024698,1.792192,0
52.026662,1.964215,0
52.028753,2.090942,0
52.030684,1.930100,0
52.032836,2.152954,0
52.034678,1.841749,0
52.036659,1.980941,0
52.038707,2.048221,0
52.040759,2.051312,0
52.042896,2.137434,0
52.044761,1.864831,0
52.046827,2.065567,0
52.048878,2.051689,0
52.050822,1.943954,0
52.052820,1.997968,0
52.054851,2.030425,0
52.056761,1.910913,0
52.058824,2.062475,0
52.061061,2.236844,0
52.063627,2.566159,0
52.065209,1.582407,0
52.067121,1.911468,0
52.069319,2.198379,0
52.071488,2.168701,0
52.073431,1.943538,0
52.075147,1.715274,0
52.077013,1.866440,0
52.079144,2.130999,0
52.081335,2.191027,0
52.083297,1.961530,0
52.084967,1.669823,0
52.087055,2.088863,0
52.089250,2.194747,0
52.091206,1.955882,0
52.093090,1.884201,0
52.095423,2.332578,0
52.097109,1.686436,0
52.099348,2.239094,0
52.101064,1.716138,0
52.103531,2.466036,0
52.104831,1.300706,0
52.107010,2.178286,0
52.109054,2.044320,0
52.111072,2.018113,0
52.113616,2.543993,0
52.115245,1.629129,0
52.117195,1.950053,0
52.119459,2.264285,0
52.121237,1.778057,0
52.123441,2.203243,0
52.125033,1.592380,0
52.127006,1.972905,0
52.129217,2.210897,0
52.130973,1.755667,0
52.133188,2.214976,0
52.135283,2.095551,0
52.137088,1.805271,0
52.139060,1.971223,0
52.141231,2.171868,0
52.143541,2.310047,0
52.145136,1.594915,0
52.147054,1.917816,0
52.149279,2.224863,0
52.151208,1.928544,0
52.153421,2.212967,0
52.155083,1.661931,0
52.157019,1.936921,0
52.159258,2.238130,0
52.161142,1.884082,0
52.163337,2.195331,0
52.164940,1.602904,0
52.167029,2.088641,0
52.169255,2.226516,0
52.171111,1.855746,0
52.173215,2.104451,0
52.175549,2.333383,0
52.177114,1.564947,0
52.179185,2.071819,0
52.181532,2.346654,0
52.183587,2.055224,0
52.185016,1.428480,0
52.186977,1.961118,0
52.189053,2.076113,0
52.191071,2.018384,0
52.193340,2.268739,0
52.195298,1.957749,0
52.196978,1.680476,0
52.199416,2.437572,0
52.201150,1.733645,0
52.203466,2.316446,0
52.205227,1.761133,0
52.207040,1.812552,0
52.209260,2.220264,0
52.211625,2.365344,0
52.213443,1.817742,0
52.214827,1.383685,0
52.216915,2.088061,0
52.218883,1.968207,0
52.221232,2.349331,0
52.223239,2.007161,0
52.225055,1.815189,0
52.227098,2.043436,0
52.229304,2.205813,0
52.231227,1.923012,0
52.233445,2.218032,0
52.235273,1.827812,0
52.237015,1.742266,0
52.238927,1.912162,0
52.240919,1.991393,0
52.243092,2.173107,0
52.245048,1.956033,0
52.247288,2.240032,0
52.249442,2.154606,0
52.251506,2.063799,0
52.253778,2.272154,0
52.255552,1.774078,0
52.256966,1.413299,0
52.258894,1.927809,0
52.261197,2.303992,0
52.263274,2.076550,0
52.265092,1.817929,0
52.267213,2.120662,0
52.269495,2.282860,0
52.271450,1.954688,0
52.273466,2.015506,0
52.275221,1.755432,0
52.277046,1.824524,0
52.279156,2.110655,0
52.281302,2.145364,0
52.283466,2.164242,0
52.285180,1.714568,0
52.287019,1.838937,0
52.289222,2.202750,0
52.291346,2.124160,0
52.293481,2.134967,0
52.295210,1.728584,0
52.297060,1.849923,0
52.298905,1.845433,0
52.301183,2.277357,0
52.303127,1.944138,0
52.304992,1.865284,0
52.307036,2.043581,0
52.309172,2.136516,0
52.311279,2.106866,0
52.313094,1.814681,0
52.315092,1.998430,0
52.317016,1.924315,0
52.319245,2.228126,0
52.321285,2.040773,0
52.323598,2.312295,0
52.325247,1.649029,0
52.326995,1.748600,0
52.329123,2.127871,0
52.331117,1.994387,0
52.333191,2.073966,0
52.335268,2.076861,0
52.336960,1.692183,0
52.339211,2.250799,0
52.341042,1.830427,0
52.343005,1.963733,0
52.345199,2.193692,0
52.346978,1.778597,0
52.349310,2.332017,0
52.351190,1.879884,0
52.353487,2.297443,0
52.355174,1.687370,0
52.357026,1.851476,0
52.359105,2.078979,0
52.361150,2.044690,0
52.363018,1.868078,0
52.365055,2.037119,0
52.366766,1.711536,0
52.369201,2.434471,0
52.371173,1.972197,0
52.372887,1.713548,0
52.375112,2.225532,0
52.376977,1.865332,0
52.379147,2.169946,0
52.380816,1.668446,0
52.382995,2.178723,0
52.384772,1.777605,0
52.386974,2.201725,0
52.389020,2.045892,0
52.391356,2.336483,0
52.393522,2.165474,0
52.395187,1.665596,0
52.397066,1.878703,0
52.399375,2.308744,0
52.401147,1.771973,0
52.403113,1.966714,0
52.405200,2.086968,0
52.406938,1.738082,0
52.409189,2.250614,0
52.411505,2.315590,0
52.413618,2.113644,0
52.415150,1.531652,0
52.417046,1.895681,0
52.419067,2.021220,0
52.421066,1.998706,0
52.423154,2.088798,0
52.425022,1.867952,0
52.426996,1.974130,0
52.429261,2.264831,0
52.431189,1.927211,0
52.433096,1.907833,0
52.435071,1.975038,0
52.437014,1.942829,0
52.438998,1.983385,0
52.441129,2.131591,0
52.443513,2.383475,0
52.445138,1.625689,0
52.447080,1.941607,0
52.448976,1.896145,0
52.451018,2.041538,0
52.453166,2.148421,0
52.455064,1.897634,0
52.456896,1.832667,0
52.458932,2.035728,0
52.461811,2.878453,0
52.463815,2.004137,0
52.465307,1.492635,0
52.467231,1.923466,0
52.469795,2.564604,0
52.471136,1.341012,0
52.473344,2.207817,0
52.474977,1.632385,0
52.476944,1.967815,0
52.478996,2.051731,0
52.481307,2.310610,0
52.483735,2.428224,0
52.485148,1.413335,0
52.487016,1.867991,0
52.489195,2.178290,0
52.491134,1.939278,0
52.493625,2.490742,0
52.495237,1.612777,0
52.496935,1.697210,0
52.499155,2.220549,0
52.501102,1.947145,0
52.502839,1.736396,0
52.505078,2.239372,0
52.506835,1.757157,0
52.508859,2.024221,0
52.510884,2.025001,0
52.513270,2.385477,0
52.515110,1.839841,0
52.517013,1.903029,0
52.519446,2.433662,0
52.521421,1.974753,0
52.523243,1.821620,0
52.525032,1.788935,0
52.526983,1.951216,0
52.529171,2.188479,0
52.531164,1.992764,0
52.533216,2.051778,0
52.535206,1.990050,0
52.537127,1.920910,0
52.539124,1.996892,0
52.541077,1.953018,0
52.543535,2.457881,0
52.545113,1.578639,0
52.547059,1.945152,0
52.549038,1.979529,0
52.551164,2.126223,0
52.553032,1.868193,0
52.555053,2.020311,0
52.556920,1.867681,0
52.559188,2.268003,0
52.561111,1.923009,0
52.563157,2.045498,0
52.564967,1.809607,0
52.566748,1.781599,0
52.569065,2.317202,0
52.571120,2.055070,0
52.573090,1.969937,0
52.575023,1.932270,0
52.577021,1.998319,0
52.579162,2.140892,0
52.581323,2.160827,0
52.583092,1.768982,0
52.585017,1.925195,0
52.586897,1.880565,0
52.589119,2.221653,0
52.591041,1.922242,0
52.593573,2.531426,0
52.595409,1.835961,0
52.597223,1.814587,0
52.599486,2.262548,0
52.601105,1.619384,0
52.603218,2.112871,0
52.604937,1.719050,0
52.606949,2.012102,0
52.608994,2.044832,0
52.611403,2.409068,0
52.613215,1.811956,0
52.615164,1.948684,0
52.616938,1.774626,0
52.619011,2.072628,0
52.620989,1.978334,0
52.622867,1.877692,0
52.624926,2.059266,0
52.626893,1.966837,0
52.628932,2.039242,0
52.630987,2.054656,0
52.633138,2.150435,0
52.635031,1.893557,0
52.636971,1.939816,0
52.638976,2.005255,0
52.641011,2.035119,0
52.643164,2.152937,0
52.644966,1.802072,0
52.646890,1.923649,0
52.648881,1.991479,0
52.650955,2.073273,0
52.653109,2.153851,0
52.655213,2.104956,0
52.656997,1.783324,0
52.659179,2.182175,0
52.661339,2.159592,0
52.663201,1.862528,0
52.665135,1.933703,0
52.666988,1.853586,0
52.669046,2.057873,0
52.671143,2.097207,0
52.673285,2.141169,0
52.675070,1.785585,0
52.676993,1.922598,0
52.679170,2.177056,0
52.681071,1.901131,0
52.683229,2.158391,0
52.685078,1.848507,0
52.686951,1.872964,0
52.689126,2.175347,0
52.691051,1.924383,0
52.693180,2.129750,0
52.695071,1.890549,0
52.696986,1.915523,0
52.698942,1.955355,0
52.700834,1.892021,0
52.702996,2.162177,0
52.704772,1.776215,0
52.706776,2.003468,0
52.708949,2.173349,0
52.711056,2.106901,0
52.713074,2.017960,0
52.715179,2.104853,0
52.717051,1.872513,0
52.719196,2.145053,0
52.721160,1.963307,0
52.723245,2.085400,0
52.725189,1.943777,0
52.727060,1.871131,0
52.729387,2.326858,0
52.731151,1.763806,0
52.733399,2.248910,0
52.735079,1.679586,0
52.736966,1.886832,0
52.738931,1.965508,0
52.741011,2.079231,0
52.743168,2.157685,0
52.745245,2.076484,0
52.747047,1.802666,0
52.749068,2.020807,0
52.751080,2.011362,0
52.753183,2.102864,0
52.755124,1.941897,0
52.757007,1.883048,0
52.759243,2.235575,0
52.761248,2.004932,0
52.763266,2.017669,0
52.765251,1.985714,0
52.766995,1.743509,0
52.769022,2.027389,0
52.771048,2.025878,0
52.773069,2.020908,0
52.775027,1.958161,0
52.777006,1.978420,0
52.779191,2.184946,0
52.781227,2.036671,0
52.783640,2.413035,0
52.785316,1.675765,0
52.786972,1.656137,0
52.789043,2.071154,0
52.791071,2.027221,0
52.793484,2.413588,0
52.795154,1.669842,0
52.797008,1.854018,0
52.799139,2.130520,0
52.801297,2.158078,0
52.803404,2.107188,0
52.805097,1.693271,0
52.807079,1.981554,0
52.809253,2.174711,0
52.811170,1.916672,0
52.813457,2.287055,0
52.815128,1.670637,0
52.816951,1.823329,0
52.819135,2.184256,0
52.821108,1.972873,0
52.823361,2.253002,0
52.825614,2.252692,0
52.827000,1.385828,0
52.829310,2.310621,0
52.831124,1.813350,0
52.833237,2.112963,0
52.834929,1.692710,0
52.836757,1.827368,0
52.838817,2.060295,0
52.841214,2.397132,0
52.843206,1.992231,0
52.845002,1.795709,0
52.846935,1.932822,0
52.849277,2.341780,0
52.851205,1.928668,0
52.853406,2.200196,0
52.855001,1.595013,0
52.856972,1.971654,0
52.859344,2.371463,0
52.861252,1.908537,0
52.863457,2.204383,0
52.865265,1.808330,0
52.867061,1.796553,0
52.869189,2.127143,0
52.871437,2.248192,0
52.873597,2.159734,0
52.875330,1.733895,0
52.877249,1.918384,0
52.879249,2.000283,0
52.881297,2.047978,0
52.883349,2.052142,0
52.885254,1.905270,0
52.886979,1.724841,0
52.889350,2.370765,0
52.891294,1.944017,0
52.893282,1.988098,0
52.895113,1.831068,0
52.896965,1.851874,0
52.899171,2.205566,0
52.901181,2.010573,0
52.903485,2.303289,0
52.905055,1.570511,0
52.907021,1.965813,0
52.908869,1.847713,0
52.911419,2.550467,0
52.913640,2.220575,0
52.915182,1.542866,0
52.917160,1.977617,0
52.919098,1.938341,0
52.921373,2.274087,0
52.923548,2.175455,0
52.925191,1.642606,0
52.927024,1.833581,0
52.929126,2.101614,0
52.931003,1.877613,0
52.933436,2.432354,0
52.935105,1.668871,0
52.937135,2.030127,0
52.939198,2.063251,0
52.941213,2.015317,0
52.943265,2.052090,0
52.945215,1.949572,0
52.946975,1.759881,0
52.949279,2.304296,0
52.951318,2.038359,0
52.953587,2.269675,0
52.955390,1.802903,0
52.956979,1.588873,0
52.959270,2.291430,0
52.961394,2.123359,0
52.963360,1.966037,0
52.965267,1.906970,0
52.966978,1.711386,0
52.969123,2.144722,0
52.970997,1.873933,0
52.973492,2.495288,0
52.975145,1.652740,0
52.977048,1.903368,0
52.979270,2.221906,0
52.981406,2.135687,0
52.983049,1.643109,0
52.985124,2.074860,0
52.987073,1.949221,0
52.989165,2.092025,0
52.990902,1.736505,0
52.993554,2.652902,0
52.995113,1.558428,0
52.997005,1.891897,0
52.999026,2.021405,0
53.000936,1.910208,0
53.003226,2.289741,0
53.005002,1.776130,0
53.007006,2.004080,0
53.008819,1.812259,0
53.011660,2.841585,0
53.013568,1.908328,0
53.015269,1.700375,0
53.017015,1.745759,0
53.018942,1.927454,0
53.020931,1.989348,0
53.023251,2.319505,0
53.025079,1.827684,0
53.027039,1.960324,0
53.029026,1.987321,0
53.031295,2.268400,0
53.033323,2.028454,0
53.035157,1.833447,0
53.037030,1.873288,0
53.039079,2.049377,0
53.040960,1.881280,0
53.043479,2.518168,0
53.045122,1.642871,0
53.047021,1.899766,0
53.049065,2.043229,0
53.051176,2.111743,0
53.053333,2.156721,0
53.055236,1.902619,0
53.056979,1.743286,0
53.059176,2.197024,0
53.061510,2.334156,0
53.063764,2.253795,0
53.065109,1.345057,0
53.066972,1.863508,0
53.069109,2.136938,0
53.071064,1.954650,0
53.073297,2.232593,0
53.075128,1.831742,0
53.076984,1.855536,0
53.079164,2.180424,0
53.081049,1.884689,0
53.083178,2.129093,0
53.085069,1.891181,0
53.086905,1.835630,0
53.089086,2.181312,0
53.091197,2.110865,0
53.093335,2.137675,0
53.095109,1.774576,0
53.097023,1.913910,0
53.099298,2.274482,0
53.101144,1.846404,0
53.103477,2.332562,0
53.105100,1.623491,0
53.107127,2.027153,0
53.109432,2.304752,0
53.111603,2.170489,0
53.113557,1.954391,0
53.115283,1.725896,0
53.117007,1.724248,0
53.119128,2.121368,0
53.121353,2.224323,0
53.123284,1.931574,0
53.125137,1.852221,0
53.126982,1.845384,0
53.129100,2.118045,0
53.131134,2.034104,0
53.133393,2.259175,0
53.135275,1.881897,0
53.136974,1.699156,0
53.139315,2.340848,0
53.141142,1.826460,0
53.143590,2.448197,0
53.145135,1.545564,0
53.146972,1.836137,0
53.149209,2.237173,0
53.151035,1.826277,0
53.153239,2.204193,0
53.155111,1.871920,0
53.157141,2.029457,0
53.159243,2.102355,0
53.161281,2.037549,0
53.163391,2.110147,0
53.165444,2.052886,0
53.167007,1.563597,0
53.169193,2.185902,0
53.171254,2.061012,0
53.173506,2.251617,0
53.175128,1.622717,0
53.176991,1.862591,0
53.179087,2.096505,0
53.181104,2.016210,0
53.183355,2.251576,0
53.185172,1.816372,0
53.186965,1.792913,0
53.189194,2.229195,0
53.191013,1.819197,0
53.193421,2.407609,0
53.195158,1.737761,0
53.196989,1.830293,0
53.199438,2.449012,0
53.201294,1.856509,0
53.203429,2.135324,0
53.205090,1.660297,0
53.206892,1.801857,0
53.209078,2.186419,0
53.211905,2.827141,0
53.214208,2.302965,0
53.215837,1.628501,0
53.219909,4.072700,1
53.221776,1.867170,0
53.221777,0.000669,0
53.223438,1.660572,0
53.225090,1.652215,0
53.226776,1.685748,0
53.228850,2.073969,0
53.231244,2.394486,0
53.232912,1.667618,0
53.234845,1.933520,0
53.236776,1.930887,0
53.238855,2.078825,0
53.240710,1.855458,0
53.243107,2.396371,0
53.244949,1.842123,0
53.246969,2.019761,0
53.249103,2.133835,0
53.251255,2.152400,0
53.253198,1.943533,0
53.255031,1.832180,0
53.256997,1.966408,0
53.259192,2.194829,0
53.261069,1.877285,0
53.262977,1.908114,0
53.265417,2.439971,0
53.267078,1.660597,0
53.269272,2.193950,0
53.271262,1.990208,0
53.273502,2.239678,0
53.275065,1.563222,0
53.277055,1.990464,0
53.279292,2.236249,0
53.280965,1.672884,0
53.283403,2.438791,0
53.285169,1.765361,0
53.287082,1.913661,0
53.289176,2.094104,0
53.290823,1.646899,0
53.293435,2.612069,0
53.295059,1.623186,0
53.296996,1.937850,0
53.299349,2.352480,0
53.301075,1.725971,0
53.303088,2.013236,0
53.304804,1.716147,0
53.306775,1.970229,0
53.308848,2.073217,0
53.310990,2.142369,0
53.313217,2.226529,0
53.314982,1.764942,0
53.317008,2.026452,0
53.319344,2.336093,0
53.321047,1.702806,0
53.323143,2.095849,0
53.324979,1.836479,0
53.326991,2.012122,0
53.328876,1.884251,0
53.330911,2.035686,0
53.332872,1.961193,0
53.334859,1.986042,0
53.337004,2.145462,0
53.338908,1.903713,0
53.341232,2.324306,0
53.343453,2.221049,0
53.344952,1.499097,0
53.346768,1.815694,0
53.348850,2.081981,0
53.350839,1.989429,0
53.352876,2.037119,0
53.355057,2.180672,0
53.356974,1.916701,0
53.359070,2.095889,0
53.361165,2.095457,0
53.363135,1.969942,0
53.365241,2.106364,0
53.367025,1.783601,0
53.369571,2.546439,0
53.371243,1.671068,0
53.373599,2.356637,0
53.375131,1.531417,0
53.377053,1.922841,0
53.379226,2.172397,0
53.381304,2.077862,0
53.383511,2.207131,0
53.385188,1.676733,0
53.387031,1.843251,0
53.389119,2.088089,0
53.391375,2.256191,0
53.393256,1.881279,0
53.395134,1.877933,0
53.397077,1.942319,0
53.399412,2.335112,0
53.401040,1.628647,0
53.403259,2.218525,0
53.405242,1.982927,0
53.406894,1.652009,0
53.408981,2.087314,0
53.411239,2.258276,0
53.413249,2.009538,0
53.415186,1.937333,0
53.416851,1.664522,0
53.419228,2.376731,0
53.421122,1.894248,0
53.423200,2.078129,0
53.424829,1.629017,0
53.427008,2.179143,0
53.429250,2.241714,0
53.431072,1.822278,0
53.433403,2.330593,0
53.435093,1.690275,0
53.436955,1.861674,0
53.439360,2.405800,0
53.441181,1.820554,0
53.443356,2.175190,0
53.445425,2.068665,0
53.447327,1.902572,0
53.449277,1.949631,0
53.451417,2.140370,0
53.453548,2.130214,0
53.455056,1.508331,0
53.457028,1.971581,0
53.459462,2.434312,0
53.461278,1.816102,0
53.463332,2.053620,0
53.464949,1.617157,0
53.466970,2.021731,0
53.469437,2.467043,0
53.471218,1.780061,0
53.473615,2.397278,0
53.475431,1.815984,0
53.477128,1.697137,0
53.479156,2.028154,0
53.481074,1.917551,0
53.482919,1.845558,0
53.484824,1.904817,0
53.486801,1.976522,0
53.489201,2.400235,0
53.491394,2.193567,0
53.493521,2.126204,0
53.495128,1.607532,0
53.497128,1.999733,0
53.499339,2.210956,0
53.501127,1.788700,0
53.503271,2.143890,0
53.505076,1.805014,0
53.507069,1.993020,0
53.509288,2.218773,0
53.511452,2.164198,0
53.513284,1.832027,0
53.515359,2.074666,0
53.517061,1.701543,0
53.519162,2.101066,0
53.521244,2.082822,0
53.522958,1.713147,0
53.525244,2.285923,0
53.526919,1.675703,0
53.529239,2.319758,0
53.531618,2.378832,0
53.533449,1.831395,0
53.535414,1.965014,0
53.537275,1.860928,0
53.539468,2.192962,0
53.541492,2.023820,0
53.543021,1.529297,0
53.544906,1.885179,0
53.546979,2.072130,0
53.549249,2.270048,0
53.551212,1.963771,0
53.553569,2.356166,0
53.555409,1.840318,0
53.557041,1.631876,0
53.559280,2.238926,0
53.561688,2.408261,0
53.563329,1.640805,0
53.565179,1.850506,0
53.566944,1.764766,0
53.569128,2.184150,0
53.571255,2.127307,0
53.573333,2.077605,0
53.575134,1.800927,0
53.576825,1.691482,0
53.578928,2.102931,0
53.581030,2.101374,0
53.583517,2.487159,0
53.585321,1.804439,0
53.586950,1.628245,0
53.589074,2.124023,0
53.591083,2.009237,0
53.592943,1.860204,0
53.595041,2.098061,0
53.596908,1.866411,0
53.599201,2.293573,0
53.601251,2.049971,0
53.603329,2.078309,0
53.605216,1.886388,0
53.606827,1.611486,0
53.609220,2.393111,0
53.611399,2.178620,0
53.613101,1.702189,0
53.614673,1.571620,0
53.616674,2.000876,0
53.618841,2.167492,0
53.620856,2.014694,0
53.623003,2.146982,0
53.625167,2.164041,0
53.626943,1.775593,0
53.629118,2.175905,0
53.631161,2.042598,0
53.633393,2.232299,0
53.635006,1.612590,0
53.636918,1.911947,0
53.638849,1.931626,0
53.640956,2.106933,0
53.643043,2.086834,0
53.645316,2.272498,0
53.646915,1.598951,0
53.649053,2.138425,0
53.651003,1.949945,0
53.653025,2.021638,0
53.654881,1.856231,0
53.656990,2.109410,0
53.659250,2.259723,0
53.661418,2.168152,0
53.663386,1.967674,0
53.665032,1.646505,0
53.666824,1.791771,0
53.668755,1.931215,0
53.671180,2.424488,0
53.673034,1.853817,0
53.674852,1.818644,0
53.676969,2.116339,0
53.679268,2.299469,0
53.680989,1.721117,0
53.683019,2.029418,0
53.685020,2.001431,0
53.686937,1.916397,0
53.689028,2.091055,0
53.691023,1.995801,0
53.693052,2.028202,0
53.695082,2.029989,0
53.696690,1.608641,0
53.699088,2.398222,0
53.700820,1.731979,0
53.703193,2.372942,0
53.705190,1.996857,0
53.706957,1.767253,0
53.709040,2.082449,0
53.711490,2.450122,0
53.713460,1.969859,0
53.715028,1.567680,0
53.716928,1.900833,0
53.719002,2.073448,0
53.721094,2.092351,0
53.723231,2.137280,0
53.724947,1.715660,0
53.726842,1.894551,0
53.728964,2.121868,0
53.731027,2.063169,0
53.733070,2.043261,0
53.734934,1.863890,0
53.736973,2.038740,0
53.738892,1.919124,0
53.741006,2.113951,0
53.743103,2.097733,0
53.744956,1.852206,0
53.746881,1.925377,0
53.748945,2.063645,0
53.750907,1.962223,0
53.753443,2.535706,0
53.755010,1.567447,0
53.756965,1.954853,0
53.759012,2.046943,0
53.761239,2.227421,0
53.763238,1.998924,0
53.765327,2.088374,0
53.766789,1.462639,0
53.769068,2.279038,0
53.770836,1.768087,0
53.772858,2.021987,0
53.775499,2.640634,0
53.776877,1.377880,0
53.779220,2.342990,0
53.781201,1.981001,0
53.783594,2.392826,0
53.785114,1.520554,0
53.786945,1.830783,0
53.788982,2.036773,0
53.790851,1.868908,0
53.793005,2.154118,0
53.795234,2.228759,0
53.796824,1.590828,0
53.799135,2.310202,0
53.801166,2.031400,0
53.803343,2.177082,0
53.805008,1.665309,0
53.806839,1.830403,0
53.809290,2.450983,0
53.811115,1.824865,0
53.813437,2.322684,0
53.814953,1.515829,0
53.816947,1.994390,0
53.818916,1.968099,0
53.820859,1.943896,0
53.823114,2.254045,0
53.824912,1.798681,0
53.826832,1.920044,0
53.828920,2.088006,0
53.831090,2.169887,0
53.833425,2.335231,0
53.835077,1.652051,0
53.836919,1.841328,0
53.839293,2.374214,0
53.841232,1.939327,0
53.843460,2.227281,0
53.845024,1.564193,0
53.846923,1.899280,0
53.849284,2.360844,0
53.851116,1.832311,0
53.853246,2.129302,0
53.855174,1.928246,0
53.856949,1.775561,0
53.859119,2.169561,0
53.861201,2.081873,0
53.863610,2.409186,0
53.865193,1.582698,0
53.866782,1.589425,0
53.868748,1.965909,0
53.870922,2.173888,0
53.873208,2.285770,0
53.874759,1.551796,0
53.876829,2.069785,0
53.878872,2.042489,0
53.880806,1.934427,0
53.882827,2.020971,0
53.885050,2.222422,0
53.886982,1.932308,0
53.889042,2.060586,0
53.890972,1.929798,0
53.893147,2.175147,0
53.895593,2.445618,0
53.896935,1.341758,0
53.898982,2.047091,0
53.900966,1.983986,0
53.903265,2.299474,0
53.905165,1.899673,0
53.908081,2.915948,0
53.909273,1.191700,0
53.911455,2.181973,0
53.913488,2.032972,0
53.914979,1.491877,0
53.916828,1.848110,0
53.919096,2.268430,0
53.920849,1.752612,0
53.922849,2.000225,0
53.925089,2.240576,0
53.926878,1.788715,0
53.929295,2.417100,0
53.931053,1.757889,0
53.933476,2.423135,0
53.935125,1.648611,0
53.936961,1.835962,0
53.939164,2.203562,0
53.941329,2.164725,0
53.943052,1.723315,0
53.944878,1.825717,0
53.946952,2.073807,0
53.949219,2.267461,0
53.951202,1.982464,0
53.953356,2.154184,0
53.955023,1.667161,0
53.956815,1.791740,0
53.959222,2.407056,0
53.961169,1.946950,0
53.963346,2.176569,0
53.965350,2.004239,0
53.967007,1.656940,0
53.969055,2.048170,0
53.971240,2.185497,0
53.973598,2.357184,0
53.975070,1.472481,0
53.976928,1.857636,0
53.979090,2.162555,0
53.981128,2.038217,0
53.982988,1.859806,0
53.984852,1.863327,0
53.986781,1.929849,0
53.989453,2.671148,0
53.991095,1.642632,0
53.993667,2.572183,0
53.994837,1.169315,0
53.996959,2.121823,0
53.999340,2.381179,0
54.000911,1.571642,0
54.002932,2.020535,0
54.005142,2.209651,0
54.006963,1.821654,0
54.008912,1.948598,0
54.011181,2.269613,0
54.013136,1.954442,0
54.014881,1.745438,0
54.016814,1.932811,0
54.018921,2.106756,0
54.021008,2.086678,0
54.023019,2.011479,0
54.025200,2.180888,0
54.027037,1.837011,0
54.028792,1.755443,0
54.030902,2.109562,0
54.033221,2.318918,0
54.035073,1.851903,0
54.036796,1.723172,0
54.039145,2.348719,0
54.041339,2.194063,0
54.043417,2.078548,0
54.045028,1.611139,0
54.046963,1.934284,0
54.049038,2.075344,0
54.050965,1.927192,0
54.053329,2.363469,0
54.054942,1.613055,0
54.056921,1.978959,0
54.059114,2.193282,0
54.061280,2.165898,0
54.062888,1.608211,0
54.064908,2.019469,0
54.066723,1.815208,0
54.069344,2.621159,0
54.071009,1.664745,0
54.073546,2.537143,0
54.075319,1.772971,0
54.076990,1.671029,0
54.078961,1.971723,0
54.080809,1.847592,0
54.083023,2.213944,0
54.084768,1.745086,0
54.086783,2.014441,0
54.088863,2.080729,0
54.091086,2.222362,0
54.093284,2.198688,0
54.094877,1.592661,0
54.096832,1.955387,0
54.099108,2.275455,0
54.100958,1.850327,0
54.102930,1.971577,0
54.104881,1.951683,0
54.106807,1.925125,0
54.109012,2.205838,0
54.111277,2.265092,0
54.113338,2.060391,0
54.115057,1.719421,0
54.117009,1.951360,0
54.119206,2.196929,0
54.120884,1.678044,0
54.122732,1.847969,0
54.124959,2.227665,0
54.126796,1.836842,0
54.129079,2.283328,0
54.131236,2.157010,0
54.133262,2.025820,0
54.135080,1.818016,0
54.136854,1.773912,0
54.139281,2.426960,0
54.141128,1.847057,0
54.143272,2.143389,0
54.144915,1.643686,0
54.146822,1.907106,0
54.149013,2.190404,0
54.151196,2.183462,0
54.153031,1.834754,0
54.155220,2.189417,0
54.156911,1.690519,0
54.159121,2.209854,0
54.161316,2.194842,0
54.163281,1.965734,0
54.164955,1.673757,0
54.166901,1.945793,0
54.169122,2.221329,0
54.171213,2.090357,0
54.173481,2.268280,0
54.175072,1.591229,0
54.176924,1.851518,0
54.179272,2.347995,0
54.181055,1.783787,0
54.183308,2.252835,0
54.184895,1.587023,0
54.186825,1.929387,0
54.189181,2.356462,0
54.191144,1.963278,0
54.193341,2.196568,0
54.195081,1.740055,0
54.196837,1.755852,0
54.199228,2.390793,0
54.200932,1.704561,0
54.203012,2.079556,0
54.204885,1.873438,0
54.206839,1.954125,0
54.209506,2.666364,0
54.211345,1.839019,0
54.213282,1.937100,0
54.215054,1.771995,0
54.216915,1.861475,0
54.218785,1.870074,0
54.220725,1.939864,0
54.222807,2.081979,0
54.224735,1.928020,0
54.226768,2.032700,0
54.228713,1.944772,0
54.230984,2.271755,0
54.233143,2.158119,0
54.235112,1.969243,0
54.236898,1.785844,0
54.239458,2.560804,0
54.240847,1.388774,0
54.242868,2.021037,0
54.244881,2.012595,0
54.246712,1.831209,0
54.248838,2.125545,0
54.250780,1.942229,0
54.253200,2.420127,0
54.255057,1.856718,0
54.256752,1.695758,0
54.258908,2.155193,0
54.261342,2.434332,0
54.263281,1.938876,0
54.265017,1.736067,0
54.266940,1.922725,0
54.269076,2.136772,0
54.271177,2.100302,0
54.273465,2.288626,0
54.275140,1.674825,0
54.276934,1.794255,0
54.279089,2.154468,0
54.281226,2.136750,0
54.283169,1.943559,0
54.285094,1.924631,0
54.286888,1.793937,0
54.289096,2.207794,0
54.290959,1.863393,0
54.292943,1.983911,0
54.294933,1.990189,0
54.296782,1.848775,0
54.299287,2.504810,0
54.301178,1.891073,0
54.303254,2.076624,0
54.305038,1.783978,0
54.306959,1.920816,0
54.308890,1.930779,0
54.311137,2.246940,0
54.312889,1.751879,0
54.314848,1.958914,0
54.316831,1.982890,0
54.318874,2.043259,0
54.321069,2.195324,0
54.322740,1.670642,0
54.325054,2.314444,0
54.326830,1.775993,0
54.328843,2.012751,0
54.330760,1.917416,0
54.333453,2.692163,0
54.335000,1.547129,0
54.336946,1.946666,0
54.339167,2.220766,0
54.341025,1.857458,0
54.343383,2.358116,0
54.344956,1.573279,0
54.346808,1.852235,0
54.349089,2.280527,0
54.350767,1.677975,0
54.353230,2.463013,0
54.355205,1.975677,0
54.356821,1.615233,0
54.358945,2.124750,0
54.361230,2.284291,0
54.363083,1.853498,0
54.364746,1.663167,0
54.366769,2.022353,0
54.368699,1.930163,0
54.371101,2.402368,0
54.373421,2.319606,0
54.375106,1.685213,0
54.376885,1.778844,0
54.379215,2.330102,0
54.381058,1.843333,0
54.383269,2.210443,0
54.384959,1.690038,0
54.386843,1.884018,0
54.389218,2.374851,0
54.391040,1.822678,0
54.393369,2.328321,0
54.395070,1.701186,0
54.396928,1.858214,0
54.398891,1.962894,0
54.401197,2.306117,0
54.403313,2.116161,0
54.404970,1.656626,0
54.406978,2.008151,0
54.409182,2.203903,0
54.411327,2.144660,0
54.413342,2.015067,0
54.414946,1.604349,0
54.416899,1.953123,0
54.418878,1.978996,0
54.420898,2.020326,0
54.423330,2.431260,0
54.425025,1.695348,0
54.426837,1.812436,0
54.429134,2.296296,0
54.431200,2.066393,0
54.433106,1.905746,0
54.434827,1.721504,0
54.436895,2.067103,0
54.438720,1.825017,0
54.441209,2.489559,0
54.443329,2.119984,0
54.444905,1.576058,0
54.446830,1.924781,0
54.449278,2.447731,0
54.451149,1.871271,0
54.453372,2.223194,0
54.454863,1.490638,0
54.456920,2.057503,0
54.459125,2.204528,0
54.461300,2.175579,0
54.463200,1.899941,0
54.464658,1.458186,0
54.466822,2.163854,0
54.468905,2.082719,0
54.471034,2.129272,0
54.473113,2.078302,0
54.475030,1.917804,0
54.476830,1.799242,0
54.479104,2.274270,0
54.480999,1.895170,0
54.482984,1.985079,0
54.484813,1.828954,0
54.486808,1.994417,0
54.488885,2.077165,0
54.490878,1.993759,0
54.493007,2.128563,0
54.494965,1.958394,0
54.496804,1.838758,0
54.498936,2.131786,0
54.501072,2.135704,0
54.503327,2.255142,0
54.504930,1.603319,0
54.506823,1.892410,0
54.509136,2.313508,0
54.511174,2.038365,0
54.513371,2.196625,0
54.515119,1.747529,0
54.516801,1.682158,0
54.519104,2.303359,0
54.520927,1.822794,0
54.523092,2.165175,0
54.525179,2.086522,0
54.526929,1.750631,0
54.529116,2.186554,0
54.530923,1.806926,0
54.532916,1.993282,0
54.535172,2.255664,0
54.536757,1.585275,0
54.538883,2.125624,0
54.540781,1.898203,0
54.543114,2.332904,0
54.545062,1.947978,0
54.546998,1.936473,0
54.549395,2.396951,0
54.551086,1.690808,0
54.553503,2.416894,0
54.555285,1.781911,0
54.556978,1.693668,0
54.559010,2.031673,0
54.561162,2.152439,0
54.563373,2.210480,0
54.565080,1.706672,0
54.566964,1.884578,0
54.569006,2.041745,0
54.570818,1.811963,0
54.573071,2.252943,0
54.575135,2.063752,0
54.577245,2.110011,0
54.579298,2.053311,0
54.581423,2.124731,0
54.583585,2.161982,0
54.585452,1.867368,0
54.586863,1.410930,0
54.588901,2.037813,0
54.590884,1.983464,0
54.593038,2.153811,0
54.595002,1.964264,0
54.596835,1.832628,0
54.599308,2.473569,0
54.600987,1.678505,0
54.603378,2.391195,0
54.604982,1.603465,0
54.607000,2.018531,0
54.609403,2.402622,0
54.611337,1.933927,0
54.613494,2.157372,0
54.615247,1.752666,0
54.616898,1.650950,0
54.618686,1.788591,0
54.620974,2.287719,0
54.622949,1.975013,0
54.625608,2.658823,0
54.627077,1.468925,0
54.629380,2.303027,0
54.631232,1.852583,0
54.633579,2.346606,0
54.635243,1.664080,0
54.636971,1.728406,0
54.639288,2.316051,0
54.641154,1.866375,0
54.643468,2.314482,0
54.645228,1.759259,0
54.646993,1.765671,0
54.648941,1.947733,0
54.650835,1.894032,0
54.652884,2.049319,0
54.654852,1.967135,0
54.656805,1.953938,0
54.658876,2.070962,0
54.661118,2.241409,0
54.663124,2.006434,0
54.664916,1.791644,0
54.666936,2.019796,0
54.668817,1.881069,0
54.670765,1.947941,0
54.673073,2.308234,0
54.675004,1.931169,0
54.676867,1.863018,0
54.679091,2.223626,0
54.680980,1.889511,0
54.683056,2.075624,0
54.684996,1.940493,0
54.686916,1.919498,0
54.688957,2.041325,0
54.691150,2.192618,0
54.693447,2.296749,0
54.695126,1.679098,0
54.697165,2.039750,0
54.699178,2.012563,0
54.701175,1.997258,0
54.703622,2.446283,0
54.705461,1.839016,0
54.707072,1.611619,0
54.709113,2.040968,0
54.711467,2.353533,0
54.713479,2.011885,0
54.714811,1.332835,0
54.717042,2.230252,0
54.719407,2.364949,0
54.721396,1.989830,0
54.723436,2.039790,0
54.725071,1.634410,0
54.727309,2.237978,0
54.729184,1.875867,0
54.731289,2.104322,0
54.733292,2.003159,0
54.734977,1.684663,0
54.737037,2.060631,0
54.739158,2.120678,0
54.741112,1.953922,0
54.743295,2.183453,0
54.745373,2.077289,0
54.747059,1.686181,0
54.749183,2.123847,0
54.751054,1.871804,0
54.753388,2.333404,0
54.755135,1.747000,0
54.756974,1.838743,0
54.759310,2.336622,0
54.761104,1.794236,0
54.763221,2.116309,0
54.764966,1.745161,0
54.767209,2.243033,0
54.769460,2.251205,0
54.771198,1.738157,0
54.773662,2.464045,0
54.775399,1.737162,0
54.777046,1.646517,0
54.779037,1.990818,0
54.781235,2.198509,0
54.783320,2.084664,0
54.784998,1.677580,0
54.787094,2.096249,0
54.789467,2.372973,0
54.791204,1.737034,0
54.793636,2.431940,0
54.795388,1.752171,0
54.797076,1.688254,0
54.799402,2.326208,0
54.801282,1.879586,0
54.803217,1.934724,0
54.805259,2.042716,0
54.806987,1.727590,0
54.809134,2.146624,0
54.811248,2.113910,0
54.813489,2.241225,0
54.815067,1.577744,0
54.817056,1.989518,0
54.819115,2.058509,0
54.821100,1.985839,0
54.823540,2.439501,0
54.825182,1.641977,0
54.826975,1.793565,0
54.829088,2.112756,0
54.831007,1.918733,0
54.833510,2.503077,0
54.835298,1.788398,0
54.837027,1.728560,0
54.839234,2.207279,0
54.841210,1.975685,0
54.843144,1.934179,0
54.845239,2.094999,0
54.846938,1.698453,0
54.849476,2.538315,0
54.851188,1.712507,0
54.853637,2.448477,0
54.855290,1.652656,0
54.857136,1.846834,0
54.859050,1.913675,0
54.861020,1.970400,0
54.863310,2.289804,0
54.865102,1.791358,0
54.867023,1.921694,0
54.869267,2.243302,0
54.871297,2.029949,0
54.873737,2.440732,0
54.875346,1.608710,0
54.876971,1.624698,0
54.879036,2.065043,0
54.881247,2.211456,0
54.883449,2.201571,0
54.885325,1.876330,0
54.887029,1.703697,0
54.889051,2.022546,0
54.891003,1.951927,0
54.893537,2.533965,0
54.895310,1.772548,0
54.897076,1.766460,0
54.899378,2.301557,0
54.901303,1.925051,0
54.903489,2.185808,0
54.905091,1.602498,0
54.906967,1.875813,0
54.909224,2.257320,0
54.911264,2.039825,0
54.913423,2.159110,0
54.915138,1.714416,0
54.916975,1.837300,0
54.919242,2.266912,0
54.921313,2.070954,0
54.923303,1.990617,0
54.925372,2.068696,0
54.927080,1.707922,0
54.929301,2.221131,0
54.931149,1.847963,0
54.933593,2.444233,0
54.935191,1.597948,0
54.937289,2.098073,0
54.939221,1.931572,0
54.941301,2.080480,0
54.943352,2.050780,0
54.945156,1.803544,0
54.946996,1.840657,0
54.949123,2.126271,0
54.951011,1.888025,0
54.952918,1.907431,0
54.955236,2.317776,0
54.956960,1.723710,0
54.958973,2.013209,0
54.961271,2.298639,0
54.963481,2.209692,0
54.965146,1.664493,0
54.966994,1.848392,0
54.969096,2.101785,0
54.971133,2.036862,0
54.973556,2.423210,0
54.975107,1.551019,0
54.977059,1.952544,0
54.979200,2.140938,0
54.981108,1.907594,0
54.983084,1.976098,0
54.984895,1.811078,0
54.986813,1.917663,0
54.988963,2.150074,0
54.991211,2.247748,0
54.993372,2.161221,0
54.995406,2.034134,0
54.997088,1.682370,0
54.999308,2.219788,0
55.001029,1.720374,0
55.003045,2.016250,0
55.005058,2.013173,0
55.007015,1.957399,0
55.009460,2.444619,0
55.011624,2.163526,0
55.013544,1.920102,0
55.015115,1.571146,0
55.016967,1.851938,0
55.019175,2.208708,0
55.020987,1.811458,0
55.023115,2.127923,0
55.024921,1.806109,0
55.027054,2.133043,0
55.029285,2.230655,0
55.031123,1.838067,0
55.033320,2.197618,0
55.035191,1.870990,0
55.036947,1.755939,0
55.039063,2.115340,0
55.040998,1.935360,0
55.043014,2.016049,0
55.044982,1.968481,0
55.047105,2.122175,0
55.049163,2.058737,0
55.051176,2.012757,0
55.053444,2.267459,0
55.055146,1.702135,0
55.056974,1.828011,0
55.059211,2.237042,0
55.061291,2.080055,0
55.063580,2.289126,0
55.065109,1.529444,0
55.066967,1.857761,0
55.069144,2.176533,0
55.071080,1.936219,0
55.073470,2.390222,0
55.075197,1.726571,0
55.077036,1.839180,0
55.079233,2.197602,0
55.081118,1.885019,0
55.083025,1.906078,0
55.085130,2.105092,0
55.086960,1.830699,0
55.089181,2.220272,0
55.090977,1.796678,0
55.093383,2.406124,0
55.095222,1.838780,0
55.097140,1.918224,0
55.099457,2.317020,0
55.101466,2.008960,0
55.103561,2.095014,0
55.105086,1.524279,0
55.106899,1.813514,0
55.109082,2.183227,0
55.111236,2.153978,0
55.113202,1.965171,0
55.115240,2.038201,0
55.117083,1.843208,0
55.119383,2.299671,0
55.121453,2.070075,0
55.123491,2.038381,0
55.125134,1.643099,0
55.126792,1.657961,0
55.129018,2.225644,0
55.131216,2.198070,0
55.132889,1.673486,0
55.135250,2.360152,0
55.137100,1.850367,0
55.139388,2.288211,0
55.141205,1.816939,0
55.143532,2.327202,0
55.145162,1.629769,0
55.146937,1.774595,0
55.149216,2.279588,0
55.151093,1.877086,0
55.153312,2.218651,0
55.155210,1.897958,0
55.157013,1.803434,0
55.159244,2.230702,0
55.161099,1.855207,0
55.163071,1.971533,0
55.164904,1.833703,0
55.166987,2.082094,0
55.169406,2.419917,0
55.171031,1.624249,0
55.173357,2.326246,0
55.175170,1.812681,0
55.177009,1.839353,0
55.179321,2.312320,0
55.181109,1.787756,0
55.183338,2.229023,0
55.185087,1.749367,0
55.187113,2.025724,0
55.189063,1.949581,0
55.191127,2.063902,0
55.193449,2.321825,0
55.195394,1.945959,0
55.197051,1.656038,0
55.199378,2.327366,0
55.201310,1.932109,0
55.203449,2.138601,0
55.205279,1.830391,0
55.206814,1.535351,0
55.209034,2.219534,0
55.211238,2.203783,0
55.213298,2.060519,0
55.215276,1.978223,0
55.216921,1.645043,0
55.218813,1.891607,0
55.220922,2.109278,0
55.223059,2.136199,0
55.225030,1.971111,0
55.226823,1.793352,0
55.229117,2.293674,0
55.231298,2.181129,0
55.233232,1.934261,0
55.235156,1.923854,0
55.236826,1.670283,0
55.238890,2.063869,0
55.240813,1.922745,0
55.242951,2.137790,0
55.244903,1.952267,0
55.246899,1.995903,0
55.249326,2.426767,0
55.251357,2.031497,0
55.253457,2.099840,0
55.255044,1.587530,0
55.256874,1.829392,0
55.259034,2.159850,0
55.261378,2.344307,0
55.263322,1.943712,0
55.264969,1.647633,0
55.266898,1.928324,0
55.269264,2.366221,0
55.271001,1.737612,0
55.273252,2.250425,0
55.275022,1.770490,0
55.276798,1.775248,0
55.279049,2.251598,0
55.281217,2.168217,0
55.283312,2.094372,0
55.284982,1.670144,0
55.286865,1.883394,0
55.289189,2.324080,0
55.291117,1.927128,0
55.293330,2.213396,0
55.294897,1.567226,0
55.296866,1.969106,0
55.299249,2.382656,0
55.301044,1.794954,0
55.303340,2.296385,0
55.305109,1.769225,0
55.306825,1.715717,0
55.308971,2.145682,0
55.311323,2.352210,0
55.313112,1.789212,0
55.314988,1.875840,0
55.316918,1.929716,0
55.319003,2.085022,0
55.320953,1.950437,0
55.323238,2.284223,0
55.325179,1.941777,0
55.326837,1.657223,0
55.329245,2.408384,0
55.330991,1.745891,0
55.333245,2.254073,0
55.335133,1.888201,0
55.336905,1.772252,0
55.339138,2.232891,0
55.341189,2.050947,0
55.343251,2.061341,0
55.345222,1.971913,0
55.346854,1.631159,0
55.348959,2.105365,0
55.351017,2.058097,0
55.353351,2.334200,0
55.355333,1.981825,0
55.356837,1.503931,0
55.359202,2.364924,0
55.361361,2.158823,0
55.363380,2.019587,0
55.365220,1.839930,0
55.366824,1.604070,0
55.369189,2.364669,0
55.371156,1.966722,0
55.373357,2.201712,0
55.375219,1.861671,0
55.376835,1.616256,0
55.379166,2.330530,0
55.380919,1.753100,0
55.383371,2.451635,0
55.385161,1.789953,0
55.386848,1.686976,0
55.389102,2.254360,0
55.391058,1.955654,0
55.393140,2.082249,0
55.395270,2.130032,0
55.396833,1.563107,0
55.399168,2.335292,0
55.401127,1.958659,0
55.403262,2.135562,0
55.405245,1.982978,0
55.406836,1.590042,0
55.409277,2.441382,0
55.411349,2.072198,0
55.413403,2.053562,0
55.415147,1.744786,0
55.416851,1.703409,0
55.419149,2.298339,0
55.421028,1.879270,0
55.423120,2.091572,0
55.425034,1.914153,0
55.426859,1.824757,0
55.429135,2.276491,0
55.431094,1.958708,0
55.433296,2.201644,0
55.435024,1.727728,0
55.436900,1.876140,0
55.438977,2.077115,0
55.441028,2.051547,0
55.443235,2.207016,0
55.445179,1.943765,0
55.446914,1.734766,0
55.448896,1.982301,0
55.450843,1.947177,0
55.453165,2.321577,0
55.455077,1.911965,0
55.456841,1.764452,0
55.459236,2.394914,0
55.461650,2.413500,0
55.463524,1.874497,0
55.465243,1.718858,0
55.466971,1.728195,0
55.469201,2.229898,0
55.471088,1.887289,0
55.473084,1.995422,0
55.475100,2.016261,0
55.476833,1.733040,0
55.479107,2.274187,0
55.481143,2.035731,0
55.483336,2.192834,0
55.485050,1.714501,0
55.486880,1.829156,0
55.489062,2.182819,0
55.490897,1.834535,0
55.493294,2.397075,0
55.495380,2.086434,0
55.496999,1.618503,0
55.499340,2.341239,0
55.500961,1.620693,0
55.503128,2.167449,0
55.504935,1.806596,0
55.506816,1.880838,0
55.509061,2.245682,0
55.511222,2.160846,0
55.513236,2.014063,0
55.514982,1.746035,0
55.516780,1.797525,0
55.518771,1.991023,0
55.521219,2.448049,0
55.523293,2.074156,0
55.525125,1.831914,0
55.526832,1.707266,0
55.529043,2.211098,0
55.530991,1.947569,0
55.533046,2.055158,0
55.535166,2.119598,0
55.536946,1.779914,0
55.539137,2.191697,0
55.541085,1.947582,0
55.543320,2.234613,0
55.544941,1.621104,0
55.546854,1.913209,0
55.548970,2.115952,0
55.550783,1.813446,0
55.552820,2.036235,0
55.554791,1.971139,0
55.556798,2.007154,0
55.558972,2.174209,0
55.561438,2.465811,0
55.563104,1.665923,0
55.565062,1.957820,0
55.566834,1.772685,0
55.569004,2.169439,0
55.571160,2.156692,0
55.573252,2.091537,0
55.574964,1.712510,0
55.576831,1.866595,0
55.578978,2.146495,0
55.581164,2.186270,0
55.583335,2.171253,0
55.584987,1.652113,0
55.586914,1.926668,0
55.588936,2.022338,0
55.590957,2.020398,0
55.593172,2.215248,0
55.595002,1.830126,0
55.596842,1.839798,0
55.599053,2.211077,0
55.601134,2.080980,0
55.603299,2.165371,0
55.604918,1.618658,0
55.606832,1.913668,0
55.609046,2.214967,0
55.611351,2.304218,0
55.613338,1.986939,0
55.615000,1.662565,0
55.616918,1.917986,0
55.619204,2.286261,0
55.620941,1.736750,0
55.623054,2.113178,0
55.624951,1.896968,0
55.626818,1.866655,0
55.628777,1.958874,0
55.630781,2.003746,0
55.632844,2.063260,0
55.634874,2.030590,0
55.636842,1.967950,0
55.639079,2.236537,0
55.640930,1.850576,0
55.643130,2.200037,0
55.645105,1.975172,0
55.646864,1.759728,0
55.648817,1.952594,0
55.651102,2.284454,0
55.653267,2.165099,0
55.655214,1.947224,0
55.656900,1.686494,0
55.659826,2.926045,0
55.661630,1.803379,0
55.663400,1.769995,0
55.665140,1.740153,0
55.666998,1.857826,0
55.669022,2.024484,0
55.670991,1.968598,0
55.673231,2.240667,0
55.675189,1.957291,0
55.676893,1.704200,0
55.679150,2.256724,0
55.681204,2.054142,0
55.684227,3.023009,1
55.685396,1.168991,0
55.687080,1.684350,0
55.689224,2.143419,0
55.691207,1.983326,0
55.693053,1.846315,0
55.694813,1.759525,0
55.696632,1.819354,0
55.698836,2.204135,0
55.701216,2.379493,0
55.703491,2.275588,0
55.705101,1.609416,0
55.706915,1.814501,0
55.709310,2.394600,0
55.711179,1.868971,0
55.713299,2.120152,0
55.714894,1.595091,0
55.716872,1.977757,0
55.718877,2.004727,0
55.721031,2.154859,0
55.723381,2.349417,0
55.725212,1.831251,0
55.726830,1.618278,0
55.729067,2.237007,0
55.731213,2.145995,0
55.733046,1.832267,0
55.734948,1.902321,0
55.736866,1.918220,0
55.738933,2.067004,0
55.741029,2.096280,0
55.743143,2.114025,0
55.745194,2.050908,0
55.746953,1.758468,0
55.749140,2.187493,0
55.751188,2.047505,0
55.753389,2.201489,0
55.755096,1.706679,0
55.756928,1.831580,0
55.759254,2.326659,0
55.761347,2.092536,0
55.763248,1.901251,0
55.765003,1.755172,0
55.766962,1.959202,0
55.769176,2.213904,0
55.771038,1.861351,0
55.773358,2.320163,0
55.775165,1.807047,0
55.776877,1.712252,0
55.779269,2.392191,0
55.781045,1.775284,0
55.783100,2.054909,0
55.785058,1.958330,0
55.786838,1.780432,0
55.788846,2.007406,0
55.791073,2.227634,0
55.793346,2.272623,0
55.795217,1.871549,0
55.796846,1.628179,0
55.799029,2.183704,0
55.800986,1.956877,0
55.803365,2.379196,0
55.805141,1.775904,0
55.806885,1.743529,0
55.808949,2.064540,0
55.811124,2.175073,0
55.813243,2.118079,0
55.815227,1.984599,0
55.816843,1.616111,0
55.819196,2.352407,0
55.820918,1.722632,0
55.822814,1.895343,0
55.824774,1.960739,0
55.826821,2.046141,0
55.829080,2.258986,0
55.831089,2.009485,0
55.833288,2.199375,0
55.835173,1.884320,0
55.836973,1.799900,0
55.839134,2.161808,0
55.841239,2.105014,0
55.843127,1.887840,0
55.845098,1.970818,0
55.846839,1.741202,0
55.848809,1.970045,0
55.850937,2.127775,0
55.853163,2.225828,0
55.855252,2.089550,0
55.856993,1.740690,0
55.859099,2.106018,0
55.861371,2.272296,0
55.863416,2.044466,0
55.865160,1.743695,0
55.866975,1.815223,0
55.869120,2.145132,0
55.871175,2.055087,0
55.873329,2.154310,0
55.875133,1.803594,0
55.877021,1.888051,0
55.878975,1.953643,0
55.881103,2.127846,0
55.883381,2.278083,0
55.885084,1.703617,0
55.886835,1.751064,0
55.889074,2.238894,0
55.891089,2.014536,0
55.893068,1.979496,0
55.895084,2.015751,0
55.897016,1.932464,0
55.898932,1.915279,0
55.900907,1.975662,0
55.903058,2.151098,0
55.904855,1.796679,0
55.906808,1.952868,0
55.908964,2.156032,0
55.910932,1.967533,0
55.913005,2.073611,0
55.915192,2.186472,0
55.916835,1.643699,0
55.919023,2.188004,0
55.921028,2.004395,0
55.923499,2.471048,0
55.925228,1.728951,0
55.927000,1.772533,0
55.929133,2.132563,0
55.931337,2.204597,0
55.933507,2.169865,0
55.935125,1.618116,0
55.936909,1.783362,0
55.939048,2.138973,0
55.940945,1.897665,0
55.943162,2.216370,0
55.944893,1.731402,0
55.946815,1.921312,0
55.949113,2.298185,0
55.950889,1.775887,0
55.953100,2.211762,0
55.955107,2.006235,0
55.957053,1.946211,0
55.959140,2.087313,0
55.961491,2.350532,0
55.963537,2.046235,0
55.965163,1.625625,0
55.966837,1.674177,0
55.968947,2.109936,0
55.971012,2.064930,0
55.973381,2.369538,0
55.974947,1.565760,0
55.976889,1.942119,0
55.979035,2.145603,0
55.981164,2.129528,0
55.983192,2.027983,0
55.984942,1.749739,0
55.986954,2.012573,0
55.989081,2.126498,0
55.991463,2.382083,0
55.993353,1.890109,0
55.995217,1.863520,0
55.996926,1.709729,0
55.999134,2.207895,0
56.001051,1.916531,0
56.003137,2.086520,0
56.004875,1.738034,0
56.006843,1.967948,0
56.008889,2.046122,0
56.010919,2.029471,0
56.013304,2.385535,0
56.014935,1.630701,0
56.016895,1.960091,0
56.019322,2.426709,0
56.021028,1.705665,0
56.022804,1.775987,0
56.024881,2.077467,0
56.026767,1.885987,0
56.028731,1.963666,0
56.030946,2.214858,0
56.033162,2.216451,0
56.035039,1.877206,0
56.036910,1.870892,0
56.039098,2.188359,0
56.041238,2.140029,0
56.043384,2.145172,0
56.044854,1.470593,0
56.046939,2.084750,0
56.049029,2.089910,0
56.051012,1.983581,0
56.053442,2.429354,0
56.055091,1.649227,0
56.056869,1.777505,0
56.059145,2.276457,0
56.061418,2.273237,0
56.063465,2.047061,0
56.065206,1.740270,0
56.066852,1.646278,0
56.069000,2.148542,0
56.070992,1.991208,0
56.073384,2.392340,0
56.075218,1.834058,0
56.076847,1.628541,0
56.079119,2.272027,0
56.081140,2.021317,0
56.083393,2.252815,0
56.085192,1.799662,0
56.086931,1.738743,0
56.089078,2.146897,0
56.091238,2.160379,0
56.093321,2.082142,0
56.095223,1.902398,0
56.096858,1.635067,0
56.099155,2.297438,0
56.101272,2.116581,0
56.103279,2.007309,0
56.105000,1.720682,0
56.106921,1.920732,0
56.109246,2.324807,0
56.111361,2.115170,0
56.113342,1.981219,0
56.115137,1.795300,0
56.116854,1.717001,0
56.119248,2.393832,0
56.121079,1.830932,0
56.123183,2.104419,0
56.125200,2.016529,0
56.126962,1.761613,0
56.129167,2.205109,0
56.131218,2.051655,0
56.133445,2.226228,0
56.135033,1.587975,0
56.136818,1.785621,0
56.139099,2.281185,0
56.141152,2.052874,0
56.143329,2.176916,0
56.145320,1.991240,0
56.146837,1.516552,0
56.149218,2.380632,0
56.151152,1.934400,0
56.153361,2.208811,0
56.154955,1.594249,0
56.156834,1.878968,0
56.158888,2.053618,0
56.161155,2.267191,0
56.163238,2.083482,0
56.165025,1.787016,0
56.166992,1.966942,0
56.169117,2.124511,0
56.171126,2.009220,0
56.173021,1.894727,0
56.175100,2.079110,0
56.176831,1.731432,0
56.179314,2.482524,0
56.181099,1.785633,0
56.183446,2.346125,0
56.185121,1.675383,0
56.186904,1.782780,0
56.188877,1.973672,0
56.191096,2.219114,0
56.193174,2.077959,0
56.194904,1.729087,0
56.196792,1.888654,0
56.199142,2.350252,0
56.201243,2.100570,0
56.203461,2.218335,0
56.205061,1.599215,0
56.206791,1.730471,0
56.209097,2.306464,0
56.210918,1.820714,0
56.213089,2.170335,0
56.214995,1.906031,0
56.217092,2.097936,0
56.219095,2.002387,0
56.221135,2.039974,0
56.222982,1.847639,0
56.224920,1.937292,0
56.226813,1.893697,0
56.228914,2.100648,0
56.231078,2.163908,0
56.232976,1.897683,0
56.234856,1.879937,0
56.236835,1.979837,0
56.239151,2.315678,0
56.241092,1.941123,0
56.243422,2.329908,0
56.245148,1.725910,0
56.246944,1.796210,0
56.249022,2.077361,0
56.250991,1.969081,0
56.253213,2.222487,0
56.254982,1.769242,0
56.257016,2.033102,0
56.259233,2.217570,0
56.261195,1.961754,0
56.263516,2.320858,0
56.265084,1.568115,0
56.266921,1.837476,0
56.269323,2.401811,0
56.271142,1.819187,0
56.273446,2.303885,0
56.275141,1.695219,0
56.277048,1.906848,0
56.279256,2.208138,0
56.281228,1.972053,0
56.283301,2.072592,0
56.285103,1.801635,0
56.287051,1.948319,0
56.289101,2.050299,0
56.291119,2.017416,0
56.293424,2.305198,0
56.295084,1.660408,0
56.297031,1.946715,0
56.299414,2.382815,0
56.301059,1.645576,0
56.303176,2.116466,0
56.305086,1.909952,0
56.307037,1.951252,0
56.309312,2.274530,0
56.311108,1.796273,0
56.313087,1.979490,0
56.315223,2.135766,0
56.317041,1.818071,0
56.319266,2.224650,0
56.321274,2.008273,0
56.323402,2.127976,0
56.325147,1.744531,0
56.327106,1.959595,0
56.329271,2.164444,0
56.331101,1.830229,0
56.333356,2.255139,0
56.335069,1.713369,0
56.337112,2.042537,0
56.339160,2.047757,0
56.341066,1.906303,0
56.343269,2.203026,0
56.345013,1.743942,0
56.346972,1.958541,0
56.348890,1.918706,0
56.350913,2.022570,0
56.353333,2.420368,0
56.355016,1.682499,0
56.356969,1.953704,0
56.359213,2.243743,0
56.361679,2.466086,0
56.363552,1.872401,0
56.365267,1.714959,0
56.367295,2.028391,0
56.369275,1.979503,0
56.371233,1.958837,0
56.373455,2.221790,0
56.375151,1.695644,0
56.377034,1.883074,0
56.379145,2.111578,0
56.381245,2.099779,0
56.383465,2.219712,0
56.385119,1.653742,0
56.386992,1.872994,0
56.389273,2.281074,0
56.391185,1.912553,0
56.393556,2.370650,0
56.395179,1.622858,0
56.397140,1.961052,0
56.399452,2.311986,0
56.401073,1.620688,0
56.403519,2.446722,0
56.405135,1.615979,0
56.407067,1.931548,0
56.409225,2.158635,0
56.411465,2.239674,0
56.413555,2.090087,0
56.415180,1.624459,0
56.417069,1.889189,0
56.419237,2.168150,0
56.421133,1.896513,0
56.423131,1.997283,0
56.424894,1.763322,0
56.426856,1.961790,0
56.428868,2.012508,0
56.430792,1.924042,0
56.433047,2.254499,0
56.435151,2.103647,0
56.436853,1.702915,0
56.439058,2.204767,0
56.441019,1.960866,0
56.443120,2.101160,0
56.445217,2.096333,0
56.446884,1.667001,0
56.449076,2.192115,0
56.451810,2.734600,0
56.454163,2.353163,0
56.458252,4.088929,1
56.461241,2.988653,0
56.461256,0.014837,0
56.463265,2.009493,0
56.465065,1.799166,0
56.466838,1.772940,0
56.469020,2.182478,0
56.471088,2.067735,0
56.473537,2.449110,0
56.475110,1.573262,0
56.476987,1.877032,0
56.479106,2.118900,0
56.481049,1.943296,0
56.483045,1.995562,0
56.484932,1.886973,0
56.486814,1.881739,0
56.488845,2.030930,0
56.490949,2.104218,0
56.492711,1.762228,0
56.494745,2.033602,0
56.496711,1.966555,0
56.498838,2.126841,0
56.501082,2.243656,0
56.502909,1.826938,0
56.504912,2.003633,0
56.506814,1.902285,0
56.508695,1.880136,0
56.511092,2.397336,0
56.513412,2.320453,0
56.515136,1.723666,0
56.516920,1.783441,0
56.519300,2.380085,0
56.521184,1.884750,0
56.523351,2.166560,0
56.524955,1.604225,0
56.526859,1.904147,0
56.529135,2.275992,0
56.530925,1.789721,0
56.533235,2.310123,0
56.535074,1.838770,0
56.536957,1.882786,0
56.539167,2.210452,0
56.541121,1.953892,0
56.543550,2.428624,0
56.545497,1.947739,0
56.547144,1.646516,0
56.549414,2.269826,0
56.551508,2.094020,0
56.553234,1.726565,0
56.554976,1.741772,0
56.556832,1.855511,0
56.558956,2.124812,0
56.561171,2.214975,0
56.563233,2.062009,0
56.564895,1.661436,0
56.566755,1.860043,0
56.569117,2.362124,0
56.570893,1.776176,0
56.573157,2.263853,0
56.574900,1.743000,0
56.576829,1.929305,0
56.579193,2.363743,0
56.580933,1.740273,0
56.583078,2.144768,0
56.585051,1.973322,0
56.586971,1.919982,0
56.589047,2.076087,0
56.591030,1.982010,0
56.593409,2.379131,0
56.595017,1.608742,0
56.596853,1.835521,0
56.598978,2.124763,0
56.601026,2.048505,0
56.603125,2.098497,0
56.605072,1.946920,0
56.606868,1.795965,0
56.609318,2.450591,0
56.611350,2.031856,0
56.613411,2.061338,0
56.615037,1.625835,0
56.616931,1.893919,0
56.619022,2.090968,0
56.621029,2.006951,0
56.623443,2.414158,0
56.625045,1.602020,0
56.626854,1.808507,0
56.629093,2.239291,0
56.631019,1.925701,0
56.633148,2.128834,0
56.635085,1.937797,0
56.636855,1.770074,0
56.639059,2.203963,0
56.640994,1.934266,0
56.643089,2.095256,0
56.645180,2.090714,0
56.647877,2.697749,0
56.649291,1.413413,0
56.651386,2.094788,0
56.653486,2.100459,0
56.655106,1.620471,0
56.656831,1.724868,0
56.659061,2.229824,0
56.661217,2.155413,0
56.662914,1.697599,0
56.665122,2.207548,0
56.666867,1.745444,0
56.669116,2.249296,0
56.671270,2.153047,0
56.673514,2.244814,0
56.675010,1.496122,0
56.676889,1.878862,0
56.679017,2.127318,0
56.681070,2.053505,0
56.683227,2.156938,0
56.685199,1.972197,0
56.686941,1.741416,0
56.689226,2.285792,0
56.691201,1.975008,0
56.693235,2.033119,0
56.694963,1.728395,0
56.696780,1.816557,0
56.698937,2.157602,0
56.700864,1.926945,0
56.702939,2.074737,0
56.705089,2.149796,0
56.706883,1.794466,0
56.709086,2.202603,0
56.711564,2.478662,0
56.713232,1.668028,0
56.714953,1.720596,0
56.716920,1.967160,0
56.719331,2.410476,0
56.721142,1.811152,0
56.723308,2.166279,0
56.725187,1.878971,0
56.726871,1.683812,0
56.729190,2.318703,0
56.730962,1.772352,0
56.733087,2.124818,0
56.735121,2.034595,0
56.736840,1.719184,0
56.738862,2.021549,0
56.740797,1.934646,0
56.743111,2.314015,0
56.745063,1.952391,0
56.746857,1.794267,0
56.749113,2.255910,0
56.750967,1.853508,0
56.753136,2.169600,0
56.754868,1.731874,0
56.757013,2.144674,0
56.759349,2.335629,0
56.761293,1.944306,0
56.763448,2.154719,0
56.765138,1.690701,0
56.766834,1.695987,0
56.769016,2.181861,0
56.771151,2.135051,0
56.773098,1.946341,0
56.775027,1.929478,0
56.776863,1.836388,0
56.779082,2.219010,0
56.781214,2.131624,0
56.783372,2.158476,0
56.785202,1.829460,0
56.786860,1.658372,0
56.789264,2.403244,0
56.791036,1.772236,0
56.793325,2.289337,0
56.795240,1.915039,0
56.796872,1.631632,0
56.798917,2.045321,0
56.801048,2.130752,0
56.803403,2.354838,0
56.804983,1.579922,0
56.806983,2.000298,0
56.809318,2.334915,0
56.811338,2.019689,0
56.813693,2.355507,0
56.815286,1.593075,0
56.817090,1.804215,0
56.819075,1.984310,0
56.821211,2.136401,0
56.823074,1.862845,0
56.825432,2.357700,0
56.826946,1.514854,0
56.829115,2.168733,0
56.831052,1.936714,0
56.833287,2.234815,0
56.835081,1.794057,0
56.836997,1.916527,0
56.839053,2.056028,0
56.841172,2.118410,0
56.843493,2.321269,0
56.845097,1.603999,0
56.847019,1.921963,0
56.849249,2.230197,0
56.851191,1.941468,0
56.853252,2.061717,0
56.855122,1.869875,0
56.856959,1.837258,0
56.859299,2.339677,0
56.861676,2.376896,0
56.863626,1.950152,0
56.865336,1.709720,0
56.867033,1.696827,0
56.869050,2.017540,0
56.871216,2.166200,0
56.873470,2.253705,0
56.875139,1.668639,0
56.877011,1.871914,0
56.879420,2.409339,0
56.881295,1.875187,0
56.883502,2.206874,0
56.885383,1.880803,0
56.887130,1.747181,0
56.889364,2.233607,0
56.891254,1.890020,0
56.893402,2.148651,0
56.895265,1.862457,0
56.897027,1.761637,0
56.899040,2.013221,0
56.901172,2.132641,0
56.903525,2.352332,0
56.905218,1.693730,0
56.907068,1.849538,0
56.909146,2.077595,0
56.911290,2.144208,0
56.913548,2.258360,0
56.915150,1.601741,0
56.917059,1.909536,0
56.919247,2.187194,0
56.921113,1.866290,0
56.923493,2.380212,0
56.925077,1.583891,0
56.927095,2.017600,0
56.929347,2.252850,0
56.931139,1.791741,0
56.933444,2.305183,0
56.935161,1.716739,0
56.937065,1.903629,0
56.939339,2.274385,0
56.941215,1.876099,0
56.943282,2.067080,0
56.945322,2.039496,0
56.947053,1.730753,0
56.949289,2.236266,0
56.951378,2.088760,0
56.953392,2.013922,0
56.955140,1.748409,0
56.958466,3.326407,1
56.962104,3.637188,1
56.966234,4.130559,1
56.968055,1.820751,0
56.969136,1.080906,0
56.971108,1.972338,0
56.973133,2.025291,0
56.974937,1.804012,0
56.977102,2.164419,0
56.979282,2.180034,0
56.981242,1.959874,0
56.982970,1.728513,0
56.984892,1.921564,0
56.986897,2.005204,0
56.988992,2.095487,0
56.991196,2.203150,0
56.993308,2.112106,0
56.995470,2.162250,0
56.997109,1.639411,0
56.999382,2.273015,0
57.001241,1.858748,0
57.003401,2.159682,0
57.005338,1.937254,0
57.007090,1.752156,0
57.009155,2.064967,0
57.011473,2.317643,0
57.013501,2.028313,0
57.015081,1.579838,0
57.016995,1.914206,0
57.019251,2.255490,0
57.021165,1.914759,0
57.023397,2.231385,0
57.025117,1.720506,0
57.027118,2.000373,0
57.029141,2.023259,0
57.031133,1.991950,0
57.033206,2.072959,0
57.035176,1.969890,0
57.036962,1.786552,0
57.039099,2.136775,0
57.041028,1.928957,0
57.043403,2.374990,0
57.045024,1.620549,0
57.047026,2.002891,0
57.048768,1.741031,0
57.051060,2.292971,0
57.053291,2.230385,0
57.055086,1.794858,0
57.056961,1.874883,0
57.059187,2.226581,0
57.061426,2.239261,0
57.063433,2.006525,0
57.065108,1.675135,0
57.066932,1.824233,0
57.069158,2.225620,0
57.071294,2.136415,0
57.073399,2.104885,0
57.075150,1.750373,0
57.077032,1.882444,0
57.079240,2.207840,0
57.081349,2.109093,0
57.083226,1.877125,0
57.085335,2.108905,0
57.086967,1.632404,0
57.089384,2.416622,0
57.091258,1.873779,0
57.093094,1.836030,0
57.095221,2.126647,0
57.096996,1.775317,0
57.099257,2.261526,0
57.101159,1.902084,0
57.103523,2.363196,0
57.105222,1.699802,0
57.107064,1.841491,0
57.109471,2.407180,0
57.111429,1.957925,0
57.113478,2.048788,0
57.115246,1.767774,0
57.117062,1.816741,0
57.119155,2.092984,0
57.121192,2.036795,0
57.123307,2.115361,0
57.125017,1.709390,0
57.126986,1.968771,0
57.129042,2.056423,0
57.131098,2.055479,0
57.133303,2.204991,0
57.135364,2.061038,0
57.137192,1.827953,0
57.139284,2.092201,0
57.141155,1.870804,0
57.143059,1.904501,0
57.145030,1.971362,0
57.146981,1.950485,0
57.149140,2.159084,0
57.151076,1.936220,0
57.153113,2.037102,0
57.155187,2.074198,0
57.156977,1.789766,0
57.159224,2.247137,0
57.161508,2.283636,0
57.163207,1.698594,0
57.165336,2.129024,0
57.167058,1.722599,0
57.169153,2.094509,0
57.170989,1.835823,0
57.173507,2.518245,0
57.175056,1.549068,0
57.177009,1.953328,0
57.179320,2.311244,0
57.181128,1.807883,0
57.183626,2.497896,0
57.185156,1.529289,0
57.186914,1.758779,0
57.189014,2.099978,0
57.191243,2.228519,0
57.193255,2.012629,0
57.195188,1.932624,0
57.197105,1.916523,0
57.199201,2.096777,0
57.201375,2.173821,0
57.203186,1.810593,0
57.205351,2.165515,0
57.207000,1.648279,0
57.209352,2.352466,0
57.211484,2.131601,0
57.213390,1.906054,0
57.215193,1.802940,0
57.216952,1.759077,0
57.219249,2.297464,0
57.221095,1.845706,0
57.223813,2.718589,0
57.225297,1.483421,0
57.226867,1.569990,0
57.229205,2.337896,0
57.231108,1.903614,0
57.233090,1.981726,0
57.235068,1.977391,0
57.236934,1.866499,0
57.239156,2.222120,0
57.241145,1.988574,0
57.243530,2.384980,0
57.245028,1.497979,0
57.247064,2.036328,0
57.249250,2.186196,0
57.251318,2.068228,0
57.253270,1.951543,0
57.255289,2.019525,0
57.257007,1.717626,0
57.259149,2.142328,0
57.261404,2.254073,0
57.263168,1.764212,0
57.265317,2.149472,0
57.267061,1.743549,0
57.269422,2.361132,0
57.271293,1.871490,0
57.273286,1.992802,0
57.274906,1.619748,0
57.276994,2.088036,0
57.279021,2.026638,0
57.281308,2.287337,0
57.283579,2.271021,0
57.285358,1.779268,0
57.287235,1.877016,0
57.289308,2.073035,0
57.291387,2.078379,0
57.293347,1.960020,0
57.295236,1.888994,0
57.296984,1.748369,0
57.299475,2.490583,0
57.301122,1.647108,0
57.303444,2.321899,0
57.305311,1.867515,0
57.307034,1.723070,0
57.309333,2.299131,0
57.311479,2.145706,0
57.313561,2.081864,0
57.315392,1.831242,0
57.317088,1.696032,0
57.319204,2.115698,0
57.321227,2.023401,0
57.323059,1.831900,0
57.324943,1.884161,0
57.327022,2.079139,0
57.328921,1.898819,0
57.331405,2.483214,0
57.333401,1.996458,0
57.335236,1.834727,0
57.337054,1.818305,0
57.339133,2.079471,0
57.341197,2.063051,0
57.343189,1.992957,0
57.345132,1.942968,0
57.346984,1.851866,0
57.349143,2.158593,0
57.350972,1.828605,0
57.353154,2.182838,0
57.355275,2.120743,0
57.357087,1.811484,0
57.359430,2.343556,0
57.361591,2.161148,0
57.363521,1.929299,0
57.365270,1.748998,0
57.366976,1.706762,0
57.369071,2.094815,0
57.371120,2.048402,0
57.373124,2.004894,0
57.375370,2.245682,0
57.377086,1.716234,0
57.379215,2.129017,0
57.381205,1.989162,0
57.383550,2.345078,0
57.385253,1.703877,0
57.386966,1.712843,0
57.389180,2.213358,0
57.390904,1.724023,0
57.393188,2.283960,0
57.395480,2.292655,0
57.397094,1.613363,0
57.399504,2.409964,0
57.401397,1.893487,0
57.403573,2.175472,0
57.405353,1.780495,0
57.407027,1.674207,0
57.409154,2.126953,0
57.411266,2.111289,0
57.413499,2.233480,0
57.414999,1.500367,0
57.417048,2.048259,0
57.419325,2.276915,0
57.421094,1.769335,0
57.423397,2.303540,0
57.425154,1.756375,0
57.427113,1.959108,0
57.429032,1.919182,0
57.430831,1.799189,0
57.433417,2.586132,0
57.435053,1.635401,0
57.437028,1.974921,0
57.439038,2.009810,0
57.441112,2.074509,0
57.443282,2.169521,0
57.445380,2.098503,0
57.447011,1.630647,0
57.449331,2.320611,0
57.451150,1.818938,0
57.453690,2.539898,0
57.455226,1.535613,0
57.457032,1.806534,0
57.459242,2.209351,0
57.461251,2.009671,0
57.463135,1.883135,0
57.465014,1.879332,0
57.467288,2.274415,0
57.469146,1.857694,0
57.471288,2.141674,0
57.473898,2.610385,0
57.475421,1.522533,0
57.476984,1.563093,0
57.479273,2.289172,0
57.481448,2.175339,0
57.483288,1.840334,0
57.485023,1.734154,0
57.486888,1.865701,0
57.488785,1.896654,0
57.491114,2.328695,0
57.493314,2.200212,0
57.495132,1.817785,0
57.497083,1.951440,0
57.499093,2.010141,0
57.501334,2.240957,0
57.503433,2.098936,0
57.505038,1.604782,0
57.507042,2.003833,0
57.509306,2.264354,0
57.511533,2.226477,0
57.513568,2.034925,0
57.515142,1.574907,0
57.517132,1.989176,0
57.519378,2.246527,0
57.521155,1.776860,0
57.523466,2.310633,0
57.525112,1.646641,0
57.526998,1.885945,0
57.529295,2.297245,0
57.531130,1.835025,0
57.533532,2.401304,0
57.535204,1.672313,0
57.537035,1.831021,0
57.539388,2.352867,0
57.541355,1.967355,0
57.543504,2.148626,0
57.545215,1.710971,0
57.547049,1.833828,0
57.549269,2.220188,0
57.551145,1.876520,0
57.553307,2.161106,0
57.555142,1.835067,0
57.557090,1.948116,0
57.559519,2.429074,0
57.561372,1.853254,0
57.563314,1.941619,0
57.565158,1.844534,0
57.567009,1.850905,0
57.569081,2.072294,0
57.571290,2.208273,0
57.573372,2.082776,0
57.575175,1.802015,0
57.577057,1.882653,0
57.579274,2.216527,0
57.581075,1.801770,0
57.583250,2.174554,0
57.585123,1.872692,0
57.587033,1.909892,0
57.589415,2.382515,0
57.590949,1.533659,0
57.593308,2.359463,0
57.594951,1.643260,0
57.597079,2.127526,0
57.599147,2.067586,0
57.601278,2.131234,0
57.603304,2.026348,0
57.605159,1.854916,0
57.607084,1.924811,0
57.609147,2.063359,0
57.611662,2.514443,0
57.613567,1.905225,0
57.615351,1.784294,0
57.616998,1.646544,0
57.619120,2.121773,0
57.621199,2.079553,0
57.623221,2.022234,0
57.625221,2.000102,0
57.626894,1.672121,0
57.629231,2.337461,0
57.631175,1.944366,0
57.633262,2.086283,0
57.635134,1.872702,0
57.637074,1.939755,0
57.639633,2.559044,0
57.641493,1.859645,0
57.643667,2.174214,0
57.645285,1.617623,0
57.647289,2.004671,0
57.649192,1.903011,0
57.651101,1.908853,0
57.653082,1.980949,0
57.655052,1.970354,0
57.656944,1.891854,0
57.659285,2.340624,0
57.661424,2.139050,0
57.663604,2.179827,0
57.665210,1.606031,0
57.667379,2.168782,0
57.669047,1.668368,0
57.671231,2.183592,0
57.673149,1.918269,0
57.675153,2.003916,0
57.676957,1.804391,0
57.679086,2.129097,0
57.681079,1.992671,0
57.683207,2.128515,0
57.685159,1.951789,0
57.687015,1.855829,0
57.689276,2.261227,0
57.691148,1.871540,0
57.693361,2.213100,0
57.695165,1.804222,0
57.697017,1.851828,0
57.699135,2.118225,0
57.701168,2.032578,0
57.703263,2.095599,0
57.705186,1.922330,0
57.707035,1.848870,0
57.709217,2.182212,0
57.711132,1.915022,0
57.712948,1.816239,0
57.714861,1.912442,0
57.716936,2.075377,0
57.718935,1.999290,0
57.721207,2.271574,0
57.723452,2.244930,0
57.725296,1.843875,0
57.727654,2.358358,0
57.729215,1.561116,0
57.731137,1.921947,0
57.733108,1.970660,0
57.735134,2.026361,0
57.737003,1.869044,0
57.739226,2.222585,0
57.741104,1.878184,0
57.743106,2.002124,0
57.745104,1.997637,0
57.747046,1.942081,0
57.749253,2.207580,0
57.751233,1.979958,0
57.753884,2.650374,0
57.755282,1.397967,0
57.758102,2.820775,0
57.759225,1.122832,0
57.761245,2.019721,0
57.763249,2.004014,0
57.764932,1.682693,0
57.766966,2.034603,0
57.769363,2.396675,0
57.771268,1.905498,0
57.773538,2.269771,0
57.775251,1.713004,0
57.777060,1.809317,0
57.779129,2.068273,0
57.781068,1.939340,0
57.783189,2.120667,0
57.785220,2.030960,0
57.786972,1.752748,0
57.789199,2.226208,0
57.791347,2.148544,0
57.793338,1.990304,0
57.795108,1.770768,0
57.797096,1.987437,0
57.799460,2.364264,0
57.801142,1.681798,0
57.803343,2.201295,0
57.805146,1.803386,0
57.807029,1.882990,0
57.809310,2.280356,0
57.811316,2.006433,0
57.813471,2.154341,0
57.815106,1.635413,0
57.817057,1.951313,0
57.819090,2.033043,0
57.821342,2.251920,0
57.823262,1.920042,0
57.825088,1.826114,0
57.827068,1.979210,0
57.829178,2.110351,0
57.831114,1.936112,0
57.833291,2.176420,0
57.835091,1.800908,0
57.837037,1.946047,0
57.839185,2.147459,0
57.841066,1.880972,0
57.843466,2.400104,0
57.845164,1.697499,0
57.847067,1.903716,0
57.849408,2.340396,0
57.851330,1.922031,0
57.853242,1.912597,0
57.855183,1.940856,0
57.857073,1.889432,0
57.859216,2.143925,0
57.861522,2.305360,0
57.863506,1.984173,0
57.865169,1.663227,0
57.867035,1.865825,0
57.869228,2.192497,0
57.871034,1.806712,0
57.873288,2.253914,0
57.875242,1.953889,0
57.877032,1.790208,0
57.879173,2.140840,0
57.881371,2.197909,0
57.883501,2.130296,0
57.885094,1.592218,0
57.887036,1.942914,0
57.889209,2.172289,0
57.891158,1.949304,0
57.893339,2.181183,0
57.895198,1.858709,0
57.897055,1.857273,0
57.899111,2.055397,0
57.901164,2.053584,0
57.903502,2.338001,0
57.904988,1.485992,0
57.906939,1.951303,0
57.909589,2.649112,0
57.911295,1.706018,0
57.913599,2.304473,0
57.915104,1.504763,0
57.917075,1.970959,0
57.919241,2.166570,0
57.921157,1.916049,0
57.923359,2.201284,0
57.925145,1.785849,0
57.926981,1.836603,0
57.929455,2.473573,0
57.931268,1.813299,0
57.933447,2.179007,0
57.935346,1.899389,0
57.937022,1.675989,0
57.939272,2.250011,0
57.941992,2.719264,0
57.943769,1.776968,0
57.945243,1.474449,0
57.946968,1.724721,0
57.948987,2.018975,0
57.951090,2.103135,0
57.953626,2.535660,0
57.955207,1.581433,0
57.957144,1.936576,0
57.959478,2.334566,0
57.961771,2.293073,0
57.963022,1.250814,0
57.965243,2.220719,0
57.966977,1.734570,0
57.968974,1.996945,0
57.971056,2.082212,0
57.973313,2.256647,0
57.975502,2.188626,0
57.977050,1.547902,0
57.979463,2.413576,0
57.981254,1.790889,0
57.983420,2.165630,0
57.984950,1.530312,0
57.987006,2.056418,0
57.989168,2.161553,0
57.991583,2.415060,0
57.993338,1.754696,0
57.995188,1.849762,0
57.997095,1.907614,0
57.998943,1.847689,0
58.001474,2.530755,0
58.003428,1.954840,0
58.005083,1.654550,0
58.007070,1.987270,0
58.009470,2.399851,0
58.011160,1.690284,0
58.013475,2.314914,0
58.015056,1.580624,0
58.016840,1.784149,0
58.018995,2.154902,0
58.021028,2.032701,0
58.023220,2.192727,0
58.025241,2.020462,0
58.027236,1.995120,0
58.029205,1.968822,0
58.031061,1.856119,0
58.033520,2.459399,0
58.035103,1.582776,0
58.037083,1.979555,0
58.039197,2.114709,0
58.041329,2.131639,0
58.043391,2.061640,0
58.045030,1.639088,0
58.046859,1.829199,0
58.048870,2.011040,0
58.051055,2.185404,0
58.052801,1.745122,0
58.055241,2.440682,0
58.057106,1.864354,0
58.059247,2.140964,0
58.061630,2.383171,0
58.063483,1.853077,0
58.065157,1.674214,0
58.067024,1.866848,0
58.069249,2.225197,0
58.071158,1.908561,0
58.073502,2.344219,0
58.075350,1.847879,0
58.077094,1.743871,0
58.079158,2.064176,0
58.081246,2.088369,0
58.083195,1.948953,0
58.085823,2.628200,0
58.088264,2.441013,0
58.089700,1.435760,0
58.091482,1.782202,0
58.094688,3.206016,1
58.095242,0.553931,0
58.096935,1.692699,0
58.099011,2.075674,0
58.101107,2.095973,0
58.103294,2.187478,0
58.105098,1.803775,0
58.107070,1.972283,0
58.109268,2.198416,0
58.111497,2.228580,0
58.113322,1.825279,0
58.115493,2.171082,0
58.116968,1.474621,0
58.119289,2.321357,0
58.121158,1.868770,0
58.123150,1.991652,0
58.125463,2.312993,0
58.127118,1.655512,0
58.129522,2.403613,0
58.131208,1.686111,0
58.133575,2.367229,0
58.135148,1.573065,0
58.136926,1.778005,0
58.139275,2.348786,0
58.141101,1.826227,0
58.143268,2.166594,0
58.145148,1.879821,0
58.147131,1.983560,0
58.149272,2.140781,0
58.151157,1.885176,0
58.153305,2.147461,0
58.155383,2.078403,0
58.156964,1.581095,0
58.159173,2.209162,0
58.161335,2.161901,0
58.163387,2.051618,0
58.165067,1.680003,0
58.167164,2.097303,0
58.169502,2.337953,0
58.171466,1.963319,0
58.173447,1.981287,0
58.175186,1.739144,0
58.177000,1.813867,0
58.179188,2.187682,0
58.181272,2.084636,0
58.183450,2.177794,0
58.185242,1.792127,0
58.187057,1.814683,0
58.189422,2.364995,0
58.191440,2.018498,0
58.193523,2.082627,0
58.195091,1.568295,0
58.196981,1.890244,0
58.199276,2.294363,0
58.201315,2.039155,0
58.203453,2.138229,0
58.205322,1.869327,0
58.206897,1.574451,0
58.208806,1.908585,0
58.211029,2.223368,0
58.213014,1.984847,0
58.214920,1.905843,0
58.216956,2.036051,0
58.219428,2.472617,0
58.221391,1.962726,0
58.223500,2.108896,0
58.225170,1.669819,0
58.227005,1.835379,0
58.229202,2.197176,0
58.231528,2.325742,0
58.233490,1.962117,0
58.234860,1.369513,0
58.236955,2.094961,0
58.239332,2.377807,0
58.241185,1.853019,0
58.243598,2.413047,0
58.245320,1.721166,0
58.247085,1.765633,0
58.249142,2.056293,0
58.251173,2.031061,0
58.253229,2.056669,0
58.255202,1.972786,0
58.256896,1.693689,0
58.259304,2.408030,0
58.261464,2.160512,0
58.263477,2.012756,0
58.265625,2.148141,0
58.266998,1.373170,0
58.269168,2.169903,0
58.271146,1.977534,0
58.273608,2.461792,0
58.275235,1.627310,0
58.277104,1.868837,0
58.279394,2.290643,0
58.281252,1.857652,0
58.283376,2.123745,0
58.285272,1.896626,0
58.286981,1.708650,0
58.289279,2.297724,0
58.291084,1.805331,0
58.293388,2.303941,0
58.295459,2.070754,0
58.296983,1.524658,0
58.299386,2.402668,0
58.301272,1.886120,0
58.303477,2.205244,0
58.305422,1.944087,0
58.307048,1.625958,0
58.309377,2.329308,0
58.311546,2.169365,0
58.313186,1.640265,0
58.315071,1.884649,0
58.316872,1.801057,0
58.318858,1.986067,0
58.320998,2.140140,0
58.322942,1.943785,0
58.325308,2.366142,0
58.327047,1.738355,0
58.329455,2.408803,0
58.331159,1.703358,0
58.333581,2.422099,0
58.335088,1.506702,0
58.337016,1.927886,0
58.339182,2.166576,0
58.341370,2.187846,0
58.343316,1.945622,0
58.345155,1.839861,0
58.347728,2.572751,0
58.348957,1.229007,0
58.351045,2.088245,0
58.353252,2.206342,0
58.355228,1.976139,0
58.356974,1.746194,0
58.359306,2.332095,0
58.361571,2.264348,0
58.363428,1.857847,0
58.365250,1.821126,0
58.367094,1.844585,0
58.369222,2.128141,0
58.371160,1.937382,0
58.373477,2.316963,0
58.375230,1.753811,0
58.377026,1.795463,0
58.379015,1.988945,0
58.381039,2.023788,0
58.383222,2.183116,0
58.385034,1.812281,0
58.387073,2.038658,0
58.389508,2.434939,0
58.391286,1.778080,0
58.393485,2.199548,0
58.395182,1.696716,0
58.397043,1.860963,0
58.399068,2.024652,0
58.401350,2.282362,0
58.403517,2.167161,0
58.405138,1.620561,0
58.407288,2.150061,0
58.409051,1.763478,0
58.411431,2.380279,0
58.413103,1.671520,0
58.415325,2.222539,0
58.417035,1.709307,0
58.419107,2.071960,0
58.421413,2.306524,0
58.423467,2.053482,0
58.425094,1.627288,0
58.427076,1.982283,0
58.429770,2.693175,0
58.431537,1.767960,0
58.434772,3.234052,1
58.435598,0.826534,0
58.436811,1.212706,0
58.439389,2.578488,0
58.441211,1.821632,0
58.443281,2.070155,0
58.445185,1.903791,0
58.447065,1.880238,0
58.449258,2.193224,0
58.451301,2.042693,0
58.453298,1.996611,0
58.455128,1.830616,0
58.457022,1.893957,0
58.459388,2.365783,0
58.461240,1.852026,0
58.463525,2.285196,0
58.465098,1.572748,0
58.467009,1.911216,0
58.469151,2.141451,0
58.471008,1.857884,0
58.473259,2.250124,0
58.475067,1.808438,0
58.476968,1.900835,0
58.479168,2.200030,0
58.481472,2.304421,0
58.483701,2.229119,0
58.485249,1.547316,0
58.487019,1.770050,0
58.489239,2.220080,0
58.491162,1.923105,0
58.493333,2.170967,0
58.495207,1.873778,0
58.497056,1.848833,0
58.499114,2.058606,0
58.501372,2.258187,0
58.503545,2.172229,0
58.505172,1.627686,0
58.507071,1.898295,0
58.509347,2.276071,0
58.511489,2.142595,0
58.513380,1.891193,0
58.515193,1.812306,0
58.517104,1.911417,0
58.519181,2.076387,0
58.521361,2.180709,0
58.523402,2.040336,0
58.525123,1.721783,0
58.527011,1.887184,0
58.528951,1.940911,0
58.531223,2.271449,0
58.533783,2.559867,0
58.535515,1.732188,0
58.537032,1.517166,0
58.539426,2.393865,0
58.541267,1.840578,0
58.543388,2.121691,0
58.545271,1.882757,0
58.547080,1.809448,0
58.549530,2.449725,0
58.551315,1.784453,0
58.553104,1.789312,0
58.555116,2.011747,0
58.557031,1.915624,0
58.559297,2.266002,0
58.561350,2.052856,0
58.563628,2.277633,0
58.565377,1.748810,0
58.567158,1.781841,0
58.569164,2.005752,0
58.571160,1.995549,0
58.573433,2.273640,0
58.575144,1.710887,0
58.577044,1.899907,0
58.579438,2.393399,0
58.581477,2.039395,0
58.583605,2.128092,0
58.585244,1.638511,0
58.587287,2.042898,0
58.589445,2.158860,0
58.591165,1.719277,0
58.593447,2.282523,0
58.595390,1.942849,0
58.597249,1.859304,0
58.599429,2.179677,0
58.601106,1.676845,0
58.603477,2.370927,0
58.605378,1.901541,0
58.607031,1.652923,0
58.609404,2.372418,0
58.611481,2.077303,0
58.613237,1.755883,0
58.615125,1.888361,0
58.617075,1.949403,0
58.619171,2.096017,0
58.620870,1.699729,0
58.623433,2.562351,0
58.625284,1.851130,0
58.627024,1.740605,0
58.629115,2.090940,0
58.631150,2.034919,0
58.633387,2.236717,0
58.635159,1.772105,0
58.637079,1.919487,0
58.639156,2.077159,0
58.641150,1.993827,0
58.643163,2.013511,0
58.645184,2.021055,0
58.647200,2.015788,0
58.649277,2.077381,0
58.651340,2.063021,0
58.653426,2.085233,0
58.654857,1.431556,0
58.657059,2.201548,0
58.659433,2.374628,0
58.661420,1.987171,0
58.663446,2.025626,0
58.664931,1.484475,0
58.666858,1.927123,0
58.668885,2.027381,0
58.670669,1.784070,0
58.673024,2.354781,0
58.674959,1.934570,0
58.676942,1.983534,0
58.679083,2.140510,0
58.681170,2.087707,0
58.683110,1.939746,0
58.684866,1.756192,0
58.686778,1.912128,0
58.688843,2.064380,0
58.691057,2.213821,0
58.693233,2.176585,0
58.695466,2.232875,0
58.697250,1.783719,0
58.699496,2.245882,0
58.701023,1.527850,0
58.703055,2.031160,0
58.704907,1.852573,0
58.706981,2.073887,0
58.709050,2.068593,0
58.711435,2.384933,0
58.713302,1.867596,0
58.715162,1.859865,0
58.717100,1.937992,0
58.719451,2.350817,0
58.721177,1.726400,0
58.723222,2.044955,0
58.725322,2.100039,0
58.727252,1.929885,0
58.729217,1.964780,0
58.731330,2.113452,0
58.733081,1.750728,0
58.735007,1.926161,0
58.736994,1.986897,0
58.739182,2.187470,0
58.741308,2.126198,0
58.743231,1.923065,0
58.745381,2.150456,0
58.747111,1.729182,0
58.749185,2.074906,0
58.751225,2.039334,0
58.753314,2.088880,0
58.755083,1.769187,0
58.756966,1.883471,0
58.759118,2.151894,0
58.761371,2.252794,0
58.763393,2.021962,0
58.765153,1.760029,0
58.766943,1.789974,0
58.769126,2.182720,0
58.771399,2.273454,0
58.773618,2.219279,0
58.775404,1.785522,0
58.777046,1.642431,0
58.779351,2.304229,0
58.781434,2.083146,0
58.783468,2.034440,0
58.785353,1.884780,0
58.786947,1.593897,0
58.789251,2.304327,0
58.790985,1.733607,0
58.792754,1.769119,0
58.794677,1.922688,0
58.796794,2.116981,0
58.798968,2.174129,0
58.801090,2.121973,0
58.803115,2.025156,0
58.805082,1.967151,0
58.807032,1.950114,0
58.809080,2.047856,0
58.811178,2.098327,0
58.813047,1.869014,0
58.815046,1.998927,0
58.816868,1.821827,0
58.818942,2.073811,0
58.820858,1.916384,0
58.822779,1.920360,0
58.825267,2.488422,0
58.827720,2.452910,0
58.829559,1.838889,0
58.831340,1.781225,0
58.833306,1.965554,0
58.834991,1.685616,0
58.836914,1.922559,0
58.839067,2.152876,0
58.841225,2.158501,0
58.843342,2.116851,0
58.845066,1.723910,0
58.846899,1.833345,0
58.849149,2.249265,0
58.850931,1.781985,0
58.853165,2.234870,0
58.855250,2.084446,0
58.856935,1.685362,0
58.859052,2.116376,0
58.861339,2.287420,0
58.863119,1.779787,0
58.865067,1.948071,0
58.866695,1.627758,0
58.869143,2.448237,0
58.870947,1.803971,0
58.873556,2.609452,0
58.875315,1.759186,0
58.876967,1.651788,0
58.879266,2.298444,0
58.881111,1.845613,0
58.883250,2.138817,0
58.885097,1.847042,0
58.887108,2.010658,0
58.888970,1.861876,0
58.890971,2.001623,0
58.893551,2.579859,0
58.895346,1.794769,0
58.897677,2.330633,0
58.899282,1.605256,0
58.901306,2.024587,0
58.903063,1.756682,0
58.904802,1.739234,0
58.906830,2.027960,0
58.909115,2.284995,0
58.911130,2.014986,0
58.913129,1.999094,0
58.915270,2.140797,0
58.916962,1.692343,0
58.919244,2.281324,0
58.921392,2.148329,0
58.923379,1.986744,0
58.924989,1.609828,0
58.927108,2.118988,0
58.929088,1.980393,0
58.931071,1.982398,0
58.933506,2.435742,0
58.935173,1.667157,0
58.936965,1.791465,0
58.939103,2.138568,0
58.941064,1.960383,0
58.943345,2.280823,0
58.945350,2.005525,0
58.946838,1.487511,0
58.948871,2.032926,0
58.951028,2.157754,0
58.953345,2.317083,0
58.955422,2.076956,0
58.956929,1.506819,0
58.959131,2.201876,0
58.961108,1.976650,0
58.962975,1.867039,0
58.964839,1.864399,0
58.966771,1.931674,0
58.968873,2.102480,0
58.971008,2.134368,0
58.973403,2.395546,0
58.974972,1.569092,0
58.976817,1.844603,0
58.979062,2.244913,0
58.981235,2.173214,0
58.983087,1.851551,0
58.985040,1.953218,0
58.986919,1.879400,0
58.989048,2.129021,0
58.991210,2.161738,0
58.993215,2.005119,0
58.995058,1.842525,0
58.996940,1.882261,0
58.999179,2.239024,0
59.001274,2.095362,0
59.003385,2.110994,0
59.005264,1.878580,0
59.006963,1.699082,0
59.009126,2.162972,0
59.011560,2.434315,0
59.013607,2.046994,0
59.014935,1.327551,0
59.016964,2.029225,0
59.019030,2.066042,0
59.021070,2.040449,0
59.023125,2.054404,0
59.025183,2.058399,0
59.026807,1.623932,0
59.028785,1.977523,0
59.031028,2.242965,0
59.033528,2.500350,0
59.035064,1.536169,0
59.036940,1.875504,0
59.038983,2.043182,0
59.041026,2.042832,0
59.043233,2.206901,0
59.045268,2.034980,0
59.046814,1.546184,0
59.048764,1.949887,0
59.051051,2.287695,0
59.053206,2.154848,0
59.055075,1.868677,0
59.056994,1.918794,0
59.059047,2.053249,0
59.061327,2.279577,0
59.063200,1.872986,0
59.064948,1.748444,0
59.066979,2.030727,0
59.069297,2.318055,0
59.071026,1.729346,0
59.073377,2.351069,0
59.075032,1.654963,0
59.076981,1.948621,0
59.079074,2.093378,0
59.081039,1.964437,0
59.083350,2.311466,0
59.085055,1.705351,0
59.086951,1.895193,0
59.089146,2.195785,0
59.091025,1.878391,0
59.093280,2.255241,0
59.094984,1.703690,0
59.097709,2.725493,0
59.099155,1.445704,0
59.101208,2.053170,0
59.103329,2.120763,0
59.105043,1.714471,0
59.106858,1.815130,0
59.109259,2.400635,0
59.111096,1.837090,0
59.113445,2.349004,0
59.115026,1.580756,0
59.116993,1.967158,0
59.119070,2.077295,0
59.121167,2.096323,0
59.123178,2.011659,0
59.125063,1.884172,0
59.127085,2.022150,0
59.128976,1.891837,0
59.130973,1.996630,0
59.133377,2.403707,0
59.135048,1.670788,0
59.137011,1.963524,0
59.139438,2.427263,0
59.141108,1.669947,0
59.143452,2.343598,0
59.145336,1.884329,0
59.146785,1.449211,0
59.148796,2.010167,0
59.151208,2.412677,0
59.153462,2.253978,0
59.155114,1.651865,0
59.157139,2.025286,0
59.159268,2.128388,0
59.161342,2.074057,0
59.163308,1.965911,0
59.165038,1.730180,0
59.166936,1.898101,0
59.169038,2.101539,0
59.171106,2.068174,0
59.173299,2.193604,0
59.175099,1.799968,0
59.176854,1.754952,0
59.179262,2.407984,0
59.181054,1.791819,0
59.183388,2.333383,0
59.185419,2.031254,0
59.186914,1.495592,0
59.189255,2.340297,0
59.191035,1.780824,0
59.193330,2.294078,0
59.195043,1.713069,0
59.196907,1.864640,0
59.199293,2.385246,0
59.201236,1.943118,0
59.203312,2.076141,0
59.205269,1.957521,0
59.206998,1.728340,0
59.209091,2.092894,0
59.211314,2.223391,0
59.213401,2.086829,0
59.215019,1.618669,0
59.216958,1.938752,0
59.219257,2.298809,0
59.221130,1.872630,0
59.223126,1.996063,0
59.225131,2.004914,0
59.226827,1.696267,0
59.229348,2.521249,0
59.230890,1.542386,0
59.233150,2.259730,0
59.234821,1.671007,0
59.236897,2.075413,0
59.239082,2.185436,0
59.240997,1.915034,0
59.242878,1.881001,0
59.244912,2.034243,0
59.246788,1.875866,0
59.249176,2.387875,0
59.251295,2.118911,0
59.253471,2.175554,0
59.255099,1.628744,0
59.256958,1.858372,0
59.259288,2.330107,0
59.261117,1.828844,0
59.263245,2.128288,0
59.264885,1.639621,0
59.266949,2.064662,0
59.268958,2.008367,0
59.271231,2.273629,0
59.273354,2.123247,0
59.275219,1.864064,0
59.276972,1.753730,0
59.278993,2.020848,0
59.281228,2.234994,0
59.283340,2.111706,0
59.285037,1.697074,0
59.286890,1.852767,0
59.289302,2.411930,0
59.290979,1.677479,0
59.293501,2.521610,0
59.295152,1.651648,0
59.297170,2.018152,0
59.299363,2.192709,0
59.301078,1.714414,0
59.303363,2.285067,0
59.305152,1.788897,0
59.306953,1.801474,0
59.308938,1.984875,0
59.311326,2.388483,0
59.313122,1.795456,0
59.315061,1.939530,0
59.316867,1.805702,0
59.319027,2.160352,0
59.321330,2.302905,0
59.323336,2.005624,0
59.325052,1.715829,0
59.326996,1.944141,0
59.329262,2.265732,0
59.331125,1.863281,0
59.333487,2.361621,0
59.335123,1.636337,0
59.337003,1.880390,0
59.339283,2.280037,0
59.341428,2.144870,0
59.343775,2.347267,0
59.345323,1.547273,0
59.346934,1.611574,0
59.349371,2.437047,0
59.351372,2.001091,0
59.353507,2.134672,0
59.355131,1.623574,0
59.356930,1.798946,0
59.358868,1.938090,0
59.361533,2.665136,0
59.363498,1.965527,0
59.365124,1.625741,0
59.366855,1.730574,0
59.368991,2.136119,0
59.371016,2.024909,0
59.372856,1.839986,0
59.374987,2.131180,0
59.376806,1.818809,0
59.379203,2.397672,0
59.380966,1.762303,0
59.383231,2.265768,0
59.385015,1.783297,0
59.387009,1.994108,0
59.389296,2.287416,0
59.391123,1.826796,0
59.393548,2.425044,0
59.395313,1.765387,0
59.397048,1.734235,0
59.399672,2.624658,0
59.400938,1.265139,0
59.403261,2.323158,0
59.404913,1.652064,0
59.406830,1.917126,0
59.409099,2.269398,0
59.411355,2.255940,0
59.413455,2.099539,0
59.415040,1.584893,0
59.416952,1.912468,0
59.418975,2.022868,0
59.421208,2.233491,0
59.423310,2.101369,0
59.425022,1.711895,0
59.427935,2.912945,0
59.429316,1.381403,0
59.430963,1.646974,0
59.433021,2.057668,0
59.434806,1.785488,0
59.436792,1.986132,0
59.438900,2.108153,0
59.441100,2.199596,0
59.443215,2.115087,0
59.445431,2.215953,0
59.447131,1.699472,0
59.449458,2.326973,0
59.451232,1.774167,0
59.453059,1.827216,0
59.455217,2.157703,0
59.457092,1.875784,0
59.459209,2.117048,0
59.461511,2.301144,0
59.463660,2.149780,0
59.465100,1.439873,0
59.467059,1.959126,0
59.469265,2.205886,0
59.471140,1.874610,0
59.473535,2.395521,0
59.475434,1.898397,0
59.477116,1.682368,0
59.479489,2.372448,0
59.481428,1.939385,0
59.483399,1.970967,0
59.485201,1.802432,0
59.487012,1.810203,0
59.489202,2.190530,0
59.491146,1.943402,0
59.493330,2.184055,0
59.495362,2.032666,0
59.497030,1.668178,0
59.499204,2.173053,0
59.501374,2.169999,0
59.503522,2.148737,0
59.505139,1.616355,0
59.507066,1.927541,0
59.509180,2.113972,0
59.511527,2.346608,0
59.513551,2.024211,0
59.515157,1.606360,0
59.517300,2.142973,0
59.519220,1.919257,0
59.521184,1.964569,0
59.523752,2.567539,0
59.525466,1.714091,0
59.527991,2.525386,0
59.529482,1.490630,0
59.531359,1.877691,0
59.533740,2.381019,0
59.535242,1.502047,0
59.536968,1.725374,0
59.539237,2.269162,0
59.541191,1.954107,0
59.543559,2.367451,0
59.545541,1.982573,0
59.547301,1.759911,0
59.549107,1.805718,0
59.551501,2.394132,0
59.553265,1.764511,0
59.554804,1.538310,0
59.556975,2.170897,0
59.559220,2.245159,0
59.561168,1.948672,0
59.563141,1.972130,0
59.565427,2.286794,0
59.567138,1.710502,0
59.569526,2.387923,0
59.571502,1.976046,0
59.573652,2.150012,0
59.575375,1.723141,0
59.577030,1.654783,0
59.579435,2.405656,0
59.581356,1.920572,0
59.583489,2.133399,0
59.585251,1.762018,0
59.586982,1.730612,0
59.589183,2.200566,0
59.591155,1.972441,0
59.593278,2.123128,0
59.595056,1.777504,0
59.597097,2.041219,0
59.599496,2.399412,0
59.601155,1.659074,0
59.603639,2.483913,0
59.605100,1.460469,0
59.606995,1.895674,0
59.609096,2.100480,0
59.611571,2.475343,0
59.613379,1.807478,0
59.615209,1.830472,0
59.617004,1.795152,0
59.619339,2.334384,0
59.621204,1.865011,0
59.623484,2.280626,0
59.625228,1.743752,0
59.626878,1.649722,0
59.629239,2.360723,0
59.631074,1.834900,0
59.633276,2.202553,0
59.634790,1.514364,0
59.636755,1.964707,0
59.638708,1.952766,0
59.640760,2.052067,0
59.642981,2.220818,0
59.645149,2.168504,0
59.647037,1.888177,0
59.649192,2.154910,0
59.651291,2.098597,0
59.653450,2.159348,0
59.655117,1.666692,0
59.657001,1.883815,0
59.658990,1.989327,0
59.661264,2.273994,0
59.663244,1.980005,0
59.665204,1.959858,0
59.666975,1.770853,0
59.669540,2.564678,0
59.671263,1.723047,0
59.673617,2.354754,0
59.675163,1.545297,0
59.677105,1.942802,0
59.679217,2.111948,0
59.681324,2.106933,0
59.683490,2.165815,0
59.685220,1.729495,0
59.687070,1.850622,0
59.689382,2.311715,0
59.691109,1.726637,0
59.693353,2.244469,0
59.695234,1.881054,0
59.697123,1.889319,0
59.699712,2.588101,0
59.701404,1.692098,0
59.703970,2.566185,0
59.705649,1.679037,0
59.706966,1.316748,0
59.709148,2.182475,0
59.711200,2.051527,0
59.713289,2.089112,0
59.715143,1.854429,0
59.717069,1.925396,0
59.719289,2.220340,0
59.721184,1.895259,0
59.723590,2.405927,0
59.725408,1.817932,0
59.727281,1.873251,0
59.729323,2.041803,0
59.731191,1.868116,0
59.733336,2.145215,0
59.734940,1.603705,0
59.736965,2.025132,0
59.739323,2.357901,0
59.741077,1.754152,0
59.743227,2.149563,0
59.745169,1.941676,0
59.747057,1.888271,0
59.749408,2.351472,0
59.751148,1.739612,0
59.753400,2.251940,0
59.755109,1.708982,0
59.757048,1.939629,0
59.759345,2.296424,0
59.761480,2.134949,0
59.763556,2.076333,0
59.765159,1.602838,0
59.767092,1.933393,0
59.769176,2.084097,0
59.771210,2.033990,0
59.773494,2.283926,0
59.775196,1.701966,0
59.776977,1.780768,0
59.779165,2.188309,0
59.781086,1.920994,0
59.783186,2.099112,0
59.785289,2.103218,0
59.787131,1.842437,0
59.789534,2.402369,0
59.791243,1.709574,0
59.793673,2.429776,0
59.795226,1.553550,0
59.797355,2.128111,0
59.799277,1.922572,0
59.801165,1.887757,0
59.803426,2.260696,0
59.805108,1.682613,0
59.807086,1.977780,0
59.809361,2.275360,0
59.811341,1.979913,0
59.813150,1.808270,0
59.815166,2.016732,0
59.817020,1.853716,0
59.819267,2.246884,0
59.821241,1.974409,0
59.823338,2.097181,0
59.825136,1.797901,0
59.827028,1.891852,0
59.829162,2.133438,0
59.831311,2.149564,0
59.833525,2.214112,0
59.834949,1.423591,0
59.836970,2.020906,0
59.839195,2.225471,0
59.841203,2.007555,0
59.843434,2.231204,0
59.845218,1.783832,0
59.847056,1.838059,0
59.849255,2.198822,0
59.851186,1.930829,0
59.853354,2.167997,0
59.855178,1.824916,0
59.857025,1.846938,0
59.859372,2.346629,0
59.861433,2.061189,0
59.863049,1.615353,0
59.865203,2.154287,0
59.866943,1.739781,0
59.869212,2.269135,0
59.871121,1.909311,0
59.872966,1.845288,0
59.875327,2.360624,0
59.876993,1.666451,0
59.879487,2.493696,0
59.881195,1.707488,0
59.883309,2.114822,0
59.885220,1.910551,0
59.887030,1.810094,0
59.889330,2.300071,0
59.891152,1.821386,0
59.893273,2.121142,0
59.895021,1.748309,0
59.897054,2.033271,0
59.899175,2.120912,0
59.901410,2.235259,0
59.903488,2.077823,0
59.905264,1.775834,0
59.907069,1.805257,0
59.909531,2.461872,0
59.911528,1.996452,0
59.912972,1.444154,0
59.915095,2.123538,0
59.916940,1.844601,0
59.919299,2.359430,0
59.921008,1.708940,0
59.923551,2.542568,0
59.925278,1.727255,0
59.927040,1.761295,0
59.929486,2.446440,0
59.931268,1.782449,0
59.933447,2.178428,0
59.935370,1.923181,0
59.937117,1.746638,0
59.939332,2.215640,0
59.941229,1.896251,0
59.943511,2.282946,0
59.945195,1.683604,0
59.947595,2.400133,0
59.949300,1.705096,0
59.951142,1.841442,0
59.953361,2.219588,0
59.955109,1.747583,0
59.957062,1.953398,0
59.959196,2.133603,0
59.961317,2.120900,0
59.963528,2.211488,0
59.965210,1.681976,0
59.967061,1.850556,0
59.969569,2.507968,0
59.971381,1.811788,0
59.973404,2.023819,0
59.975192,1.787756,0
59.977090,1.897846,0
59.979224,2.133521,0
59.981222,1.998246,0
59.983218,1.996294,0
59.985218,1.999907,0
59.987009,1.791387,0
59.989309,2.299967,0
59.991178,1.868332,0
59.993327,2.149551,0
59.995187,1.859494,0
59.997109,1.922381,0
59.999427,2.317531,0
60.001438,2.011683,0
