t_sys,force_FR,force_est_FR,force_FL,force_est_FL,force_RR,force_est_RR,force_RL,force_est_RL
4966.333108,104,0,112,0,133,0,132,0
4966.334740,104,0,112,0,133,0,132,0
4966.337146,104,0,112,0,133,0,132,0
4966.338838,104,0,112,0,133,0,132,0
4966.340799,104,0,112,0,133,0,132,0
4966.342868,104,0,112,0,133,0,132,0
4966.344869,104,0,112,0,133,0,132,0
4966.346795,104,0,112,0,133,0,132,0
4966.348747,104,0,112,0,133,0,132,0
4966.350955,104,0,112,0,133,0,132,0
4966.352813,104,0,112,0,133,0,132,0
4966.354970,104,0,112,0,133,0,132,0
4966.356978,104,0,112,0,133,0,132,0
4966.358985,104,0,112,0,133,0,132,0
4966.361037,104,0,112,0,133,0,132,0
4966.363034,104,0,112,0,133,0,132,0
4966.365036,104,0,112,0,133,0,132,0
4966.367137,104,0,112,0,133,0,132,0
4966.369304,104,0,112,0,133,0,132,0
4966.371298,104,0,112,0,133,0,132,0
4966.373470,104,0,112,0,133,0,132,0
4966.375199,104,0,112,0,133,0,132,0
4966.377106,104,0,112,0,133,0,132,0
4966.379295,104,0,112,0,133,0,132,0
4966.381314,104,0,112,0,133,0,132,0
4966.383255,104,0,112,0,133,0,132,0
4966.385256,104,0,112,0,133,0,132,0
4966.387254,104,0,112,0,133,0,132,0
4966.389271,104,0,112,0,133,0,132,0
4966.391282,104,0,112,0,133,0,132,0
4966.393267,104,0,112,0,133,0,132,0
4966.395337,104,0,112,0,133,0,132,0
4966.397359,104,0,112,0,133,0,132,0
4966.399333,104,0,112,0,133,0,132,0
4966.401322,104,0,112,0,133,0,132,0
4966.403240,104,0,112,0,133,0,132,0
4966.405255,104,0,112,0,133,0,132,0
4966.407303,104,0,112,0,133,0,132,0
4966.409252,104,0,112,0,133,0,132,0
4966.411029,104,0,112,0,133,0,132,0
4966.413312,104,0,112,0,133,0,132,0
4966.415286,104,0,112,0,133,0,132,0
4966.417340,104,0,112,0,133,0,132,0
4966.419335,104,0,112,0,133,0,132,0
4966.421325,104,0,112,0,133,0,132,0
4966.423289,104,0,112,0,133,0,132,0
4966.425273,104,0,112,0,133,0,132,0
4966.427251,104,0,112,0,133,0,132,0
4966.429201,104,0,112,0,133,0,132,0
4966.431288,104,0,112,0,133,0,132,0
4966.433305,104,0,112,0,133,0,132,0
4966.435300,104,0,112,0,133,0,132,0
4966.437307,104,0,112,0,133,0,132,0
4966.439291,104,0,112,0,133,0,132,0
4966.441314,104,0,112,0,133,0,132,0
4966.443228,104,0,112,0,133,0,132,0
4966.445027,104,0,112,0,133,0,132,0
4966.447391,104,0,112,0,133,0,132,0
4966.449341,104,0,112,0,133,0,132,0
4966.451332,104,0,112,0,133,0,132,0
4966.453407,104,0,112,0,133,0,132,0
4966.455305,104,0,112,0,133,0,132,0
4966.457321,104,0,112,0,133,0,132,0
4966.459319,104,0,112,0,133,0,132,0
4966.461225,104,0,112,0,133,0,132,0
4966.463297,104,0,112,0,133,0,132,0
4966.465177,104,0,112,0,133,0,132,0
4966.467385,104,0,112,0,133,0,132,0
4966.469345,104,0,112,0,133,0,132,0
4966.471326,104,0,112,0,133,0,132,0
4966.473364,104,0,112,0,133,0,132,0
4966.475339,104,0,112,0,133,0,132,0
4966.477324,104,0,112,0,133,0,132,0
4966.479217,104,0,112,0,133,0,132,0
4966.481333,104,0,112,0,133,0,132,0
4966.483124,104,0,112,0,133,0,132,0
4966.485307,104,0,112,0,133,0,132,0
4966.487384,104,0,112,0,133,0,132,0
4966.489328,104,0,112,0,133,0,132,0
4966.491322,104,0,112,0,133,0,132,0
4966.493332,104,0,112,0,133,0,132,0
4966.495290,104,0,112,0,133,0,132,0
4966.497224,104,0,112,0,133,0,132,0
4966.499289,104,0,112,0,133,0,132,0
4966.501272,104,0,112,0,133,0,132,0
4966.503292,104,0,112,0,133,0,132,0
4966.505274,104,0,112,0,133,0,132,0
4966.507127,104,0,112,0,133,0,132,0
4966.509276,104,0,112,0,133,0,132,0
4966.511266,104,0,112,0,133,0,132,0
4966.513319,104,0,112,0,133,0,132,0
4966.515294,104,0,112,0,133,0,132,0
4966.517318,104,0,112,0,133,0,132,0
4966.519279,104,0,112,0,133,0,132,0
4966.521282,104,0,112,0,133,0,132,0
4966.523314,104,0,112,0,133,0,132,0
4966.525276,104,0,112,0,133,0,132,0
4966.527287,104,0,112,0,133,0,132,0
4966.529319,104,0,112,0,133,0,132,0
4966.531234,104,0,112,0,133,0,132,0
4966.533332,104,0,112,0,133,0,132,0
4966.535325,104,0,112,0,133,0,132,0
4966.537403,104,0,112,0,133,0,132,0
4966.539129,104,0,112,0,133,0,132,0
4966.541289,104,0,112,0,133,0,132,0
4966.543315,104,0,112,0,133,0,132,0
4966.545359,104,0,112,0,133,0,132,0
4966.547396,104,0,112,0,133,0,132,0
4966.549374,104,0,112,0,133,0,132,0
4966.551250,104,0,112,0,133,0,132,0
4966.553249,104,0,112,0,133,0,132,0
4966.555214,104,0,112,0,133,0,132,0
4966.557304,104,0,112,0,133,0,132,0
4966.559290,104,0,112,0,133,0,132,0
4966.561148,104,0,112,0,133,0,132,0
4966.563305,104,0,112,0,133,0,132,0
4966.565321,104,0,112,0,133,0,132,0
4966.567360,104,0,112,0,133,0,132,0
4966.569299,104,0,112,0,133,0,132,0
4966.571318,104,0,112,0,133,0,132,0
4966.573231,104,0,112,0,133,0,132,0
4966.575020,104,0,112,0,133,0,132,0
4966.577329,104,0,112,0,133,0,132,0
4966.579310,104,0,112,0,133,0,132,0
4966.581325,104,0,112,0,133,0,132,0
4966.583347,104,0,112,0,133,0,132,0
4966.585299,104,0,112,0,133,0,132,0
4966.587382,104,0,112,0,133,0,132,0
4966.589313,104,0,112,0,133,0,132,0
4966.591219,104,0,112,0,133,0,132,0
4966.593310,104,0,112,0,133,0,132,0
4966.595305,104,0,112,0,133,0,132,0
4966.597330,104,0,112,0,133,0,132,0
4966.599307,104,0,112,0,133,0,132,0
4966.601357,104,0,112,0,133,0,132,0
4966.603318,104,0,112,0,133,0,132,0
4966.605343,104,0,112,0,133,0,132,0
4966.607362,104,0,112,0,133,0,132,0
4966.609239,104,0,112,0,133,0,132,0
4966.611321,104,0,112,0,133,0,132,0
4966.613361,104,0,112,0,133,0,132,0
4966.615349,104,0,112,0,133,0,132,0
4966.617446,104,0,112,0,133,0,132,0
4966.619353,104,0,112,0,133,0,132,0
4966.621363,104,0,112,0,133,0,132,0
4966.623649,104,0,112,0,133,0,132,0
4966.625347,104,0,112,0,133,0,132,0
4966.627366,104,0,112,0,133,0,132,0
4966.629123,104,0,112,0,133,0,132,0
4966.631288,104,0,112,0,133,0,132,0
4966.633232,104,0,112,0,133,0,132,0
4966.635213,104,0,112,0,133,0,132,0
4966.637313,104,0,112,0,133,0,132,0
4966.639438,104,0,112,0,133,0,132,0
4966.641185,104,0,112,0,133,0,132,0
4966.643078,104,0,112,0,133,0,132,0
4966.645303,104,0,112,0,133,0,132,0
4966.647299,104,0,112,0,133,0,132,0
4966.649270,104,0,112,0,133,0,132,0
4966.651281,104,0,112,0,133,0,132,0
4966.653299,104,0,112,0,133,0,132,0
4966.655199,104,0,112,0,133,0,132,0
4966.657225,104,0,112,0,133,0,132,0
4966.659133,104,0,112,0,133,0,132,0
4966.661315,104,0,112,0,133,0,132,0
4966.663369,104,0,112,0,133,0,132,0
4966.665340,104,0,112,0,133,0,132,0
4966.667406,104,0,112,0,133,0,132,0
4966.669333,104,0,112,0,133,0,132,0
4966.671373,104,0,112,0,133,0,132,0
4966.673432,104,0,112,0,133,0,132,0
4966.675226,104,0,112,0,133,0,132,0
4966.677236,104,0,112,0,133,0,132,0
4966.679089,104,0,112,0,133,0,132,0
4966.681305,104,0,112,0,133,0,132,0
4966.683134,104,0,112,0,133,0,132,0
4966.685300,104,0,112,0,133,0,132,0
4966.687335,104,0,112,0,133,0,132,0
4966.689332,104,0,112,0,133,0,132,0
4966.691338,104,0,112,0,133,0,132,0
4966.693326,104,0,112,0,133,0,132,0
4966.695380,104,0,112,0,133,0,132,0
4966.697374,104,0,112,0,133,0,132,0
4966.698897,104,0,112,0,133,0,132,0
4966.700951,104,0,112,0,133,0,132,0
4966.702901,104,0,112,0,133,0,132,0
4966.704905,104,0,112,0,133,0,132,0
4966.706762,104,0,112,0,133,0,132,0
4966.708964,104,0,112,0,133,0,132,0
4966.710959,104,0,112,0,133,0,132,0
4966.712850,104,0,112,0,133,0,132,0
4966.714996,104,0,112,0,133,0,132,0
4966.717021,104,0,112,0,133,0,132,0
4966.718965,104,0,112,0,133,0,132,0
4966.720961,104,0,112,0,133,0,132,0
4966.722958,104,0,112,0,133,0,132,0
4966.724952,104,0,112,0,133,0,132,0
4966.727044,104,0,112,0,133,0,132,0
4966.729008,104,0,112,0,133,0,132,0
4966.730915,104,0,112,0,133,0,132,0
4966.732919,104,0,112,0,133,0,132,0
4966.734939,104,0,112,0,133,0,132,0
4966.736959,104,0,112,0,133,0,132,0
4966.738904,104,0,112,0,133,0,132,0
4966.740904,104,0,112,0,133,0,132,0
4966.742864,104,0,112,0,133,0,132,0
4966.744899,104,0,112,0,133,0,132,0
4966.746902,104,0,112,0,133,0,132,0
4966.748896,104,0,112,0,133,0,132,0
4966.750970,104,0,112,0,133,0,132,0
4966.752727,104,0,112,0,133,0,132,0
4966.754924,104,0,112,0,133,0,132,0
4966.757026,104,0,112,0,133,0,132,0
4966.758981,104,0,112,0,133,0,132,0
4966.760983,104,0,112,0,133,0,132,0
4966.762964,104,0,112,0,133,0,132,0
4966.764991,104,0,112,0,133,0,132,0
4966.767021,104,0,112,0,133,0,132,0
4966.768978,104,0,112,0,133,0,132,0
4966.770996,104,0,112,0,133,0,132,0
4966.772956,104,0,112,0,133,0,132,0
4966.774934,104,0,112,0,133,0,132,0
4966.776970,104,0,112,0,133,0,132,0
4966.778953,104,0,112,0,133,0,132,0
4966.780947,104,0,112,0,133,0,132,0
4966.782949,104,0,112,0,133,0,132,0
4966.784953,104,0,112,0,133,0,132,0
4966.786975,104,0,112,0,133,0,132,0
4966.788959,104,0,112,0,133,0,132,0
4966.790687,104,0,112,0,133,0,132,0
4966.793017,104,0,112,0,133,0,132,0
4966.794958,104,0,112,0,133,0,132,0
4966.796994,104,0,112,0,133,0,132,0
4966.798851,104,0,112,0,133,0,132,0
4966.800854,104,0,112,0,133,0,132,0
4966.802915,104,0,112,0,133,0,132,0
4966.804870,104,0,112,0,133,0,132,0
4966.806943,104,0,112,0,133,0,132,0
4966.808896,104,0,112,0,133,0,132,0
4966.810994,104,0,112,0,133,0,132,0
4966.812979,104,0,112,0,133,0,132,0
4966.814967,104,0,112,0,133,0,132,0
4966.817009,104,0,112,0,133,0,132,0
4966.818972,104,0,112,0,133,0,132,0
4966.820958,104,0,112,0,133,0,132,0
4966.822981,104,0,112,0,133,0,132,0
4966.825001,104,0,112,0,133,0,132,0
4966.827008,104,0,112,0,133,0,132,0
4966.828983,104,0,112,0,133,0,132,0
4966.830971,104,0,112,0,133,0,132,0
4966.832944,104,0,112,0,133,0,132,0
4966.834903,104,0,112,0,133,0,132,0
4966.836928,104,0,112,0,133,0,132,0
4966.838913,104,0,112,0,133,0,132,0
4966.840902,104,0,112,0,133,0,132,0
4966.842972,104,0,112,0,133,0,132,0
4966.844797,104,0,112,0,133,0,132,0
4966.846947,104,0,112,0,133,0,132,0
4966.848858,104,0,112,0,133,0,132,0
4966.850903,104,0,112,0,133,0,132,0
4966.852932,104,0,112,0,133,0,132,0
4966.854997,104,0,112,0,133,0,132,0
4966.857069,104,0,112,0,133,0,132,0
4966.859002,104,0,112,0,133,0,132,0
4966.860965,104,0,112,0,133,0,132,0
4966.862953,104,0,112,0,133,0,132,0
4966.864962,104,0,112,0,133,0,132,0
4966.866982,104,0,112,0,133,0,132,0
4966.868966,104,0,112,0,133,0,132,0
4966.870962,104,0,112,0,133,0,132,0
4966.872956,104,0,112,0,133,0,132,0
4966.874906,104,0,112,0,133,0,132,0
4966.876926,104,0,112,0,133,0,132,0
4966.878899,104,0,112,0,133,0,132,0
4966.881024,104,0,112,0,133,0,132,0
4966.883047,104,0,112,0,133,0,132,0
4966.885065,104,0,112,0,133,0,132,0
4966.887091,104,0,112,0,133,0,132,0
4966.889059,104,0,112,0,133,0,132,0
4966.890956,104,0,112,0,133,0,132,0
4966.892933,104,0,112,0,133,0,132,0
4966.894960,104,0,112,0,133,0,132,0
4966.896931,104,0,112,0,133,0,132,0
4966.898923,104,0,112,0,133,0,132,0
4966.900963,104,0,112,0,133,0,132,0
4966.902975,104,0,112,0,133,0,132,0
4966.904964,104,0,112,0,133,0,132,0
4966.907021,104,0,112,0,133,0,132,0
4966.908986,104,0,112,0,133,0,132,0
4966.910888,104,0,112,0,133,0,132,0
4966.913017,104,0,112,0,133,0,132,0
4966.915027,104,0,112,0,133,0,132,0
4966.917012,104,0,112,0,133,0,132,0
4966.918974,104,0,112,0,133,0,132,0
4966.921011,104,0,112,0,133,0,132,0
4966.922971,104,0,112,0,133,0,132,0
4966.924964,104,0,112,0,133,0,132,0
4966.926982,104,0,112,0,133,0,132,0
4966.928980,104,0,112,0,133,0,132,0
4966.930943,104,0,112,0,133,0,132,0
4966.932934,104,0,112,0,133,0,132,0
4966.934979,104,0,112,0,133,0,132,0
4966.936868,104,0,112,0,133,0,132,0
4966.938965,104,0,112,0,133,0,132,0
4966.941007,104,0,112,0,133,0,132,0
4966.942980,104,0,112,0,133,0,132,0
4966.944995,104,0,112,0,133,0,132,0
4966.947048,104,0,112,0,133,0,132,0
4966.949018,104,0,112,0,133,0,132,0
4966.950887,104,0,112,0,133,0,132,0
4966.952953,104,0,112,0,133,0,132,0
4966.955015,104,0,112,0,133,0,132,0
4966.957034,104,0,112,0,133,0,132,0
4966.959031,104,0,112,0,133,0,132,0
4966.961019,104,0,112,0,133,0,132,0
4966.963032,104,0,112,0,133,0,132,0
4966.965044,104,0,112,0,133,0,132,0
4966.967022,104,0,112,0,133,0,132,0
4966.968978,104,0,112,0,133,0,132,0
4966.970984,104,0,112,0,133,0,132,0
4966.973196,104,0,112,0,133,0,132,0
4966.974976,104,0,112,0,133,0,132,0
4966.976960,104,0,112,0,133,0,132,0
4966.978925,104,0,112,0,133,0,132,0
4966.980928,104,0,112,0,133,0,132,0
4966.982899,104,0,112,0,133,0,132,0
4966.984928,104,0,112,0,133,0,132,0
4966.986938,104,0,112,0,133,0,132,0
4966.988967,104,0,112,0,133,0,132,0
4966.990951,104,0,112,0,133,0,132,0
4966.992919,104,0,112,0,133,0,132,0
4966.994941,104,0,112,0,133,0,132,0
4966.996973,104,0,112,0,133,0,132,0
4966.998921,104,0,112,0,133,0,132,0
4967.000941,104,0,112,0,133,0,132,0
4967.002775,104,0,112,0,133,0,132,0
4967.004918,104,0,112,0,133,0,132,0
4967.006993,104,0,112,0,133,0,132,0
4967.008961,104,0,112,0,133,0,132,0
4967.010938,104,0,112,0,133,0,132,0
4967.012979,104,0,112,0,133,0,132,0
4967.014943,104,0,112,0,133,0,132,0
4967.016941,104,0,112,0,133,0,132,0
4967.018981,104,0,112,0,133,0,132,0
4967.021033,104,0,112,0,133,0,132,0
4967.022986,104,0,112,0,133,0,132,0
4967.024994,104,0,112,0,133,0,132,0
4967.026967,104,0,112,0,133,0,132,0
4967.028986,104,0,112,0,133,0,132,0
4967.030956,104,0,112,0,133,0,132,0
4967.032947,104,0,112,0,133,0,132,0
4967.034952,104,0,112,0,133,0,132,0
4967.036933,104,0,112,0,133,0,132,0
4967.038916,104,0,112,0,133,0,132,0
4967.040918,104,0,112,0,133,0,132,0
4967.042968,104,0,112,0,133,0,132,0
4967.044997,104,0,112,0,133,0,132,0
4967.046941,104,0,112,0,133,0,132,0
4967.049002,104,0,112,0,133,0,132,0
4967.050984,104,0,112,0,133,0,132,0
4967.053032,104,0,112,0,133,0,132,0
4967.054981,104,0,112,0,133,0,132,0
4967.056973,104,0,112,0,133,0,132,0
4967.058966,104,0,112,0,133,0,132,0
4967.060999,104,0,112,0,133,0,132,0
4967.062968,104,0,112,0,133,0,132,0
4967.064953,104,0,112,0,133,0,132,0
4967.066987,104,0,112,0,133,0,132,0
4967.068957,104,0,112,0,133,0,132,0
4967.071036,104,0,112,0,133,0,132,0
4967.073319,104,0,112,0,133,0,132,0
4967.075045,104,0,112,0,133,0,132,0
4967.077001,104,0,112,0,133,0,132,0
4967.078970,104,0,112,0,133,0,132,0
4967.080983,104,0,112,0,133,0,132,0
4967.082974,104,0,112,0,133,0,132,0
4967.084970,104,0,112,0,133,0,132,0
4967.086906,104,0,112,0,133,0,132,0
4967.088980,104,0,112,0,133,0,132,0
4967.090967,104,0,112,0,133,0,132,0
4967.092970,104,0,112,0,133,0,132,0
4967.094923,104,0,112,0,133,0,132,0
4967.096955,104,0,112,0,133,0,132,0
4967.098946,104,0,112,0,133,0,132,0
4967.100954,104,0,112,0,133,0,132,0
4967.102930,104,0,112,0,133,0,132,0
4967.104959,104,0,112,0,133,0,132,0
4967.106923,104,0,112,0,133,0,132,0
4967.108829,104,0,112,0,133,0,132,0
4967.110990,104,0,112,0,133,0,132,0
4967.112967,104,0,112,0,133,0,132,0
4967.115008,104,0,112,0,133,0,132,0
4967.117040,104,0,112,0,133,0,132,0
4967.119020,104,0,112,0,133,0,132,0
4967.120934,104,0,112,0,133,0,132,0
4967.122997,104,0,112,0,133,0,132,0
4967.125000,104,0,112,0,133,0,132,0
4967.126973,104,0,112,0,133,0,132,0
4967.128931,104,0,112,0,133,0,132,0
4967.130916,104,0,112,0,133,0,132,0
4967.132894,104,0,112,0,133,0,132,0
4967.134905,104,0,112,0,133,0,132,0
4967.136985,104,0,112,0,133,0,132,0
4967.139041,104,0,112,0,133,0,132,0
4967.141064,104,0,112,0,133,0,132,0
4967.143057,104,0,112,0,133,0,132,0
4967.145035,104,0,112,0,133,0,132,0
4967.147080,104,0,112,0,133,0,132,0
4967.148975,104,0,112,0,133,0,132,0
4967.151010,104,0,112,0,133,0,132,0
4967.152973,104,0,112,0,133,0,132,0
4967.154951,104,0,112,0,133,0,132,0
4967.156975,104,0,112,0,133,0,132,0
4967.158980,104,0,112,0,133,0,132,0
4967.160987,104,0,112,0,133,0,132,0
4967.162980,104,0,112,0,133,0,132,0
4967.164986,104,0,112,0,133,0,132,0
4967.167032,104,0,112,0,133,0,132,0
4967.168991,104,0,112,0,133,0,132,0
4967.170921,104,0,112,0,133,0,132,0
4967.173053,104,0,112,0,133,0,132,0
4967.175029,104,0,112,0,133,0,132,0
4967.177037,104,0,112,0,133,0,132,0
4967.179028,104,0,112,0,133,0,132,0
4967.180992,104,0,112,0,133,0,132,0
4967.182974,104,0,112,0,133,0,132,0
4967.185000,104,0,112,0,133,0,132,0
4967.186962,104,0,112,0,133,0,132,0
4967.188958,104,0,112,0,133,0,132,0
4967.190946,104,0,112,0,133,0,132,0
4967.192885,104,0,112,0,133,0,132,0
4967.194965,104,0,112,0,133,0,132,0
4967.196839,104,0,112,0,133,0,132,0
4967.198982,104,0,112,0,133,0,132,0
4967.200961,104,0,112,0,133,0,132,0
4967.202954,104,0,112,0,133,0,132,0
4967.205000,104,0,112,0,133,0,132,0
4967.207114,104,0,112,0,133,0,132,0
4967.208953,104,0,112,0,133,0,132,0
4967.210976,104,0,112,0,133,0,132,0
4967.212960,104,0,112,0,133,0,132,0
4967.214870,104,0,112,0,133,0,132,0
4967.216939,104,0,112,0,133,0,132,0
4967.219006,104,0,112,0,133,0,132,0
4967.221012,104,0,112,0,133,0,132,0
4967.223027,104,0,112,0,133,0,132,0
4967.225016,104,0,112,0,133,0,132,0
4967.227017,104,0,112,0,133,0,132,0
4967.228929,104,0,112,0,133,0,132,0
4967.230952,104,0,112,0,133,0,132,0
4967.232969,104,0,112,0,133,0,132,0
4967.234928,104,0,112,0,133,0,132,0
4967.236963,104,0,112,0,133,0,132,0
4967.239059,104,0,112,0,133,0,132,0
4967.241035,104,0,112,0,133,0,132,0
4967.242997,104,0,112,0,133,0,132,0
4967.244919,104,0,112,0,133,0,132,0
4967.246918,104,0,112,0,133,0,132,0
4967.248951,104,0,112,0,133,0,132,0
4967.251050,104,0,112,0,133,0,132,0
4967.253030,104,0,112,0,133,0,132,0
4967.255017,104,0,112,0,133,0,132,0
4967.257035,104,0,112,0,133,0,132,0
4967.258923,104,0,112,0,133,0,132,0
4967.260954,104,0,112,0,133,0,132,0
4967.262951,104,0,112,0,133,0,132,0
4967.264948,104,0,112,0,133,0,132,0
4967.266981,104,0,112,0,133,0,132,0
4967.268993,104,0,112,0,133,0,132,0
4967.271016,104,0,112,0,133,0,132,0
4967.272983,104,0,112,0,133,0,132,0
4967.275025,104,0,112,0,133,0,132,0
4967.276977,104,0,112,0,133,0,132,0
4967.278931,104,0,112,0,133,0,132,0
4967.281014,104,0,112,0,133,0,132,0
4967.283040,104,0,112,0,133,0,132,0
4967.284981,104,0,112,0,133,0,132,0
4967.286960,104,0,112,0,133,0,132,0
4967.288962,104,0,112,0,133,0,132,0
4967.290980,104,0,112,0,133,0,132,0
4967.292974,104,0,112,0,133,0,132,0
4967.294958,104,0,112,0,133,0,132,0
4967.296921,104,0,112,0,133,0,132,0
4967.298962,104,0,112,0,133,0,132,0
4967.300980,104,0,112,0,133,0,132,0
4967.302969,104,0,112,0,133,0,132,0
4967.305066,104,0,112,0,133,0,132,0
4967.306987,104,0,112,0,133,0,132,0
4967.308928,104,0,112,0,133,0,132,0
4967.310980,104,0,112,0,133,0,132,0
4967.312968,104,0,112,0,133,0,132,0
4967.315029,104,0,112,0,133,0,132,0
4967.316925,104,0,112,0,133,0,132,0
4967.318894,104,0,112,0,133,0,132,0
4967.320914,104,0,112,0,133,0,132,0
4967.323001,104,0,112,0,133,0,132,0
4967.324980,104,0,112,0,133,0,132,0
4967.326700,104,0,112,0,133,0,132,0
4967.328796,104,0,112,0,133,0,132,0
4967.330780,104,0,112,0,133,0,132,0
4967.332729,104,0,112,0,133,0,132,0
4967.334721,104,0,112,0,133,0,132,0
4967.336848,104,0,112,0,133,0,132,0
4967.339049,104,0,112,0,133,0,132,0
4967.340984,104,0,112,0,133,0,132,0
4967.343019,104,0,112,0,133,0,132,0
4967.345074,104,0,112,0,133,0,132,0
4967.347094,104,0,112,0,133,0,132,0
4967.349032,104,0,112,0,133,0,132,0
4967.350988,104,0,112,0,133,0,132,0
4967.353001,104,0,112,0,133,0,132,0
4967.354986,104,0,112,0,133,0,132,0
4967.357056,104,0,112,0,133,0,132,0
4967.358987,104,0,112,0,133,0,132,0
4967.361082,104,0,112,0,133,0,132,0
4967.363025,104,0,112,0,133,0,132,0
4967.365054,104,0,112,0,133,0,132,0
4967.367099,104,0,112,0,133,0,132,0
4967.369017,104,0,112,0,133,0,132,0
4967.371064,104,0,112,0,133,0,132,0
4967.373129,104,0,112,0,133,0,132,0
4967.374972,104,0,112,0,133,0,132,0
4967.377048,104,0,112,0,133,0,132,0
4967.378982,104,0,112,0,133,0,132,0
4967.381021,104,0,112,0,133,0,132,0
4967.383009,104,0,112,0,133,0,132,0
4967.385040,104,0,112,0,133,0,132,0
4967.387038,104,0,112,0,133,0,132,0
4967.389011,104,0,112,0,133,0,132,0
4967.391009,104,0,112,0,133,0,132,0
4967.393052,104,0,112,0,133,0,132,0
4967.395011,104,0,112,0,133,0,132,0
4967.397088,104,0,112,0,133,0,132,0
4967.398998,104,0,112,0,133,0,132,0
4967.400986,104,0,112,0,133,0,132,0
4967.402991,104,0,112,0,133,0,132,0
4967.404970,104,0,112,0,133,0,132,0
4967.407012,104,0,112,0,133,0,132,0
4967.409050,104,0,112,0,133,0,132,0
4967.410907,104,0,112,0,133,0,132,0
4967.412956,104,0,112,0,133,0,132,0
4967.414905,104,0,112,0,133,0,132,0
4967.416952,104,0,112,0,133,0,132,0
4967.418988,104,0,112,0,133,0,132,0
4967.420979,104,0,112,0,133,0,132,0
4967.422997,104,0,112,0,133,0,132,0
4967.425043,104,0,112,0,133,0,132,0
4967.427042,104,0,112,0,133,0,132,0
4967.429035,104,0,112,0,133,0,132,0
4967.431019,104,0,112,0,133,0,132,0
4967.432969,104,0,112,0,133,0,132,0
4967.434978,104,0,112,0,133,0,132,0
4967.436919,104,0,112,0,133,0,132,0
4967.438991,104,0,112,0,133,0,132,0
4967.440971,104,0,112,0,133,0,132,0
4967.443033,104,0,112,0,133,0,132,0
4967.445072,104,0,112,0,133,0,132,0
4967.447064,104,0,112,0,133,0,132,0
4967.449043,104,0,112,0,133,0,132,0
4967.451012,104,0,112,0,133,0,132,0
4967.452985,104,0,112,0,133,0,132,0
4967.454993,104,0,112,0,133,0,132,0
4967.457020,104,0,112,0,133,0,132,0
4967.458993,104,0,112,0,133,0,132,0
4967.461022,104,0,112,0,133,0,132,0
4967.462921,104,0,112,0,133,0,132,0
4967.464927,104,0,112,0,133,0,132,0
4967.467085,104,0,112,0,133,0,132,0
4967.469046,104,0,112,0,133,0,132,0
4967.471026,104,0,112,0,133,0,132,0
4967.473000,104,0,112,0,133,0,132,0
4967.474995,104,0,112,0,133,0,132,0
4967.477079,104,0,112,0,133,0,132,0
4967.478871,104,0,112,0,133,0,132,0
4967.481045,104,0,112,0,133,0,132,0
4967.483038,104,0,112,0,133,0,132,0
4967.485027,104,0,112,0,133,0,132,0
4967.487065,104,0,112,0,133,0,132,0
4967.489024,104,0,112,0,133,0,132,0
4967.491050,104,0,112,0,133,0,132,0
4967.492915,104,0,112,0,133,0,132,0
4967.494917,104,0,112,0,133,0,132,0
4967.497005,104,0,112,0,133,0,132,0
4967.498982,104,0,112,0,133,0,132,0
4967.500965,104,0,112,0,133,0,132,0
4967.502958,104,0,112,0,133,0,132,0
4967.504971,104,0,112,0,133,0,132,0
4967.506982,104,0,112,0,133,0,132,0
4967.508965,104,0,112,0,133,0,132,0
4967.510988,104,0,112,0,133,0,132,0
4967.512977,104,0,112,0,133,0,132,0
4967.514966,104,0,112,0,133,0,132,0
4967.517022,104,0,112,0,133,0,132,0
4967.518996,104,0,112,0,133,0,132,0
4967.520966,104,0,112,0,133,0,132,0
4967.523059,104,0,112,0,133,0,132,0
4967.525007,104,0,112,0,133,0,132,0
4967.527087,104,0,112,0,133,0,132,0
4967.529056,104,0,112,0,133,0,132,0
4967.530992,104,0,112,0,133,0,132,0
4967.533000,104,0,112,0,133,0,132,0
4967.535074,104,0,112,0,133,0,132,0
4967.537069,104,0,112,0,133,0,132,0
4967.539069,104,0,112,0,133,0,132,0
4967.540979,104,0,112,0,133,0,132,0
4967.542991,104,0,112,0,133,0,132,0
4967.544972,104,0,112,0,133,0,132,0
4967.547084,104,0,112,0,133,0,132,0
4967.549025,104,0,112,0,133,0,132,0
4967.550999,104,0,112,0,133,0,132,0
4967.553035,104,0,112,0,133,0,132,0
4967.555038,104,0,112,0,133,0,132,0
4967.557021,104,0,112,0,133,0,132,0
4967.558965,104,0,112,0,133,0,132,0
4967.560980,104,0,112,0,133,0,132,0
4967.562939,104,0,112,0,133,0,132,0
4967.564940,104,0,112,0,133,0,132,0
4967.566992,104,0,112,0,133,0,132,0
4967.568938,104,0,112,0,133,0,132,0
4967.570927,104,0,112,0,133,0,132,0
4967.573026,104,0,112,0,133,0,132,0
4967.575023,104,0,112,0,133,0,132,0
4967.577060,104,0,112,0,133,0,132,0
4967.579008,104,0,112,0,133,0,132,0
4967.581009,104,0,112,0,133,0,132,0
4967.582951,104,0,112,0,133,0,132,0
4967.585067,104,0,112,0,133,0,132,0
4967.587110,104,0,112,0,133,0,132,0
4967.589074,104,0,112,0,133,0,132,0
4967.590933,104,0,112,0,133,0,132,0
4967.593039,104,0,112,0,133,0,132,0
4967.595080,104,0,112,0,133,0,132,0
4967.597042,104,0,112,0,133,0,132,0
4967.599046,104,0,112,0,133,0,132,0
4967.601047,104,0,112,0,133,0,132,0
4967.603060,104,0,112,0,133,0,132,0
4967.605024,104,0,112,0,133,0,132,0
4967.607058,104,0,112,0,133,0,132,0
4967.609097,104,0,112,0,133,0,132,0
4967.610969,104,0,112,0,133,0,132,0
4967.613083,104,0,112,0,133,0,132,0
4967.615045,104,0,112,0,133,0,132,0
4967.617083,104,0,112,0,133,0,132,0
4967.619037,104,0,112,0,133,0,132,0
4967.621073,104,0,112,0,133,0,132,0
4967.623128,104,0,112,0,133,0,132,0
4967.625058,104,0,112,0,133,0,132,0
4967.627119,104,0,112,0,133,0,132,0
4967.628923,104,0,112,0,133,0,132,0
4967.631030,104,0,112,0,133,0,132,0
4967.633011,104,0,112,0,133,0,132,0
4967.635089,104,0,112,0,133,0,132,0
4967.637105,104,0,112,0,133,0,132,0
4967.638880,104,0,112,0,133,0,132,0
4967.641066,104,0,112,0,133,0,132,0
4967.643080,104,0,112,0,133,0,132,0
4967.645032,104,0,112,0,133,0,132,0
4967.647048,104,0,112,0,133,0,132,0
4967.648979,104,0,112,0,133,0,132,0
4967.651012,104,0,112,0,133,0,132,0
4967.653064,104,0,112,0,133,0,132,0
4967.655001,104,0,112,0,133,0,132,0
4967.657022,104,0,112,0,133,0,132,0
4967.659003,104,0,112,0,133,0,132,0
4967.661026,104,0,112,0,133,0,132,0
4967.662995,104,0,112,0,133,0,132,0
4967.664994,104,0,112,0,133,0,132,0
4967.667036,104,0,112,0,133,0,132,0
4967.668995,104,0,112,0,133,0,132,0
4967.670914,104,0,112,0,133,0,132,0
4967.672932,104,0,112,0,133,0,132,0
4967.674967,104,0,112,0,133,0,132,0
4967.676913,104,0,112,0,133,0,132,0
4967.678904,104,0,112,0,133,0,132,0
4967.680895,104,0,112,0,133,0,132,0
4967.682891,104,0,112,0,133,0,132,0
4967.684888,104,0,112,0,133,0,132,0
4967.687017,104,0,112,0,133,0,132,0
4967.688969,104,0,112,0,133,0,132,0
4967.690972,104,0,112,0,133,0,132,0
4967.692959,104,0,112,0,133,0,132,0
4967.695001,104,0,112,0,133,0,132,0
4967.697025,104,0,112,0,133,0,132,0
4967.699041,104,0,112,0,133,0,132,0
4967.701023,104,0,112,0,133,0,132,0
4967.703012,104,0,112,0,133,0,132,0
4967.705039,104,0,112,0,133,0,132,0
4967.707042,104,0,112,0,133,0,132,0
4967.709036,104,0,112,0,133,0,132,0
4967.711035,104,0,112,0,133,0,132,0
4967.713040,104,0,112,0,133,0,132,0
4967.715051,104,0,112,0,133,0,132,0
4967.717099,104,0,112,0,133,0,132,0
4967.719007,104,0,112,0,133,0,132,0
4967.720973,104,0,112,0,133,0,132,0
4967.722993,104,0,112,0,133,0,132,0
4967.724966,104,0,112,0,133,0,132,0
4967.727078,104,0,112,0,133,0,132,0
4967.729038,104,0,112,0,133,0,132,0
4967.731016,104,0,112,0,133,0,132,0
4967.733020,104,0,112,0,133,0,132,0
4967.735025,104,0,112,0,133,0,132,0
4967.737026,104,0,112,0,133,0,132,0
4967.738921,104,0,112,0,133,0,132,0
4967.741006,104,0,112,0,133,0,132,0
4967.742994,104,0,112,0,133,0,132,0
4967.744998,104,0,112,0,133,0,132,0
4967.747053,104,0,112,0,133,0,132,0
4967.749040,104,0,112,0,133,0,132,0
4967.751016,104,0,112,0,133,0,132,0
4967.752998,104,0,112,0,133,0,132,0
4967.755001,104,0,112,0,133,0,132,0
4967.757015,104,0,112,0,133,0,132,0
4967.759048,104,0,112,0,133,0,132,0
4967.761072,104,0,112,0,133,0,132,0
4967.762963,104,0,112,0,133,0,132,0
4967.765013,104,0,112,0,133,0,132,0
4967.766997,104,0,112,0,133,0,132,0
4967.769013,104,0,112,0,133,0,132,0
4967.771021,104,0,112,0,133,0,132,0
4967.773005,104,0,112,0,133,0,132,0
4967.775073,104,0,112,0,133,0,132,0
4967.777053,104,0,112,0,133,0,132,0
4967.779094,104,0,112,0,133,0,132,0
4967.781045,104,0,112,0,133,0,132,0
4967.782968,104,0,112,0,133,0,132,0
4967.785087,104,0,112,0,133,0,132,0
4967.787085,104,0,112,0,133,0,132,0
4967.789054,104,0,112,0,133,0,132,0
4967.791057,104,0,112,0,133,0,132,0
4967.793076,104,0,112,0,133,0,132,0
4967.795084,104,0,112,0,133,0,132,0
4967.797044,104,0,112,0,133,0,132,0
4967.798910,104,0,112,0,133,0,132,0
4967.800990,104,0,112,0,133,0,132,0
4967.802989,104,0,112,0,133,0,132,0
4967.805061,104,0,112,0,133,0,132,0
4967.807032,104,0,112,0,133,0,132,0
4967.809008,104,0,112,0,133,0,132,0
4967.811047,104,0,112,0,133,0,132,0
4967.813020,104,0,112,0,133,0,132,0
4967.814939,104,0,112,0,133,0,132,0
4967.816968,104,0,112,0,133,0,132,0
4967.819084,104,0,112,0,133,0,132,0
4967.821023,104,0,112,0,133,0,132,0
4967.823044,104,0,112,0,133,0,132,0
4967.825032,104,0,112,0,133,0,132,0
4967.827088,104,0,112,0,133,0,132,0
4967.829022,104,0,112,0,133,0,132,0
4967.831045,104,0,112,0,133,0,132,0
4967.833084,104,0,112,0,133,0,132,0
4967.834993,104,0,112,0,133,0,132,0
4967.836989,104,0,112,0,133,0,132,0
4967.838978,104,0,112,0,133,0,132,0
4967.841008,104,0,112,0,133,0,132,0
4967.843028,104,0,112,0,133,0,132,0
4967.845018,104,0,112,0,133,0,132,0
4967.847059,104,0,112,0,133,0,132,0
4967.848994,104,0,112,0,133,0,132,0
4967.851077,104,0,112,0,133,0,132,0
4967.853040,104,0,112,0,133,0,132,0
4967.855031,104,0,112,0,133,0,132,0
4967.857075,104,0,112,0,133,0,132,0
4967.859009,104,0,112,0,133,0,132,0
4967.861009,104,0,112,0,133,0,132,0
4967.863006,104,0,112,0,133,0,132,0
4967.864956,104,0,112,0,133,0,132,0
4967.866906,104,0,112,0,133,0,132,0
4967.868980,104,0,112,0,133,0,132,0
4967.871054,104,0,112,0,133,0,132,0
4967.872916,104,0,112,0,133,0,132,0
4967.874929,104,0,112,0,133,0,132,0
4967.877105,104,0,112,0,133,0,132,0
4967.878969,104,0,112,0,133,0,132,0
4967.881090,104,0,112,0,133,0,132,0
4967.883117,104,0,112,0,133,0,132,0
4967.885079,104,0,112,0,133,0,132,0
4967.887104,104,0,112,0,133,0,132,0
4967.889071,104,0,112,0,133,0,132,0
4967.891060,104,0,112,0,133,0,132,0
4967.893069,104,0,112,0,133,0,132,0
4967.895117,104,0,112,0,133,0,132,0
4967.897110,104,0,112,0,133,0,132,0
4967.899051,104,0,112,0,133,0,132,0
4967.901034,104,0,112,0,133,0,132,0
4967.903038,104,0,112,0,133,0,132,0
4967.905025,104,0,112,0,133,0,132,0
4967.907067,104,0,112,0,133,0,132,0
4967.908922,104,0,112,0,133,0,132,0
4967.911088,104,0,112,0,133,0,132,0
4967.913034,104,0,112,0,133,0,132,0
4967.915090,104,0,112,0,133,0,132,0
4967.917156,104,0,112,0,133,0,132,0
4967.919026,104,0,112,0,133,0,132,0
4967.921073,104,0,112,0,133,0,132,0
4967.923285,104,0,112,0,133,0,132,0
4967.925199,104,0,112,0,133,0,132,0
4967.927095,104,0,112,0,133,0,132,0
4967.929113,104,0,112,0,133,0,132,0
4967.931038,104,0,112,0,133,0,132,0
4967.933040,104,0,112,0,133,0,132,0
4967.935025,104,0,112,0,133,0,132,0
4967.937071,104,0,112,0,133,0,132,0
4967.939056,104,0,112,0,133,0,132,0
4967.941076,104,0,112,0,133,0,132,0
4967.943014,104,0,112,0,133,0,132,0
4967.945005,104,0,112,0,133,0,132,0
4967.947006,104,0,112,0,133,0,132,0
4967.948993,104,0,112,0,133,0,132,0
4967.951036,104,0,112,0,133,0,132,0
4967.953053,104,0,112,0,133,0,132,0
4967.955063,104,0,112,0,133,0,132,0
4967.957097,104,0,112,0,133,0,132,0
4967.958956,104,0,112,0,133,0,132,0
4967.961050,104,0,112,0,133,0,132,0
4967.963016,104,0,112,0,133,0,132,0
4967.965105,104,0,112,0,133,0,132,0
4967.967148,104,0,112,0,133,0,132,0
4967.969084,104,0,112,0,133,0,132,0
4967.971054,104,0,112,0,133,0,132,0
4967.972987,104,0,112,0,133,0,132,0
4967.974987,104,0,112,0,133,0,132,0
4967.976989,104,0,112,0,133,0,132,0
4967.979020,104,0,112,0,133,0,132,0
4967.980971,104,0,112,0,133,0,132,0
4967.982970,104,0,112,0,133,0,132,0
4967.985016,104,0,112,0,133,0,132,0
4967.987135,104,0,112,0,133,0,132,0
4967.989118,104,0,112,0,133,0,132,0
4967.991000,104,0,112,0,133,0,132,0
4967.993072,104,0,112,0,133,0,132,0
4967.995025,104,0,112,0,133,0,132,0
4967.997107,104,0,112,0,133,0,132,0
4967.999047,104,0,112,0,133,0,132,0
4968.001032,104,0,112,0,133,0,132,0
4968.003029,104,0,112,0,133,0,132,0
4968.005053,104,0,112,0,133,0,132,0
4968.007040,104,0,112,0,133,0,132,0
4968.009043,104,0,112,0,133,0,132,0
4968.011075,104,0,112,0,133,0,132,0
4968.013061,104,0,112,0,133,0,132,0
4968.014971,104,0,112,0,133,0,132,0
4968.017045,104,0,112,0,133,0,132,0
4968.019118,104,0,112,0,133,0,132,0
4968.021122,104,0,112,0,133,0,132,0
4968.023263,104,0,112,0,133,0,132,0
4968.025019,104,0,112,0,133,0,132,0
4968.027103,104,0,112,0,133,0,132,0
4968.029055,104,0,112,0,133,0,132,0
4968.031087,104,0,112,0,133,0,132,0
4968.033041,104,0,112,0,133,0,132,0
4968.034928,104,0,112,0,133,0,132,0
4968.036987,104,0,112,0,133,0,132,0
4968.038974,104,0,112,0,133,0,132,0
4968.041039,104,0,112,0,133,0,132,0
4968.043048,104,0,112,0,133,0,132,0
4968.045054,104,0,112,0,133,0,132,0
4968.047088,104,0,112,0,133,0,132,0
4968.049121,104,0,112,0,133,0,132,0
4968.051096,104,0,112,0,133,0,132,0
4968.053082,104,0,112,0,133,0,132,0
4968.055013,104,0,112,0,133,0,132,0
4968.056972,104,0,112,0,133,0,132,0
4968.059036,104,0,112,0,133,0,132,0
4968.061014,104,0,112,0,133,0,132,0
4968.063025,104,0,112,0,133,0,132,0
4968.065055,104,0,112,0,133,0,132,0
4968.067056,104,0,112,0,133,0,132,0
4968.069088,104,0,112,0,133,0,132,0
4968.071087,104,0,112,0,133,0,132,0
4968.073141,104,0,112,0,133,0,132,0
4968.074912,104,0,112,0,133,0,132,0
4968.077054,104,0,112,0,133,0,132,0
4968.078992,104,0,112,0,133,0,132,0
4968.081031,104,0,112,0,133,0,132,0
4968.083041,104,0,112,0,133,0,132,0
4968.085111,104,0,112,0,133,0,132,0
4968.087109,104,0,112,0,133,0,132,0
4968.089116,104,0,112,0,133,0,132,0
4968.090993,104,0,112,0,133,0,132,0
4968.092998,104,0,112,0,133,0,132,0
4968.094937,104,0,112,0,133,0,132,0
4968.096937,104,0,112,0,133,0,132,0
4968.099010,104,0,112,0,133,0,132,0
4968.101010,104,0,112,0,133,0,132,0
4968.102998,104,0,112,0,133,0,132,0
4968.104917,104,0,112,0,133,0,132,0
4968.106941,104,0,112,0,133,0,132,0
4968.108904,104,0,112,0,133,0,132,0
4968.111047,104,0,112,0,133,0,132,0
4968.113023,104,0,112,0,133,0,132,0
4968.115087,104,0,112,0,133,0,132,0
4968.117087,104,0,112,0,133,0,132,0
4968.119063,104,0,112,0,133,0,132,0
4968.121076,104,0,112,0,133,0,132,0
4968.123332,104,0,112,0,133,0,132,0
4968.125099,104,0,112,0,133,0,132,0
4968.127076,104,0,112,0,133,0,132,0
4968.129032,104,0,112,0,133,0,132,0
4968.131042,104,0,112,0,133,0,132,0
4968.133045,104,0,112,0,133,0,132,0
4968.135082,104,0,112,0,133,0,132,0
4968.137141,104,0,112,0,133,0,132,0
4968.139077,104,0,112,0,133,0,132,0
4968.140977,104,0,112,0,133,0,132,0
4968.143090,104,0,112,0,133,0,132,0
4968.145078,104,0,112,0,133,0,132,0
4968.147027,104,0,112,0,133,0,132,0
4968.149128,104,0,112,0,133,0,132,0
4968.151130,104,0,112,0,133,0,132,0
4968.153082,104,0,112,0,133,0,132,0
4968.155111,104,0,112,0,133,0,132,0
4968.156993,104,0,112,0,133,0,132,0
4968.158964,104,0,112,0,133,0,132,0
4968.161113,104,0,112,0,133,0,132,0
4968.163115,104,0,112,0,133,0,132,0
4968.165006,104,0,112,0,133,0,132,0
4968.167086,104,0,112,0,133,0,132,0
4968.169046,104,0,112,0,133,0,132,0
4968.171066,104,0,112,0,133,0,132,0
4968.173138,104,0,112,0,133,0,132,0
4968.175119,104,0,112,0,133,0,132,0
4968.177104,104,0,112,0,133,0,132,0
4968.179044,104,0,112,0,133,0,132,0
4968.181089,104,0,112,0,133,0,132,0
4968.183102,104,0,112,0,133,0,132,0
4968.185063,104,0,112,0,133,0,132,0
4968.187052,104,0,112,0,133,0,132,0
4968.189012,104,0,112,0,133,0,132,0
4968.190883,104,0,112,0,133,0,132,0
4968.193167,104,0,112,0,133,0,132,0
4968.195063,104,0,112,0,133,0,132,0
4968.197240,104,0,112,0,133,0,132,0
4968.199014,104,0,112,0,133,0,132,0
4968.201210,104,0,112,0,133,0,132,0
4968.202967,104,0,112,0,133,0,132,0
4968.205029,104,0,112,0,133,0,132,0
4968.207314,104,0,112,0,133,0,132,0
4968.209129,104,0,112,0,133,0,132,0
4968.210973,104,0,112,0,133,0,132,0
4968.213074,104,0,112,0,133,0,132,0
4968.215331,104,0,112,0,133,0,132,0
4968.217279,104,0,112,0,133,0,132,0
4968.219288,104,0,112,0,133,0,132,0
4968.221285,104,0,112,0,133,0,132,0
4968.223452,104,0,112,0,133,0,132,0
4968.225257,104,0,112,0,133,0,132,0
4968.227276,104,0,112,0,133,0,132,0
4968.228990,104,0,112,0,133,0,132,0
4968.230978,104,0,112,0,133,0,132,0
4968.232821,104,0,112,0,133,0,132,0
4968.235102,104,0,112,0,133,0,132,0
4968.237043,104,0,112,0,133,0,132,0
4968.239131,104,0,112,0,133,0,132,0
4968.241291,104,0,112,0,133,0,132,0
4968.243024,104,0,112,0,133,0,132,0
4968.245209,104,0,112,0,133,0,132,0
4968.247284,104,0,112,0,133,0,132,0
4968.249232,104,0,112,0,133,0,132,0
4968.251226,104,0,112,0,133,0,132,0
4968.253226,104,0,112,0,133,0,132,0
4968.255296,104,0,112,0,133,0,132,0
4968.257088,104,0,112,0,133,0,132,0
4968.259302,104,0,112,0,133,0,132,0
4968.261333,104,0,112,0,133,0,132,0
4968.263321,104,0,112,0,133,0,132,0
4968.265351,104,0,112,0,133,0,132,0
4968.267320,104,0,112,0,133,0,132,0
4968.269351,104,0,112,0,133,0,132,0
4968.271320,104,0,112,0,133,0,132,0
4968.273357,104,0,112,0,133,0,132,0
4968.275034,104,0,112,0,133,0,132,0
4968.277330,104,0,112,0,133,0,132,0
4968.279276,104,0,112,0,133,0,132,0
4968.281092,104,0,112,0,133,0,132,0
4968.283283,104,0,112,0,133,0,132,0
4968.285314,104,0,112,0,133,0,132,0
4968.287378,104,0,112,0,133,0,132,0
4968.289336,104,0,112,0,133,0,132,0
4968.291361,104,0,112,0,133,0,132,0
4968.293352,104,0,112,0,133,0,132,0
4968.295028,104,0,112,0,133,0,132,0
4968.297023,104,0,112,0,133,0,132,0
4968.299073,104,0,112,0,133,0,132,0
4968.301122,104,0,112,0,133,0,132,0
4968.302727,104,0,112,0,133,0,132,0
4968.305119,104,0,112,0,133,0,132,0
4968.307138,104,0,112,0,133,0,132,0
4968.309092,104,0,112,0,133,0,132,0
4968.311087,104,0,112,0,133,0,132,0
4968.313122,104,0,112,0,133,0,132,0
4968.315094,104,0,112,0,133,0,132,0
4968.317136,104,0,112,0,133,0,132,0
4968.319283,104,0,112,0,133,0,132,0
4968.320997,104,0,112,0,133,0,132,0
4968.323329,104,0,112,0,133,0,132,0
4968.325070,104,0,112,0,133,0,132,0
4968.326747,104,0,112,0,133,0,132,0
4968.328729,104,0,112,0,133,0,132,0
4968.330885,104,0,112,0,133,0,132,0
4968.333098,104,0,112,0,133,0,132,0
4968.335089,104,0,112,0,133,0,132,0
4968.337343,104,0,112,0,133,0,132,0
4968.339070,104,0,112,0,133,0,132,0
4968.340855,104,0,112,0,133,0,132,0
4968.343321,104,0,112,0,133,0,132,0
4968.345125,104,0,112,0,133,0,132,0
4968.347333,104,0,112,0,133,0,132,0
4968.349281,104,0,112,0,133,0,132,0
4968.350987,104,0,112,0,133,0,132,0
4968.353269,104,0,112,0,133,0,132,0
4968.355289,104,0,112,0,133,0,132,0
4968.356993,104,0,112,0,133,0,132,0
4968.358985,104,0,112,0,133,0,132,0
4968.361085,104,0,112,0,133,0,132,0
4968.362889,104,0,112,0,133,0,132,0
4968.365072,104,0,112,0,133,0,132,0
4968.367151,104,0,112,0,133,0,132,0
4968.369098,104,0,112,0,133,0,132,0
4968.371277,104,0,112,0,133,0,132,0
4968.373229,104,0,112,0,133,0,132,0
4968.375260,104,0,112,0,133,0,132,0
4968.377087,104,0,112,0,133,0,132,0
4968.379018,104,0,112,0,133,0,132,0
4968.381239,104,0,112,0,133,0,132,0
4968.383016,104,0,112,0,133,0,132,0
4968.385036,104,0,112,0,133,0,132,0
4968.387034,104,0,112,0,133,0,132,0
4968.389360,104,0,112,0,133,0,132,0
4968.391265,104,0,112,0,133,0,132,0
4968.393239,104,0,112,0,133,0,132,0
4968.395089,104,0,112,0,133,0,132,0
4968.397294,104,0,112,0,133,0,132,0
4968.398964,104,0,112,0,133,0,132,0
4968.400983,104,0,112,0,133,0,132,0
4968.402990,104,0,112,0,133,0,132,0
4968.405234,104,0,112,0,133,0,132,0
4968.406991,104,0,112,0,133,0,132,0
4968.409019,104,0,112,0,133,0,132,0
4968.411055,104,0,112,0,133,0,132,0
4968.413052,104,0,112,0,133,0,132,0
4968.415284,104,0,112,0,133,0,132,0
4968.417303,104,0,112,0,133,0,132,0
4968.419015,104,0,112,0,133,0,132,0
4968.421018,104,0,112,0,133,0,132,0
4968.423412,104,0,112,0,133,0,132,0
4968.425113,104,0,112,0,133,0,132,0
4968.427114,104,0,112,0,133,0,132,0
4968.429088,104,0,112,0,133,0,132,0
4968.431088,104,0,112,0,133,0,132,0
4968.433112,104,0,112,0,133,0,132,0
4968.435061,104,0,112,0,133,0,132,0
4968.436998,104,0,112,0,133,0,132,0
4968.438996,104,0,112,0,133,0,132,0
4968.440979,104,0,112,0,133,0,132,0
4968.443326,104,0,112,0,133,0,132,0
4968.445189,104,0,112,0,133,0,132,0
4968.447353,104,0,112,0,133,0,132,0
4968.449314,104,0,112,0,133,0,132,0
4968.451302,104,0,112,0,133,0,132,0
4968.452986,104,0,112,0,133,0,132,0
4968.455110,104,0,112,0,133,0,132,0
4968.457114,104,0,112,0,133,0,132,0
4968.459099,104,0,112,0,133,0,132,0
4968.461026,104,0,112,0,133,0,132,0
4968.463116,104,0,112,0,133,0,132,0
4968.465120,104,0,112,0,133,0,132,0
4968.467092,104,0,112,0,133,0,132,0
4968.469279,104,0,112,0,133,0,132,0
4968.471278,104,0,112,0,133,0,132,0
4968.473101,104,0,112,0,133,0,132,0
4968.474975,104,0,112,0,133,0,132,0
4968.476958,104,0,112,0,133,0,132,0
4968.479242,104,0,112,0,133,0,132,0
4968.481082,104,0,112,0,133,0,132,0
4968.483290,104,0,112,0,133,0,132,0
4968.485096,104,0,112,0,133,0,132,0
4968.487119,104,0,112,0,133,0,132,0
4968.489302,104,0,112,0,133,0,132,0
4968.491081,104,0,112,0,133,0,132,0
4968.493127,104,0,112,0,133,0,132,0
4968.495011,104,0,112,0,133,0,132,0
4968.496983,104,0,112,0,133,0,132,0
4968.499091,104,0,112,0,133,0,132,0
4968.501086,104,0,112,0,133,0,132,0
4968.503088,104,0,112,0,133,0,132,0
4968.505102,104,0,112,0,133,0,132,0
4968.507233,104,0,112,0,133,0,132,0
4968.509012,104,0,112,0,133,0,132,0
4968.511325,104,0,112,0,133,0,132,0
4968.513322,104,0,112,0,133,0,132,0
4968.515182,104,0,112,0,133,0,132,0
4968.517029,104,0,112,0,133,0,132,0
4968.519252,104,0,112,0,133,0,132,0
4968.521251,104,0,112,0,133,0,132,0
4968.523214,104,0,112,0,133,0,132,0
4968.525124,104,0,112,0,133,0,132,0
4968.527130,104,0,112,0,133,0,132,0
4968.529098,104,0,112,0,133,0,132,0
4968.531293,104,0,112,0,133,0,132,0
4968.533183,104,0,112,0,133,0,132,0
4968.535095,104,0,112,0,133,0,132,0
4968.537112,104,0,112,0,133,0,132,0
4968.539308,104,0,112,0,133,0,132,0
4968.541085,104,0,112,0,133,0,132,0
4968.543052,104,0,112,0,133,0,132,0
4968.545313,104,0,112,0,133,0,132,0
4968.547325,104,0,112,0,133,0,132,0
4968.549322,104,0,112,0,133,0,132,0
4968.551270,104,0,112,0,133,0,132,0
4968.553097,104,0,112,0,133,0,132,0
4968.555256,104,0,112,0,133,0,132,0
4968.556991,104,0,112,0,133,0,132,0
4968.558989,104,0,112,0,133,0,132,0
4968.561103,104,0,112,0,133,0,132,0
4968.563095,104,0,112,0,133,0,132,0
4968.565010,104,0,112,0,133,0,132,0
4968.567164,104,0,112,0,133,0,132,0
4968.569042,104,0,112,0,133,0,132,0
4968.571096,104,0,112,0,133,0,132,0
4968.573135,104,0,112,0,133,0,132,0
4968.575099,104,0,112,0,133,0,132,0
4968.577285,104,0,112,0,133,0,132,0
4968.579060,104,0,112,0,133,0,132,0
4968.581299,104,0,112,0,133,0,132,0
4968.583075,104,0,112,0,133,0,132,0
4968.585017,104,0,112,0,133,0,132,0
4968.587263,104,0,112,0,133,0,132,0
4968.589259,104,0,112,0,133,0,132,0
4968.591098,104,0,112,0,133,0,132,0
4968.593197,104,0,112,0,133,0,132,0
4968.595238,104,0,112,0,133,0,132,0
4968.597280,104,0,112,0,133,0,132,0
4968.599224,104,0,112,0,133,0,132,0
4968.601259,104,0,112,0,133,0,132,0
4968.603247,104,0,112,0,133,0,132,0
4968.605107,104,0,112,0,133,0,132,0
4968.607205,104,0,112,0,133,0,132,0
4968.609113,104,0,112,0,133,0,132,0
4968.611090,104,0,112,0,133,0,132,0
4968.613232,104,0,112,0,133,0,132,0
4968.615561,104,0,112,0,133,0,132,0
4968.617334,104,0,112,0,133,0,132,0
4968.619043,104,0,112,0,133,0,132,0
4968.621371,104,0,112,0,133,0,132,0
4968.623561,104,0,112,0,133,0,132,0
4968.625318,104,0,112,0,133,0,132,0
4968.627355,104,0,112,0,133,0,132,0
4968.629340,104,0,112,0,133,0,132,0
4968.631289,104,0,112,0,133,0,132,0
4968.633309,104,0,112,0,133,0,132,0
4968.635291,104,0,112,0,133,0,132,0
4968.637046,104,0,112,0,133,0,132,0
4968.639042,104,0,112,0,133,0,132,0
4968.640981,104,0,112,0,133,0,132,0
4968.643051,104,0,112,0,133,0,132,0
4968.645126,104,0,112,0,133,0,132,0
4968.647316,104,0,112,0,133,0,132,0
4968.649062,104,0,112,0,133,0,132,0
4968.651134,104,0,112,0,133,0,132,0
4968.653123,104,0,112,0,133,0,132,0
4968.655156,104,0,112,0,133,0,132,0
4968.657371,104,0,112,0,133,0,132,0
4968.659382,104,0,112,0,133,0,132,0
4968.661051,104,0,112,0,133,0,132,0
4968.663284,104,0,112,0,133,0,132,0
4968.665243,104,0,112,0,133,0,132,0
4968.667117,104,0,112,0,133,0,132,0
4968.669082,104,0,112,0,133,0,132,0
4968.671112,104,0,112,0,133,0,132,0
4968.673088,104,0,112,0,133,0,132,0
4968.674979,104,0,112,0,133,0,132,0
4968.677037,104,0,112,0,133,0,132,0
4968.679063,104,0,112,0,133,0,132,0
4968.681313,104,0,112,0,133,0,132,0
4968.683068,104,0,112,0,133,0,132,0
4968.685261,104,0,112,0,133,0,132,0
4968.687246,104,0,112,0,133,0,132,0
4968.689255,104,0,112,0,133,0,132,0
4968.691262,104,0,112,0,133,0,132,0
4968.693273,104,0,112,0,133,0,132,0
4968.695258,104,0,112,0,133,0,132,0
4968.697299,104,0,112,0,133,0,132,0
4968.699254,104,0,112,0,133,0,132,0
4968.700974,104,0,112,0,133,0,132,0
4968.703180,104,0,112,0,133,0,132,0
4968.705248,104,0,112,0,133,0,132,0
4968.707261,104,0,112,0,133,0,132,0
4968.709261,104,0,112,0,133,0,132,0
4968.711271,104,0,112,0,133,0,132,0
4968.713317,104,0,112,0,133,0,132,0
4968.715324,104,0,112,0,133,0,132,0
4968.717314,104,0,112,0,133,0,132,0
4968.719040,104,0,112,0,133,0,132,0
4968.721039,104,0,112,0,133,0,132,0
4968.723342,104,0,112,0,133,0,132,0
4968.725313,104,0,112,0,133,0,132,0
4968.727215,104,0,112,0,133,0,132,0
4968.729333,104,0,112,0,133,0,132,0
4968.731347,104,0,112,0,133,0,132,0
4968.733333,104,0,112,0,133,0,132,0
4968.735317,104,0,112,0,133,0,132,0
4968.737358,104,0,112,0,133,0,132,0
4968.739316,104,0,112,0,133,0,132,0
4968.741027,104,0,112,0,133,0,132,0
4968.743313,104,0,112,0,133,0,132,0
4968.745343,104,0,112,0,133,0,132,0
4968.747341,104,0,112,0,133,0,132,0
4968.749341,104,0,112,0,133,0,132,0
4968.751326,104,0,112,0,133,0,132,0
4968.753279,104,0,112,0,133,0,132,0
4968.755278,104,0,112,0,133,0,132,0
4968.757299,104,0,112,0,133,0,132,0
4968.758988,104,0,112,0,133,0,132,0
4968.760931,104,0,112,0,133,0,132,0
4968.763063,104,0,112,0,133,0,132,0
4968.764953,104,0,112,0,133,0,132,0
4968.767329,104,0,112,0,133,0,132,0
4968.769305,104,0,112,0,133,0,132,0
4968.771200,104,0,112,0,133,0,132,0
4968.773321,104,0,112,0,133,0,132,0
4968.775184,104,0,112,0,133,0,132,0
4968.777405,104,0,112,0,133,0,132,0
4968.779287,104,0,112,0,133,0,132,0
4968.781271,104,0,112,0,133,0,132,0
4968.782976,104,0,112,0,133,0,132,0
4968.785266,104,0,112,0,133,0,132,0
4968.787292,104,0,112,0,133,0,132,0
4968.789290,104,0,112,0,133,0,132,0
4968.791300,104,0,112,0,133,0,132,0
4968.793324,104,0,112,0,133,0,132,0
4968.795328,104,0,112,0,133,0,132,0
4968.797357,104,0,112,0,133,0,132,0
4968.799328,104,0,112,0,133,0,132,0
4968.800959,104,0,112,0,133,0,132,0
4968.803249,104,0,112,0,133,0,132,0
4968.805246,104,0,112,0,133,0,132,0
4968.807286,104,0,112,0,133,0,132,0
4968.809295,104,0,112,0,133,0,132,0
4968.811356,104,0,112,0,133,0,132,0
4968.813357,104,0,112,0,133,0,132,0
4968.815375,104,0,112,0,133,0,132,0
4968.817429,104,0,112,0,133,0,132,0
4968.819041,104,0,112,0,133,0,132,0
4968.821292,104,0,112,0,133,0,132,0
4968.823412,104,0,112,0,133,0,132,0
4968.825310,104,0,112,0,133,0,132,0
4968.827288,104,0,112,0,133,0,132,0
4968.829276,104,0,112,0,133,0,132,0
4968.831334,104,0,112,0,133,0,132,0
4968.833050,104,0,112,0,133,0,132,0
4968.834978,104,0,112,0,133,0,132,0
4968.837041,104,0,112,0,133,0,132,0
4968.839044,104,0,112,0,133,0,132,0
4968.840975,104,0,112,0,133,0,132,0
4968.843298,104,0,112,0,133,0,132,0
4968.845256,104,0,112,0,133,0,132,0
4968.847322,104,0,112,0,133,0,132,0
4968.849321,104,0,112,0,133,0,132,0
4968.851283,104,0,112,0,133,0,132,0
4968.853319,104,0,112,0,133,0,132,0
4968.855351,104,0,112,0,133,0,132,0
4968.857047,104,0,112,0,133,0,132,0
4968.859339,104,0,112,0,133,0,132,0
4968.861340,104,0,112,0,133,0,132,0
4968.863305,104,0,112,0,133,0,132,0
4968.865299,104,0,112,0,133,0,132,0
4968.867319,104,0,112,0,133,0,132,0
4968.869276,104,0,112,0,133,0,132,0
4968.871033,104,0,112,0,133,0,132,0
4968.873264,104,0,112,0,133,0,132,0
4968.875002,104,0,112,0,133,0,132,0
4968.877325,104,0,112,0,133,0,132,0
4968.879323,104,0,112,0,133,0,132,0
4968.881342,104,0,112,0,133,0,132,0
4968.883036,104,0,112,0,133,0,132,0
4968.885135,104,0,112,0,133,0,132,0
4968.887131,104,0,112,0,133,0,132,0
4968.889342,104,0,112,0,133,0,132,0
4968.891334,104,0,112,0,133,0,132,0
4968.893340,104,0,112,0,133,0,132,0
4968.895339,104,0,112,0,133,0,132,0
4968.897362,104,0,112,0,133,0,132,0
4968.899040,104,0,112,0,133,0,132,0
4968.901163,104,0,112,0,133,0,132,0
4968.903326,104,0,112,0,133,0,132,0
4968.905299,104,0,112,0,133,0,132,0
4968.907350,104,0,112,0,133,0,132,0
4968.909324,104,0,112,0,133,0,132,0
4968.911309,104,0,112,0,133,0,132,0
4968.913037,104,0,112,0,133,0,132,0
4968.915281,104,0,112,0,133,0,132,0
4968.917340,104,0,112,0,133,0,132,0
4968.919338,104,0,112,0,133,0,132,0
4968.921089,104,0,112,0,133,0,132,0
4968.923145,104,0,112,0,133,0,132,0
4968.925095,104,0,112,0,133,0,132,0
4968.927116,104,0,112,0,133,0,132,0
4968.929096,104,0,112,0,133,0,132,0
4968.931292,104,0,112,0,133,0,132,0
4968.933096,104,0,112,0,133,0,132,0
4968.934971,104,0,112,0,133,0,132,0
4968.937037,104,0,112,0,133,0,132,0
4968.939332,104,0,112,0,133,0,132,0
4968.941174,104,0,112,0,133,0,132,0
4968.943353,104,0,112,0,133,0,132,0
4968.945199,104,0,112,0,133,0,132,0
4968.947263,104,0,112,0,133,0,132,0
4968.949303,104,0,112,0,133,0,132,0
4968.951272,104,0,112,0,133,0,132,0
4968.953192,104,0,112,0,133,0,132,0
4968.955365,104,0,112,0,133,0,132,0
4968.957058,104,0,112,0,133,0,132,0
4968.959058,104,0,112,0,133,0,132,0
4968.961107,104,0,112,0,133,0,132,0
4968.963097,104,0,112,0,133,0,132,0
4968.965022,104,0,112,0,133,0,132,0
4968.967007,104,0,112,0,133,0,132,0
4968.968966,104,0,112,0,133,0,132,0
4968.971120,104,0,112,0,133,0,132,0
4968.973109,104,0,112,0,133,0,132,0
4968.975117,104,0,112,0,133,0,132,0
4968.977099,104,0,112,0,133,0,132,0
4968.979125,104,0,112,0,133,0,132,0
4968.981061,104,0,112,0,133,0,132,0
4968.983346,104,0,112,0,133,0,132,0
4968.985106,104,0,112,0,133,0,132,0
4968.987344,104,0,112,0,133,0,132,0
4968.989339,104,0,112,0,133,0,132,0
4968.991041,104,0,112,0,133,0,132,0
4968.993352,104,0,112,0,133,0,132,0
4968.995288,104,0,112,0,133,0,132,0
4968.997109,104,0,112,0,133,0,132,0
4968.999101,104,0,112,0,133,0,132,0
4969.001106,104,0,112,0,133,0,132,0
4969.003105,104,0,112,0,133,0,132,0
4969.005081,104,0,112,0,133,0,132,0
4969.007009,104,0,112,0,133,0,132,0
4969.009083,104,0,112,0,133,0,132,0
4969.011022,104,0,112,0,133,0,132,0
4969.013047,104,0,112,0,133,0,132,0
4969.014995,104,0,112,0,133,0,132,0
4969.016951,104,0,112,0,133,0,132,0
4969.019339,104,0,112,0,133,0,132,0
4969.021104,104,0,112,0,133,0,132,0
4969.023532,104,0,112,0,133,0,132,0
4969.025308,104,0,112,0,133,0,132,0
4969.027315,104,0,112,0,133,0,132,0
4969.029315,104,0,112,0,133,0,132,0
4969.031313,104,0,112,0,133,0,132,0
4969.033318,104,0,112,0,133,0,132,0
4969.035357,104,0,112,0,133,0,132,0
4969.037291,104,0,112,0,133,0,132,0
4969.038986,104,0,112,0,133,0,132,0
4969.041000,104,0,112,0,133,0,132,0
4969.043086,104,0,112,0,133,0,132,0
4969.045357,104,0,112,0,133,0,132,0
4969.047374,104,0,112,0,133,0,132,0
4969.049350,104,0,112,0,133,0,132,0
4969.051341,104,0,112,0,133,0,132,0
4969.053363,104,0,112,0,133,0,132,0
4969.055264,104,0,112,0,133,0,132,0
4969.057353,104,0,112,0,133,0,132,0
4969.059043,104,0,112,0,133,0,132,0
4969.061313,104,0,112,0,133,0,132,0
4969.063378,104,0,112,0,133,0,132,0
4969.065356,104,0,112,0,133,0,132,0
4969.067379,104,0,112,0,133,0,132,0
4969.069330,104,0,112,0,133,0,132,0
4969.070967,104,0,112,0,133,0,132,0
4969.073046,104,0,112,0,133,0,132,0
4969.075329,104,0,112,0,133,0,132,0
4969.077322,104,0,112,0,133,0,132,0
4969.079326,104,0,112,0,133,0,132,0
4969.081307,104,0,112,0,133,0,132,0
4969.083307,104,0,112,0,133,0,132,0
4969.085266,104,0,112,0,133,0,132,0
4969.087320,104,0,112,0,133,0,132,0
4969.089361,104,0,112,0,133,0,132,0
4969.091079,104,0,112,0,133,0,132,0
4969.093389,104,0,112,0,133,0,132,0
4969.095370,104,0,112,0,133,0,132,0
4969.097385,104,0,112,0,133,0,132,0
4969.099322,104,0,112,0,133,0,132,0
4969.101326,104,0,112,0,133,0,132,0
4969.103316,104,0,112,0,133,0,132,0
4969.104971,104,0,112,0,133,0,132,0
4969.107057,104,0,112,0,133,0,132,0
4969.109047,104,0,112,0,133,0,132,0
4969.111299,104,0,112,0,133,0,132,0
4969.113070,104,0,112,0,133,0,132,0
4969.115148,104,0,112,0,133,0,132,0
4969.117176,104,0,112,0,133,0,132,0
4969.119270,104,0,112,0,133,0,132,0
4969.121135,104,0,112,0,133,0,132,0
4969.123361,104,0,112,0,133,0,132,0
4969.125352,104,0,112,0,133,0,132,0
4969.127034,104,0,112,0,133,0,132,0
4969.129168,104,0,112,0,133,0,132,0
4969.131323,104,0,112,0,133,0,132,0
4969.133322,104,0,112,0,133,0,132,0
4969.135385,104,0,112,0,133,0,132,0
4969.137371,104,0,112,0,133,0,132,0
4969.139321,104,0,112,0,133,0,132,0
4969.141311,104,0,112,0,133,0,132,0
4969.142984,104,0,112,0,133,0,132,0
4969.145324,104,0,112,0,133,0,132,0
4969.147409,104,0,112,0,133,0,132,0
4969.149354,104,0,112,0,133,0,132,0
4969.151360,104,0,112,0,133,0,132,0
4969.153365,104,0,112,0,133,0,132,0
4969.155338,104,0,112,0,133,0,132,0
4969.157042,104,0,112,0,133,0,132,0
4969.159124,104,0,112,0,133,0,132,0
4969.161357,104,0,112,0,133,0,132,0
4969.162995,104,0,112,0,133,0,132,0
4969.165045,104,0,112,0,133,0,132,0
4969.167054,104,0,112,0,133,0,132,0
4969.169130,104,0,112,0,133,0,132,0
4969.171127,104,0,112,0,133,0,132,0
4969.173224,104,0,112,0,133,0,132,0
4969.175090,104,0,112,0,133,0,132,0
4969.177052,104,0,112,0,133,0,132,0
4969.179118,104,0,112,0,133,0,132,0
4969.181044,104,0,112,0,133,0,132,0
4969.183040,104,0,112,0,133,0,132,0
4969.185339,104,0,112,0,133,0,132,0
4969.187176,104,0,112,0,133,0,132,0
4969.189151,104,0,112,0,133,0,132,0
4969.191285,104,0,112,0,133,0,132,0
4969.193315,104,0,112,0,133,0,132,0
4969.195353,104,0,112,0,133,0,132,0
4969.197325,104,0,112,0,133,0,132,0
4969.198973,104,0,112,0,133,0,132,0
4969.201270,104,0,112,0,133,0,132,0
4969.203304,104,0,112,0,133,0,132,0
4969.205289,104,0,112,0,133,0,132,0
4969.207321,104,0,112,0,133,0,132,0
4969.209011,104,0,112,0,133,0,132,0
4969.211074,104,0,112,0,133,0,132,0
4969.213046,104,0,112,0,133,0,132,0
4969.215002,104,0,112,0,133,0,132,0
4969.217103,104,0,112,0,133,0,132,0
4969.219220,104,0,112,0,133,0,132,0
4969.221164,104,0,112,0,133,0,132,0
4969.223517,104,0,112,0,133,0,132,0
4969.225416,104,0,112,0,133,0,132,0
4969.227341,104,0,112,0,133,0,132,0
4969.229322,104,0,112,0,133,0,132,0
4969.231314,104,0,112,0,133,0,132,0
4969.233338,104,0,112,0,133,0,132,0
4969.235339,104,0,112,0,133,0,132,0
4969.237392,104,0,112,0,133,0,132,0
4969.239026,104,0,112,0,133,0,132,0
4969.241052,104,0,112,0,133,0,132,0
4969.243014,104,0,112,0,133,0,132,0
4969.245345,104,0,112,0,133,0,132,0
4969.247100,104,0,112,0,133,0,132,0
4969.249304,104,0,112,0,133,0,132,0
4969.251273,104,0,112,0,133,0,132,0
4969.253289,104,0,112,0,133,0,132,0
4969.255024,104,0,112,0,133,0,132,0
4969.257030,104,0,112,0,133,0,132,0
4969.259355,104,0,112,0,133,0,132,0
4969.261285,104,0,112,0,133,0,132,0
4969.263037,104,0,112,0,133,0,132,0
4969.265032,104,0,112,0,133,0,132,0
4969.267365,104,0,112,0,133,0,132,0
4969.269333,104,0,112,0,133,0,132,0
4969.271325,104,0,112,0,133,0,132,0
4969.273406,104,0,112,0,133,0,132,0
4969.275332,104,0,112,0,133,0,132,0
4969.277387,104,0,112,0,133,0,132,0
4969.279367,104,0,112,0,133,0,132,0
4969.281046,104,0,112,0,133,0,132,0
4969.283383,104,0,112,0,133,0,132,0
4969.285373,104,0,112,0,133,0,132,0
4969.287367,104,0,112,0,133,0,132,0
4969.289352,104,0,112,0,133,0,132,0
4969.291291,104,0,112,0,133,0,132,0
4969.293309,104,0,112,0,133,0,132,0
4969.295297,104,0,112,0,133,0,132,0
4969.297319,104,0,112,0,133,0,132,0
4969.298989,104,0,112,0,133,0,132,0
4969.301296,104,0,112,0,133,0,132,0
4969.303293,104,0,112,0,133,0,132,0
4969.305169,104,0,112,0,133,0,132,0
4969.307301,104,0,112,0,133,0,132,0
4969.309296,104,0,112,0,133,0,132,0
4969.311346,104,0,112,0,133,0,132,0
4969.313462,104,0,112,0,133,0,132,0
4969.315418,104,0,112,0,133,0,132,0
4969.317088,104,0,112,0,133,0,132,0
4969.319337,104,0,112,0,133,0,132,0
4969.321348,104,0,112,0,133,0,132,0
4969.323485,104,0,112,0,133,0,132,0
4969.325369,104,0,112,0,133,0,132,0
4969.326976,104,0,112,0,133,0,132,0
4969.328838,104,0,112,0,133,0,132,0
4969.330949,104,0,112,0,133,0,132,0
4969.332955,104,0,112,0,133,0,132,0
4969.334997,104,0,112,0,133,0,132,0
4969.337352,104,0,112,0,133,0,132,0
4969.339257,104,0,112,0,133,0,132,0
4969.340953,104,0,112,0,133,0,132,0
4969.343025,104,0,112,0,133,0,132,0
4969.345456,104,0,112,0,133,0,132,0
4969.347419,104,0,112,0,133,0,132,0
4969.349268,104,0,112,0,133,0,132,0
4969.351403,104,0,112,0,133,0,132,0
4969.353052,104,0,112,0,133,0,132,0
4969.355210,104,0,112,0,133,0,132,0
4969.357127,104,0,112,0,133,0,132,0
4969.359034,104,0,112,0,133,0,132,0
4969.361043,104,0,112,0,133,0,132,0
4969.363073,104,0,112,0,133,0,132,0
4969.365119,104,0,112,0,133,0,132,0
4969.367109,104,0,112,0,133,0,132,0
4969.369169,104,0,112,0,133,0,132,0
4969.371088,104,0,112,0,133,0,132,0
4969.373197,104,0,112,0,133,0,132,0
4969.375118,104,0,112,0,133,0,132,0
4969.377384,104,0,112,0,133,0,132,0
4969.379106,104,0,112,0,133,0,132,0
4969.381044,104,0,112,0,133,0,132,0
4969.383216,104,0,112,0,133,0,132,0
4969.385392,104,0,112,0,133,0,132,0
4969.387415,104,0,112,0,133,0,132,0
4969.389321,104,0,112,0,133,0,132,0
4969.391323,104,0,112,0,133,0,132,0
4969.393346,104,0,112,0,133,0,132,0
4969.395350,104,0,112,0,133,0,132,0
4969.397387,104,0,112,0,133,0,132,0
4969.398966,104,0,112,0,133,0,132,0
4969.401116,104,0,112,0,133,0,132,0
4969.403313,104,0,112,0,133,0,132,0
4969.405320,104,0,112,0,133,0,132,0
4969.407330,104,0,112,0,133,0,132,0
4969.409289,104,0,112,0,133,0,132,0
4969.411320,104,0,112,0,133,0,132,0
4969.413320,104,0,112,0,133,0,132,0
4969.415300,104,0,112,0,133,0,132,0
4969.417044,104,0,112,0,133,0,132,0
4969.419093,104,0,112,0,133,0,132,0
4969.421382,104,0,112,0,133,0,132,0
4969.423229,104,0,112,0,133,0,132,0
4969.425109,104,0,112,0,133,0,132,0
4969.427083,104,0,112,0,133,0,132,0
4969.429062,104,0,112,0,133,0,132,0
4969.431061,104,0,112,0,133,0,132,0
4969.433042,104,0,112,0,133,0,132,0
4969.435392,104,0,112,0,133,0,132,0
4969.437382,104,0,112,0,133,0,132,0
4969.439373,104,0,112,0,133,0,132,0
4969.441152,104,0,112,0,133,0,132,0
4969.443378,104,0,112,0,133,0,132,0
4969.445336,104,0,112,0,133,0,132,0
4969.447218,104,0,112,0,133,0,132,0
4969.448972,104,0,112,0,133,0,132,0
4969.451114,104,0,112,0,133,0,132,0
4969.453111,104,0,112,0,133,0,132,0
4969.455163,104,0,112,0,133,0,132,0
4969.457090,104,0,112,0,133,0,132,0
4969.459035,104,0,112,0,133,0,132,0
4969.461176,104,0,112,0,133,0,132,0
4969.463325,104,0,112,0,133,0,132,0
4969.465194,104,0,112,0,133,0,132,0
4969.467369,104,0,112,0,133,0,132,0
4969.469122,104,0,112,0,133,0,132,0
4969.471398,104,0,112,0,133,0,132,0
4969.473420,104,0,112,0,133,0,132,0
4969.475358,104,0,112,0,133,0,132,0
4969.477391,104,0,112,0,133,0,132,0
4969.479085,104,0,112,0,133,0,132,0
4969.481192,104,0,112,0,133,0,132,0
4969.483167,104,0,112,0,133,0,132,0
4969.485168,104,0,112,0,133,0,132,0
4969.487166,104,0,112,0,133,0,132,0
4969.489151,104,0,112,0,133,0,132,0
4969.491038,104,0,112,0,133,0,132,0
4969.493358,104,0,112,0,133,0,132,0
4969.495343,104,0,112,0,133,0,132,0
4969.497255,104,0,112,0,133,0,132,0
4969.499337,104,0,112,0,133,0,132,0
4969.501345,104,0,112,0,133,0,132,0
4969.503340,104,0,112,0,133,0,132,0
4969.505323,104,0,112,0,133,0,132,0
4969.507342,104,0,112,0,133,0,132,0
4969.508969,104,0,112,0,133,0,132,0
4969.511339,104,0,112,0,133,0,132,0
4969.513378,104,0,112,0,133,0,132,0
4969.515325,104,0,112,0,133,0,132,0
4969.517374,104,0,112,0,133,0,132,0
4969.519339,104,0,112,0,133,0,132,0
4969.521340,104,0,112,0,133,0,132,0
4969.523440,104,0,112,0,133,0,132,0
4969.525393,104,0,112,0,133,0,132,0
4969.527036,104,0,112,0,133,0,132,0
4969.529226,104,0,112,0,133,0,132,0
4969.531394,104,0,112,0,133,0,132,0
4969.533369,104,0,112,0,133,0,132,0
4969.535366,104,0,112,0,133,0,132,0
4969.537346,104,0,112,0,133,0,132,0
4969.539313,104,0,112,0,133,0,132,0
4969.541335,104,0,112,0,133,0,132,0
4969.543414,104,0,112,0,133,0,132,0
4969.545040,104,0,112,0,133,0,132,0
4969.547417,104,0,112,0,133,0,132,0
4969.549379,104,0,112,0,133,0,132,0
4969.551382,104,0,112,0,133,0,132,0
4969.553062,104,0,112,0,133,0,132,0
4969.555383,104,0,112,0,133,0,132,0
4969.557402,104,0,112,0,133,0,132,0
4969.559338,104,0,112,0,133,0,132,0
4969.561358,104,0,112,0,133,0,132,0
4969.563069,104,0,112,0,133,0,132,0
4969.565153,104,0,112,0,133,0,132,0
4969.567115,104,0,112,0,133,0,132,0
4969.569175,104,0,112,0,133,0,132,0
4969.571131,104,0,112,0,133,0,132,0
4969.573391,104,0,112,0,133,0,132,0
4969.575155,104,0,112,0,133,0,132,0
4969.577132,104,0,112,0,133,0,132,0
4969.579356,104,0,112,0,133,0,132,0
4969.581051,104,0,112,0,133,0,132,0
4969.583376,104,0,112,0,133,0,132,0
4969.585137,104,0,112,0,133,0,132,0
4969.587225,104,0,112,0,133,0,132,0
4969.589169,104,0,112,0,133,0,132,0
4969.591426,104,0,112,0,133,0,132,0
4969.593404,104,0,112,0,133,0,132,0
4969.595354,104,0,112,0,133,0,132,0
4969.597381,104,0,112,0,133,0,132,0
4969.599094,104,0,112,0,133,0,132,0
4969.601344,104,0,112,0,133,0,132,0
4969.603355,104,0,112,0,133,0,132,0
4969.605354,104,0,112,0,133,0,132,0
4969.607371,104,0,112,0,133,0,132,0
4969.609334,104,0,112,0,133,0,132,0
4969.611298,104,0,112,0,133,0,132,0
4969.613560,104,0,112,0,133,0,132,0
4969.615346,104,0,112,0,133,0,132,0
4969.617028,104,0,112,0,133,0,132,0
4969.619251,104,0,112,0,133,0,132,0
4969.621375,104,0,112,0,133,0,132,0
4969.623487,104,0,112,0,133,0,132,0
4969.625394,104,0,112,0,133,0,132,0
4969.627383,104,0,112,0,133,0,132,0
4969.629354,104,0,112,0,133,0,132,0
4969.631358,104,0,112,0,133,0,132,0
4969.633192,104,0,112,0,133,0,132,0
4969.635039,104,0,112,0,133,0,132,0
4969.637375,104,0,112,0,133,0,132,0
4969.639031,104,0,112,0,133,0,132,0
4969.641416,104,0,112,0,133,0,132,0
4969.643411,104,0,112,0,133,0,132,0
4969.645429,104,0,112,0,133,0,132,0
4969.647391,104,0,112,0,133,0,132,0
4969.649374,104,0,112,0,133,0,132,0
4969.651042,104,0,112,0,133,0,132,0
4969.653150,104,0,112,0,133,0,132,0
4969.655191,104,0,112,0,133,0,132,0
4969.657376,104,0,112,0,133,0,132,0
4969.659365,104,0,112,0,133,0,132,0
4969.661361,104,0,112,0,133,0,132,0
4969.663381,104,0,112,0,133,0,132,0
4969.665083,104,0,112,0,133,0,132,0
4969.667162,104,0,112,0,133,0,132,0
4969.669386,104,0,112,0,133,0,132,0
4969.671049,104,0,112,0,133,0,132,0
4969.673421,104,0,112,0,133,0,132,0
4969.675139,104,0,112,0,133,0,132,0
4969.677177,104,0,112,0,133,0,132,0
4969.679103,104,0,112,0,133,0,132,0
4969.681314,104,0,112,0,133,0,132,0
4969.683108,104,0,112,0,133,0,132,0
4969.685459,104,0,112,0,133,0,132,0
4969.687299,104,0,112,0,133,0,132,0
4969.689124,104,0,112,0,133,0,132,0
4969.691424,104,0,112,0,133,0,132,0
4969.693541,104,0,112,0,133,0,132,0
4969.695452,104,0,112,0,133,0,132,0
4969.697493,104,0,112,0,133,0,132,0
4969.699397,104,0,112,0,133,0,132,0
4969.701445,104,0,112,0,133,0,132,0
4969.703095,104,0,112,0,133,0,132,0
4969.705040,104,0,112,0,133,0,132,0
4969.707121,104,0,112,0,133,0,132,0
4969.709348,104,0,112,0,133,0,132,0
4969.711178,104,0,112,0,133,0,132,0
4969.713200,104,0,112,0,133,0,132,0
4969.715365,104,0,112,0,133,0,132,0
4969.717455,104,0,112,0,133,0,132,0
4969.719385,104,0,112,0,133,0,132,0
4969.721229,104,0,112,0,133,0,132,0
4969.723287,104,0,112,0,133,0,132,0
4969.725350,104,0,112,0,133,0,132,0
4969.727239,104,0,112,0,133,0,132,0
4969.729410,104,0,112,0,133,0,132,0
4969.731377,104,0,112,0,133,0,132,0
4969.733034,104,0,112,0,133,0,132,0
4969.735168,104,0,112,0,133,0,132,0
4969.737433,104,0,112,0,133,0,132,0
4969.739100,104,0,112,0,133,0,132,0
4969.741135,104,0,112,0,133,0,132,0
4969.743177,104,0,112,0,133,0,132,0
4969.745141,104,0,112,0,133,0,132,0
4969.747428,104,0,112,0,133,0,132,0
4969.749048,104,0,112,0,133,0,132,0
4969.751429,104,0,112,0,133,0,132,0
4969.753209,104,0,112,0,133,0,132,0
4969.755419,104,0,112,0,133,0,132,0
4969.757234,104,0,112,0,133,0,132,0
4969.759169,104,0,112,0,133,0,132,0
4969.761372,104,0,112,0,133,0,132,0
4969.763054,104,0,112,0,133,0,132,0
4969.764994,104,0,112,0,133,0,132,0
4969.767177,104,0,112,0,133,0,132,0
4969.769128,104,0,112,0,133,0,132,0
4969.771425,104,0,112,0,133,0,132,0
4969.773594,104,0,112,0,133,0,132,0
4969.775266,104,0,112,0,133,0,132,0
4969.777351,104,0,112,0,133,0,132,0
4969.779122,104,0,112,0,133,0,132,0
4969.781324,104,0,112,0,133,0,132,0
4969.783044,104,0,112,0,133,0,132,0
4969.785357,104,0,112,0,133,0,132,0
4969.787210,104,0,112,0,133,0,132,0
4969.789170,104,0,112,0,133,0,132,0
4969.791207,104,0,112,0,133,0,132,0
4969.793392,104,0,112,0,133,0,132,0
4969.795284,104,0,112,0,133,0,132,0
4969.797280,104,0,112,0,133,0,132,0
4969.799395,104,0,112,0,133,0,132,0
4969.801053,104,0,112,0,133,0,132,0
4969.803376,104,0,112,0,133,0,132,0
4969.805398,104,0,112,0,133,0,132,0
4969.807378,104,0,112,0,133,0,132,0
4969.809409,104,0,112,0,133,0,132,0
4969.811358,104,0,112,0,133,0,132,0
4969.813380,104,0,112,0,133,0,132,0
4969.815369,104,0,112,0,133,0,132,0
4969.817370,104,0,112,0,133,0,132,0
4969.819019,104,0,112,0,133,0,132,0
4969.821366,104,0,112,0,133,0,132,0
4969.823212,104,0,112,0,133,0,132,0
4969.825353,104,0,112,0,133,0,132,0
4969.827395,104,0,112,0,133,0,132,0
4969.829407,104,0,112,0,133,0,132,0
4969.831406,104,0,112,0,133,0,132,0
4969.833401,104,0,112,0,133,0,132,0
4969.835048,104,0,112,0,133,0,132,0
4969.837384,104,0,112,0,133,0,132,0
4969.839375,104,0,112,0,133,0,132,0
4969.841388,104,0,112,0,133,0,132,0
4969.843423,104,0,112,0,133,0,132,0
4969.845081,104,0,112,0,133,0,132,0
4969.847408,104,0,112,0,133,0,132,0
4969.849415,104,0,112,0,133,0,132,0
4969.851247,104,0,112,0,133,0,132,0
4969.853416,104,0,112,0,133,0,132,0
4969.855363,104,0,112,0,133,0,132,0
4969.857448,104,0,112,0,133,0,132,0
4969.859375,104,0,112,0,133,0,132,0
4969.861408,104,0,112,0,133,0,132,0
4969.863408,104,0,112,0,133,0,132,0
4969.865403,104,0,112,0,133,0,132,0
4969.867125,104,0,112,0,133,0,132,0
4969.869390,104,0,112,0,133,0,132,0
4969.871390,104,0,112,0,133,0,132,0
4969.873623,104,0,112,0,133,0,132,0
4969.875408,104,0,112,0,133,0,132,0
4969.877426,104,0,112,0,133,0,132,0
4969.879389,104,0,112,0,133,0,132,0
4969.881395,104,0,112,0,133,0,132,0
4969.883397,104,0,112,0,133,0,132,0
4969.885037,104,0,112,0,133,0,132,0
4969.887475,104,0,112,0,133,0,132,0
4969.889375,104,0,112,0,133,0,132,0
4969.891381,104,0,112,0,133,0,132,0
4969.893379,104,0,112,0,133,0,132,0
4969.895369,104,0,112,0,133,0,132,0
4969.897415,104,0,112,0,133,0,132,0
4969.899385,104,0,112,0,133,0,132,0
4969.901351,104,0,112,0,133,0,132,0
4969.903091,104,0,112,0,133,0,132,0
4969.905371,104,0,112,0,133,0,132,0
4969.907377,104,0,112,0,133,0,132,0
4969.909363,104,0,112,0,133,0,132,0
4969.911345,104,0,112,0,133,0,132,0
4969.913382,104,0,112,0,133,0,132,0
4969.915423,104,0,112,0,133,0,132,0
4969.917450,104,0,112,0,133,0,132,0
4969.919392,104,0,112,0,133,0,132,0
4969.921082,104,0,112,0,133,0,132,0
4969.923497,104,0,112,0,133,0,132,0
4969.925088,104,0,112,0,133,0,132,0
4969.927106,104,0,112,0,133,0,132,0
4969.929148,104,0,112,0,133,0,132,0
4969.931172,104,0,112,0,133,0,132,0
4969.933159,104,0,112,0,133,0,132,0
4969.935197,104,0,112,0,133,0,132,0
4969.937406,104,0,112,0,133,0,132,0
4969.939392,104,0,112,0,133,0,132,0
4969.941219,104,0,112,0,133,0,132,0
4969.943425,104,0,112,0,133,0,132,0
4969.945227,104,0,112,0,133,0,132,0
4969.947441,104,0,112,0,133,0,132,0
4969.949049,104,0,112,0,133,0,132,0
4969.951082,104,0,112,0,133,0,132,0
4969.953227,104,0,112,0,133,0,132,0
4969.955437,104,0,112,0,133,0,132,0
4969.957190,104,0,112,0,133,0,132,0
4969.959223,104,0,112,0,133,0,132,0
4969.961217,104,0,112,0,133,0,132,0
4969.963101,104,0,112,0,133,0,132,0
4969.965137,104,0,112,0,133,0,132,0
4969.967137,104,0,112,0,133,0,132,0
4969.969144,104,0,112,0,133,0,132,0
4969.971413,104,0,112,0,133,0,132,0
4969.973616,104,0,112,0,133,0,132,0
4969.975129,104,0,112,0,133,0,132,0
4969.977447,104,0,112,0,133,0,132,0
4969.979385,104,0,112,0,133,0,132,0
4969.981346,104,0,112,0,133,0,132,0
4969.983334,104,0,112,0,133,0,132,0
4969.985354,104,0,112,0,133,0,132,0
4969.987370,104,0,112,0,133,0,132,0
4969.989348,104,0,112,0,133,0,132,0
4969.991072,104,0,112,0,133,0,132,0
4969.993174,104,0,112,0,133,0,132,0
4969.995408,104,0,112,0,133,0,132,0
4969.997423,104,0,112,0,133,0,132,0
4969.999414,104,0,112,0,133,0,132,0
4970.001420,104,0,112,0,133,0,132,0
4970.003411,104,0,112,0,133,0,132,0
4970.005408,104,0,112,0,133,0,132,0
4970.007429,104,0,112,0,133,0,132,0
4970.009067,104,0,112,0,133,0,132,0
4970.011423,104,0,112,0,133,0,132,0
4970.013423,104,0,112,0,133,0,132,0
4970.015424,104,0,112,0,133,0,132,0
4970.017419,104,0,112,0,133,0,132,0
4970.019429,104,0,112,0,133,0,132,0
4970.021411,104,0,112,0,133,0,132,0
4970.023612,104,0,112,0,133,0,132,0
4970.025449,104,0,112,0,133,0,132,0
4970.027055,104,0,112,0,133,0,132,0
4970.029408,104,0,112,0,133,0,132,0
4970.031399,104,0,112,0,133,0,132,0
4970.033408,104,0,112,0,133,0,132,0
4970.035403,104,0,112,0,133,0,132,0
4970.037434,104,0,112,0,133,0,132,0
4970.039430,104,0,112,0,133,0,132,0
4970.041416,104,0,112,0,133,0,132,0
4970.043441,104,0,112,0,133,0,132,0
4970.045073,104,0,112,0,133,0,132,0
4970.047418,104,0,112,0,133,0,132,0
4970.049275,104,0,112,0,133,0,132,0
4970.051452,104,0,112,0,133,0,132,0
4970.053403,104,0,112,0,133,0,132,0
4970.055452,104,0,112,0,133,0,132,0
4970.057447,104,0,112,0,133,0,132,0
4970.059452,104,0,112,0,133,0,132,0
4970.061424,104,0,112,0,133,0,132,0
4970.063084,104,0,112,0,133,0,132,0
4970.065395,104,0,112,0,133,0,132,0
4970.067398,104,0,112,0,133,0,132,0
4970.069378,104,0,112,0,133,0,132,0
4970.071379,104,0,112,0,133,0,132,0
4970.073645,104,0,112,0,133,0,132,0
4970.075431,104,0,112,0,133,0,132,0
4970.077414,104,0,112,0,133,0,132,0
4970.079421,104,0,112,0,133,0,132,0
4970.081073,104,0,112,0,133,0,132,0
4970.083367,104,0,112,0,133,0,132,0
4970.085408,104,0,112,0,133,0,132,0
4970.087248,104,0,112,0,133,0,132,0
4970.089448,104,0,112,0,133,0,132,0
4970.091446,104,0,112,0,133,0,132,0
4970.093452,104,0,112,0,133,0,132,0
4970.095432,104,0,112,0,133,0,132,0
4970.097129,104,0,112,0,133,0,132,0
4970.099440,104,0,112,0,133,0,132,0
4970.101413,104,0,112,0,133,0,132,0
4970.103413,104,0,112,0,133,0,132,0
4970.105032,104,0,112,0,133,0,132,0
4970.107059,104,0,112,0,133,0,132,0
4970.109042,104,0,112,0,133,0,132,0
4970.111308,104,0,112,0,133,0,132,0
4970.113358,104,0,112,0,133,0,132,0
4970.115413,104,0,112,0,133,0,132,0
4970.117408,104,0,112,0,133,0,132,0
4970.119363,104,0,112,0,133,0,132,0
4970.121161,104,0,112,0,133,0,132,0
4970.123550,104,0,112,0,133,0,132,0
4970.125436,104,0,112,0,133,0,132,0
4970.127375,104,0,112,0,133,0,132,0
4970.129432,104,0,112,0,133,0,132,0
4970.131367,104,0,112,0,133,0,132,0
4970.133448,104,0,112,0,133,0,132,0
4970.135073,104,0,112,0,133,0,132,0
4970.137311,104,0,112,0,133,0,132,0
4970.139408,104,0,112,0,133,0,132,0
4970.141416,104,0,112,0,133,0,132,0
4970.143277,104,0,112,0,133,0,132,0
4970.145409,104,0,112,0,133,0,132,0
4970.147042,104,0,112,0,133,0,132,0
4970.149409,104,0,112,0,133,0,132,0
4970.151368,104,0,112,0,133,0,132,0
4970.153454,104,0,112,0,133,0,132,0
4970.155435,104,0,112,0,133,0,132,0
4970.157455,104,0,112,0,133,0,132,0
4970.159408,104,0,112,0,133,0,132,0
4970.161141,104,0,112,0,133,0,132,0
4970.163031,104,0,112,0,133,0,132,0
4970.165136,104,0,112,0,133,0,132,0
4970.167168,104,0,112,0,133,0,132,0
4970.169114,104,0,112,0,133,0,132,0
4970.171404,104,0,112,0,133,0,132,0
4970.173479,104,0,112,0,133,0,132,0
4970.175046,104,0,112,0,133,0,132,0
4970.177056,104,0,112,0,133,0,132,0
4970.179044,104,0,112,0,133,0,132,0
4970.181382,104,0,112,0,133,0,132,0
4970.183423,104,0,112,0,133,0,132,0
4970.185423,104,0,112,0,133,0,132,0
4970.187430,104,0,112,0,133,0,132,0
4970.189407,104,0,112,0,133,0,132,0
4970.191436,104,0,112,0,133,0,132,0
4970.193416,104,0,112,0,133,0,132,0
4970.195041,104,0,112,0,133,0,132,0
4970.197083,104,0,112,0,133,0,132,0
4970.199375,104,0,112,0,133,0,132,0
4970.201402,104,0,112,0,133,0,132,0
4970.203357,104,0,112,0,133,0,132,0
4970.205369,104,0,112,0,133,0,132,0
4970.207370,104,0,112,0,133,0,132,0
4970.209153,104,0,112,0,133,0,132,0
4970.211373,104,0,112,0,133,0,132,0
4970.213438,104,0,112,0,133,0,132,0
4970.215051,104,0,112,0,133,0,132,0
4970.217417,104,0,112,0,133,0,132,0
4970.219438,104,0,112,0,133,0,132,0
4970.221383,104,0,112,0,133,0,132,0
4970.223651,104,0,112,0,133,0,132,0
4970.225440,104,0,112,0,133,0,132,0
4970.227456,104,0,112,0,133,0,132,0
4970.229440,104,0,112,0,133,0,132,0
4970.231128,104,0,112,0,133,0,132,0
4970.233548,104,0,112,0,133,0,132,0
4970.235375,104,0,112,0,133,0,132,0
4970.237387,104,0,112,0,133,0,132,0
4970.239374,104,0,112,0,133,0,132,0
4970.241371,104,0,112,0,133,0,132,0
4970.243042,104,0,112,0,133,0,132,0
4970.245082,104,0,112,0,133,0,132,0
4970.247228,104,0,112,0,133,0,132,0
4970.249452,104,0,112,0,133,0,132,0
4970.251388,104,0,112,0,133,0,132,0
4970.253420,104,0,112,0,133,0,132,0
4970.255408,104,0,112,0,133,0,132,0
4970.257436,104,0,112,0,133,0,132,0
4970.259430,104,0,112,0,133,0,132,0
4970.261419,104,0,112,0,133,0,132,0
4970.263118,104,0,112,0,133,0,132,0
4970.265244,104,0,112,0,133,0,132,0
4970.267252,104,0,112,0,133,0,132,0
4970.269209,104,0,112,0,133,0,132,0
4970.271481,104,0,112,0,133,0,132,0
4970.273685,104,0,112,0,133,0,132,0
4970.275408,104,0,112,0,133,0,132,0
4970.277112,104,0,112,0,133,0,132,0
4970.279106,104,0,112,0,133,0,132,0
4970.281043,104,0,112,0,133,0,132,0
4970.283394,104,0,112,0,133,0,132,0
4970.285291,104,0,112,0,133,0,132,0
4970.287336,104,0,112,0,133,0,132,0
4970.289444,104,0,112,0,133,0,132,0
4970.291433,104,0,112,0,133,0,132,0
4970.293477,104,0,112,0,133,0,132,0
4970.295463,104,0,112,0,133,0,132,0
4970.297470,104,0,112,0,133,0,132,0
4970.299429,104,0,112,0,133,0,132,0
4970.301461,104,0,112,0,133,0,132,0
4970.303451,104,0,112,0,133,0,132,0
4970.305478,104,0,112,0,133,0,132,0
4970.307392,104,0,112,0,133,0,132,0
4970.309358,104,0,112,0,133,0,132,0
4970.311367,104,0,112,0,133,0,132,0
4970.313385,104,0,112,0,133,0,132,0
4970.315134,104,0,112,0,133,0,132,0
4970.317468,104,0,112,0,133,0,132,0
4970.319449,104,0,112,0,133,0,132,0
4970.321457,104,0,112,0,133,0,132,0
4970.323680,104,0,112,0,133,0,132,0
4970.325100,104,0,112,0,133,0,132,0
4970.327110,104,0,112,0,133,0,132,0
4970.329363,104,0,112,0,133,0,132,0
4970.331033,104,0,112,0,133,0,132,0
4970.333048,104,0,112,0,133,0,132,0
4970.335124,104,0,112,0,133,0,132,0
4970.337509,104,0,112,0,133,0,132,0
4970.339456,104,0,112,0,133,0,132,0
4970.341278,104,0,112,0,133,0,132,0
4970.343221,104,0,112,0,133,0,132,0
4970.345336,104,0,112,0,133,0,132,0
4970.347436,104,0,112,0,133,0,132,0
4970.349417,104,0,112,0,133,0,132,0
4970.351299,104,0,112,0,133,0,132,0
4970.353337,104,0,112,0,133,0,132,0
4970.355432,104,0,112,0,133,0,132,0
4970.357164,104,0,112,0,133,0,132,0
4970.359376,104,0,112,0,133,0,132,0
4970.361408,104,0,112,0,133,0,132,0
4970.363118,104,0,112,0,133,0,132,0
4970.365103,104,0,112,0,133,0,132,0
4970.367172,104,0,112,0,133,0,132,0
4970.369155,104,0,112,0,133,0,132,0
4970.371268,104,0,112,0,133,0,132,0
4970.373551,104,0,112,0,133,0,132,0
4970.375236,104,0,112,0,133,0,132,0
4970.377157,104,0,112,0,133,0,132,0
4970.379387,104,0,112,0,133,0,132,0
4970.381187,104,0,112,0,133,0,132,0
4970.383407,104,0,112,0,133,0,132,0
4970.385210,104,0,112,0,133,0,132,0
4970.387169,104,0,112,0,133,0,132,0
4970.389468,104,0,112,0,133,0,132,0
4970.391247,104,0,112,0,133,0,132,0
4970.393461,104,0,112,0,133,0,132,0
4970.395476,104,0,112,0,133,0,132,0
4970.397467,104,0,112,0,133,0,132,0
4970.399408,104,0,112,0,133,0,132,0
4970.401424,104,0,112,0,133,0,132,0
4970.403091,104,0,112,0,133,0,132,0
4970.405395,104,0,112,0,133,0,132,0
4970.407414,104,0,112,0,133,0,132,0
4970.409393,104,0,112,0,133,0,132,0
4970.411413,104,0,112,0,133,0,132,0
4970.413412,104,0,112,0,133,0,132,0
4970.415423,104,0,112,0,133,0,132,0
4970.417477,104,0,112,0,133,0,132,0
4970.419430,104,0,112,0,133,0,132,0
4970.421066,104,0,112,0,133,0,132,0
4970.423114,104,0,112,0,133,0,132,0
4970.425155,104,0,112,0,133,0,132,0
4970.427175,104,0,112,0,133,0,132,0
4970.429208,104,0,112,0,133,0,132,0
4970.431259,104,0,112,0,133,0,132,0
4970.433463,104,0,112,0,133,0,132,0
4970.435454,104,0,112,0,133,0,132,0
4970.437138,104,0,112,0,133,0,132,0
4970.439195,104,0,112,0,133,0,132,0
4970.441175,104,0,112,0,133,0,132,0
4970.443115,104,0,112,0,133,0,132,0
4970.445041,104,0,112,0,133,0,132,0
4970.447440,104,0,112,0,133,0,132,0
4970.449297,104,0,112,0,133,0,132,0
4970.451423,104,0,112,0,133,0,132,0
4970.453245,104,0,112,0,133,0,132,0
4970.455254,104,0,112,0,133,0,132,0
4970.457506,104,0,112,0,133,0,132,0
4970.459333,104,0,112,0,133,0,132,0
4970.461376,104,0,112,0,133,0,132,0
4970.463312,104,0,112,0,133,0,132,0
4970.465072,104,0,112,0,133,0,132,0
4970.467243,104,0,112,0,133,0,132,0
4970.469267,104,0,112,0,133,0,132,0
4970.471464,104,0,112,0,133,0,132,0
4970.473644,104,0,112,0,133,0,132,0
4970.475492,104,0,112,0,133,0,132,0
4970.477467,104,0,112,0,133,0,132,0
4970.479440,104,0,112,0,133,0,132,0
4970.481440,104,0,112,0,133,0,132,0
4970.483070,104,0,112,0,133,0,132,0
4970.485358,104,0,112,0,133,0,132,0
4970.487454,104,0,112,0,133,0,132,0
4970.489445,104,0,112,0,133,0,132,0
4970.491438,104,0,112,0,133,0,132,0
4970.493466,104,0,112,0,133,0,132,0
4970.495270,104,0,112,0,133,0,132,0
4970.497504,104,0,112,0,133,0,132,0
4970.499443,104,0,112,0,133,0,132,0
4970.501139,104,0,112,0,133,0,132,0
4970.503451,104,0,112,0,133,0,132,0
4970.505417,104,0,112,0,133,0,132,0
4970.507510,104,0,112,0,133,0,132,0
4970.509385,104,0,112,0,133,0,132,0
4970.511391,104,0,112,0,133,0,132,0
4970.513388,104,0,112,0,133,0,132,0
4970.515403,104,0,112,0,133,0,132,0
4970.517461,104,0,112,0,133,0,132,0
4970.519142,104,0,112,0,133,0,132,0
4970.521415,104,0,112,0,133,0,132,0
4970.523509,104,0,112,0,133,0,132,0
4970.525108,104,0,112,0,133,0,132,0
4970.527492,104,0,112,0,133,0,132,0
4970.529456,104,0,112,0,133,0,132,0
4970.531452,104,0,112,0,133,0,132,0
4970.533453,104,0,112,0,133,0,132,0
4970.535465,104,0,112,0,133,0,132,0
4970.537159,104,0,112,0,133,0,132,0
4970.539419,104,0,112,0,133,0,132,0
4970.541458,104,0,112,0,133,0,132,0
4970.543470,104,0,112,0,133,0,132,0
4970.545457,104,0,112,0,133,0,132,0
4970.547157,104,0,112,0,133,0,132,0
4970.549422,104,0,112,0,133,0,132,0
4970.551419,104,0,112,0,133,0,132,0
4970.553455,104,0,112,0,133,0,132,0
4970.555421,104,0,112,0,133,0,132,0
4970.557434,104,0,112,0,133,0,132,0
4970.559454,104,0,112,0,133,0,132,0
4970.561072,104,0,112,0,133,0,132,0
4970.563072,104,0,112,0,133,0,132,0
4970.565070,104,0,112,0,133,0,132,0
4970.567179,104,0,112,0,133,0,132,0
4970.569142,104,0,112,0,133,0,132,0
4970.571459,104,0,112,0,133,0,132,0
4970.573456,104,0,112,0,133,0,132,0
4970.575469,104,0,112,0,133,0,132,0
4970.577509,104,0,112,0,133,0,132,0
4970.579455,104,0,112,0,133,0,132,0
4970.581478,104,0,112,0,133,0,132,0
4970.583416,104,0,112,0,133,0,132,0
4970.585440,104,0,112,0,133,0,132,0
4970.587487,104,0,112,0,133,0,132,0
4970.589445,104,0,112,0,133,0,132,0
4970.591209,104,0,112,0,133,0,132,0
4970.593083,104,0,112,0,133,0,132,0
4970.595459,104,0,112,0,133,0,132,0
4970.597490,104,0,112,0,133,0,132,0
4970.599447,104,0,112,0,133,0,132,0
4970.601457,104,0,112,0,133,0,132,0
4970.603396,104,0,112,0,133,0,132,0
4970.605398,104,0,112,0,133,0,132,0
4970.607408,104,0,112,0,133,0,132,0
4970.609403,104,0,112,0,133,0,132,0
4970.611045,104,0,112,0,133,0,132,0
4970.613424,104,0,112,0,133,0,132,0
4970.615437,104,0,112,0,133,0,132,0
4970.617436,104,0,112,0,133,0,132,0
4970.619429,104,0,112,0,133,0,132,0
4970.621457,104,0,112,0,133,0,132,0
4970.623658,104,0,112,0,133,0,132,0
4970.625469,104,0,112,0,133,0,132,0
4970.627195,104,0,112,0,133,0,132,0
4970.629464,104,0,112,0,133,0,132,0
4970.631434,104,0,112,0,133,0,132,0
4970.633439,104,0,112,0,133,0,132,0
4970.635450,104,0,112,0,133,0,132,0
4970.637470,104,0,112,0,133,0,132,0
4970.639426,104,0,112,0,133,0,132,0
4970.641476,104,0,112,0,133,0,132,0
4970.643087,104,0,112,0,133,0,132,0
4970.645125,104,0,112,0,133,0,132,0
4970.647174,104,0,112,0,133,0,132,0
4970.649441,104,0,112,0,133,0,132,0
4970.651434,104,0,112,0,133,0,132,0
4970.653441,104,0,112,0,133,0,132,0
4970.655469,104,0,112,0,133,0,132,0
4970.657465,104,0,112,0,133,0,132,0
4970.659460,104,0,112,0,133,0,132,0
4970.661470,104,0,112,0,133,0,132,0
4970.663436,104,0,112,0,133,0,132,0
4970.665132,104,0,112,0,133,0,132,0
4970.667455,104,0,112,0,133,0,132,0
4970.669440,104,0,112,0,133,0,132,0
4970.671453,104,0,112,0,133,0,132,0
4970.673587,104,0,112,0,133,0,132,0
4970.675100,104,0,112,0,133,0,132,0
4970.677187,104,0,112,0,133,0,132,0
4970.679157,104,0,112,0,133,0,132,0
4970.681301,104,0,112,0,133,0,132,0
4970.683044,104,0,112,0,133,0,132,0
4970.685401,104,0,112,0,133,0,132,0
4970.687354,104,0,112,0,133,0,132,0
4970.689154,104,0,112,0,133,0,132,0
4970.691438,104,0,112,0,133,0,132,0
4970.693368,104,0,112,0,133,0,132,0
4970.695410,104,0,112,0,133,0,132,0
4970.697420,104,0,112,0,133,0,132,0
4970.699401,104,0,112,0,133,0,132,0
4970.701412,104,0,112,0,133,0,132,0
4970.703411,104,0,112,0,133,0,132,0
4970.705409,104,0,112,0,133,0,132,0
4970.707049,104,0,112,0,133,0,132,0
4970.709408,104,0,112,0,133,0,132,0
4970.711402,104,0,112,0,133,0,132,0
4970.713502,104,0,112,0,133,0,132,0
4970.715510,104,0,112,0,133,0,132,0
4970.717649,104,0,112,0,133,0,132,0
4970.719521,104,0,112,0,133,0,132,0
4970.721508,104,0,112,0,133,0,132,0
4970.723524,104,0,112,0,133,0,132,0
4970.725133,104,0,112,0,133,0,132,0
4970.727455,104,0,112,0,133,0,132,0
4970.729445,104,0,112,0,133,0,132,0
4970.731456,104,0,112,0,133,0,132,0
4970.733490,104,0,112,0,133,0,132,0
4970.735516,104,0,112,0,133,0,132,0
4970.737478,104,0,112,0,133,0,132,0
4970.739466,104,0,112,0,133,0,132,0
4970.741476,104,0,112,0,133,0,132,0
4970.743125,104,0,112,0,133,0,132,0
4970.745426,104,0,112,0,133,0,132,0
4970.747466,104,0,112,0,133,0,132,0
4970.749437,104,0,112,0,133,0,132,0
4970.751440,104,0,112,0,133,0,132,0
4970.753415,104,0,112,0,133,0,132,0
4970.755425,104,0,112,0,133,0,132,0
4970.757451,104,0,112,0,133,0,132,0
4970.759423,104,0,112,0,133,0,132,0
4970.761118,104,0,112,0,133,0,132,0
4970.763493,104,0,112,0,133,0,132,0
4970.765150,104,0,112,0,133,0,132,0
4970.767281,104,0,112,0,133,0,132,0
4970.769135,104,0,112,0,133,0,132,0
4970.771135,104,0,112,0,133,0,132,0
4970.773468,104,0,112,0,133,0,132,0
4970.775204,104,0,112,0,133,0,132,0
4970.777147,104,0,112,0,133,0,132,0
4970.779205,104,0,112,0,133,0,132,0
4970.781095,104,0,112,0,133,0,132,0
4970.783240,104,0,112,0,133,0,132,0
4970.785256,104,0,112,0,133,0,132,0
4970.787237,104,0,112,0,133,0,132,0
4970.789141,104,0,112,0,133,0,132,0
4970.791291,104,0,112,0,133,0,132,0
4970.793395,104,0,112,0,133,0,132,0
4970.795226,104,0,112,0,133,0,132,0
4970.797193,104,0,112,0,133,0,132,0
4970.799207,104,0,112,0,133,0,132,0
4970.801159,104,0,112,0,133,0,132,0
4970.803418,104,0,112,0,133,0,132,0
4970.805230,104,0,112,0,133,0,132,0
4970.807126,104,0,112,0,133,0,132,0
4970.809407,104,0,112,0,133,0,132,0
4970.811200,104,0,112,0,133,0,132,0
4970.813242,104,0,112,0,133,0,132,0
4970.815493,104,0,112,0,133,0,132,0
4970.817365,104,0,112,0,133,0,132,0
4970.819494,104,0,112,0,133,0,132,0
4970.821531,104,0,112,0,133,0,132,0
4970.823774,104,0,112,0,133,0,132,0
4970.825131,104,0,112,0,133,0,132,0
4970.827562,104,0,112,0,133,0,132,0
4970.829466,104,0,112,0,133,0,132,0
4970.831447,104,0,112,0,133,0,132,0
4970.833455,104,0,112,0,133,0,132,0
4970.835481,104,0,112,0,133,0,132,0
4970.837312,104,0,112,0,133,0,132,0
4970.839457,104,0,112,0,133,0,132,0
4970.841484,104,0,112,0,133,0,132,0
4970.843138,104,0,112,0,133,0,132,0
4970.845448,104,0,112,0,133,0,132,0
4970.847439,104,0,112,0,133,0,132,0
4970.849103,104,0,112,0,133,0,132,0
4970.851448,104,0,112,0,133,0,132,0
4970.853474,104,0,112,0,133,0,132,0
4970.855460,104,0,112,0,133,0,132,0
4970.857561,104,0,112,0,133,0,132,0
4970.859531,104,0,112,0,133,0,132,0
4970.861489,104,0,112,0,133,0,132,0
4970.863474,104,0,112,0,133,0,132,0
4970.865442,104,0,112,0,133,0,132,0
4970.867154,104,0,112,0,133,0,132,0
4970.869449,104,0,112,0,133,0,132,0
4970.871434,104,0,112,0,133,0,132,0
4970.873446,104,0,112,0,133,0,132,0
4970.875486,104,0,112,0,133,0,132,0
4970.877488,104,0,112,0,133,0,132,0
4970.879469,104,0,112,0,133,0,132,0
4970.881432,104,0,112,0,133,0,132,0
4970.883461,104,0,112,0,133,0,132,0
4970.885178,104,0,112,0,133,0,132,0
4970.887514,104,0,112,0,133,0,132,0
4970.889497,104,0,112,0,133,0,132,0
4970.891538,104,0,112,0,133,0,132,0
4970.893492,104,0,112,0,133,0,132,0
4970.895527,104,0,112,0,133,0,132,0
4970.897447,104,0,112,0,133,0,132,0
4970.899121,104,0,112,0,133,0,132,0
4970.901437,104,0,112,0,133,0,132,0
4970.903112,104,0,112,0,133,0,132,0
4970.905474,104,0,112,0,133,0,132,0
4970.907476,104,0,112,0,133,0,132,0
4970.909464,104,0,112,0,133,0,132,0
4970.911464,104,0,112,0,133,0,132,0
4970.913511,104,0,112,0,133,0,132,0
4970.915491,104,0,112,0,133,0,132,0
4970.917486,104,0,112,0,133,0,132,0
4970.919446,104,0,112,0,133,0,132,0
4970.921099,104,0,112,0,133,0,132,0
4970.923445,104,0,112,0,133,0,132,0
4970.925244,104,0,112,0,133,0,132,0
4970.927245,104,0,112,0,133,0,132,0
4970.929221,104,0,112,0,133,0,132,0
4970.931305,104,0,112,0,133,0,132,0
4970.933487,104,0,112,0,133,0,132,0
4970.935285,104,0,112,0,133,0,132,0
4970.937559,104,0,112,0,133,0,132,0
4970.939485,104,0,112,0,133,0,132,0
4970.941458,104,0,112,0,133,0,132,0
4970.943465,104,0,112,0,133,0,132,0
4970.945347,104,0,112,0,133,0,132,0
4970.947422,104,0,112,0,133,0,132,0
4970.949419,104,0,112,0,133,0,132,0
4970.951409,104,0,112,0,133,0,132,0
4970.953078,104,0,112,0,133,0,132,0
4970.955187,104,0,112,0,133,0,132,0
4970.957371,104,0,112,0,133,0,132,0
4970.959396,104,0,112,0,133,0,132,0
4970.961443,104,0,112,0,133,0,132,0
4970.963171,104,0,112,0,133,0,132,0
4970.965115,104,0,112,0,133,0,132,0
4970.967318,104,0,112,0,133,0,132,0
4970.969213,104,0,112,0,133,0,132,0
4970.971222,104,0,112,0,133,0,132,0
4970.973560,104,0,112,0,133,0,132,0
4970.975434,104,0,112,0,133,0,132,0
4970.977387,104,0,112,0,133,0,132,0
4970.979492,104,0,112,0,133,0,132,0
4970.981484,104,0,112,0,133,0,132,0
4970.983156,104,0,112,0,133,0,132,0
4970.985512,104,0,112,0,133,0,132,0
4970.987519,104,0,112,0,133,0,132,0
4970.989487,104,0,112,0,133,0,132,0
4970.991181,104,0,112,0,133,0,132,0
4970.993477,104,0,112,0,133,0,132,0
4970.995505,104,0,112,0,133,0,132,0
4970.997519,104,0,112,0,133,0,132,0
4970.999433,104,0,112,0,133,0,132,0
4971.001438,104,0,112,0,133,0,132,0
4971.003415,104,0,112,0,133,0,132,0
4971.004947,104,0,112,0,133,0,132,0
4971.007159,104,0,112,0,133,0,132,0
4971.009102,104,0,112,0,133,0,132,0
4971.011158,104,0,112,0,133,0,132,0
4971.013076,104,0,112,0,133,0,132,0
4971.015184,104,0,112,0,133,0,132,0
4971.017156,104,0,112,0,133,0,132,0
4971.019175,104,0,112,0,133,0,132,0
4971.021161,104,0,112,0,133,0,132,0
4971.023441,104,0,112,0,133,0,132,0
4971.025248,104,0,112,0,133,0,132,0
4971.027120,104,0,112,0,133,0,132,0
4971.029465,104,0,112,0,133,0,132,0
4971.031255,104,0,112,0,133,0,132,0
4971.033431,104,0,112,0,133,0,132,0
4971.035263,104,0,112,0,133,0,132,0
4971.037492,104,0,112,0,133,0,132,0
4971.039295,104,0,112,0,133,0,132,0
4971.041492,104,0,112,0,133,0,132,0
4971.043278,104,0,112,0,133,0,132,0
4971.045178,104,0,112,0,133,0,132,0
4971.047496,104,0,112,0,133,0,132,0
4971.049533,104,0,112,0,133,0,132,0
4971.051544,104,0,112,0,133,0,132,0
4971.053291,104,0,112,0,133,0,132,0
4971.055505,104,0,112,0,133,0,132,0
4971.057301,104,0,112,0,133,0,132,0
4971.059255,104,0,112,0,133,0,132,0
4971.061376,104,0,112,0,133,0,132,0
4971.063169,104,0,112,0,133,0,132,0
4971.065438,104,0,112,0,133,0,132,0
4971.067507,104,0,112,0,133,0,132,0
4971.069502,104,0,112,0,133,0,132,0
4971.071474,104,0,112,0,133,0,132,0
4971.073474,104,0,112,0,133,0,132,0
4971.075260,104,0,112,0,133,0,132,0
4971.077496,104,0,112,0,133,0,132,0
4971.079462,104,0,112,0,133,0,132,0
4971.081166,104,0,112,0,133,0,132,0
4971.083512,104,0,112,0,133,0,132,0
4971.085509,104,0,112,0,133,0,132,0
4971.087523,104,0,112,0,133,0,132,0
4971.089497,104,0,112,0,133,0,132,0
4971.091443,104,0,112,0,133,0,132,0
4971.093241,104,0,112,0,133,0,132,0
4971.095445,104,0,112,0,133,0,132,0
4971.097447,104,0,112,0,133,0,132,0
4971.099455,104,0,112,0,133,0,132,0
4971.101464,104,0,112,0,133,0,132,0
4971.103483,104,0,112,0,133,0,132,0
4971.105082,104,0,112,0,133,0,132,0
4971.107141,104,0,112,0,133,0,132,0
4971.109120,104,0,112,0,133,0,132,0
4971.111468,104,0,112,0,133,0,132,0
4971.113335,104,0,112,0,133,0,132,0
4971.115379,104,0,112,0,133,0,132,0
4971.117474,104,0,112,0,133,0,132,0
4971.119338,104,0,112,0,133,0,132,0
4971.121467,104,0,112,0,133,0,132,0
4971.123416,104,0,112,0,133,0,132,0
4971.125418,104,0,112,0,133,0,132,0
4971.127161,104,0,112,0,133,0,132,0
4971.129445,104,0,112,0,133,0,132,0
4971.131501,104,0,112,0,133,0,132,0
4971.133476,104,0,112,0,133,0,132,0
4971.135495,104,0,112,0,133,0,132,0
4971.137514,104,0,112,0,133,0,132,0
4971.139489,104,0,112,0,133,0,132,0
4971.141474,104,0,112,0,133,0,132,0
4971.143176,104,0,112,0,133,0,132,0
4971.145490,104,0,112,0,133,0,132,0
4971.147226,104,0,112,0,133,0,132,0
4971.149487,104,0,112,0,133,0,132,0
4971.151439,104,0,112,0,133,0,132,0
4971.153438,104,0,112,0,133,0,132,0
4971.155425,104,0,112,0,133,0,132,0
4971.157478,104,0,112,0,133,0,132,0
4971.159404,104,0,112,0,133,0,132,0
4971.161538,104,0,112,0,133,0,132,0
4971.163125,104,0,112,0,133,0,132,0
4971.165070,104,0,112,0,133,0,132,0
4971.167220,104,0,112,0,133,0,132,0
4971.169125,104,0,112,0,133,0,132,0
4971.171249,104,0,112,0,133,0,132,0
4971.173235,104,0,112,0,133,0,132,0
4971.175162,104,0,112,0,133,0,132,0
4971.177302,104,0,112,0,133,0,132,0
4971.179166,104,0,112,0,133,0,132,0
4971.181175,104,0,112,0,133,0,132,0
4971.183110,104,0,112,0,133,0,132,0
4971.185461,104,0,112,0,133,0,132,0
4971.187286,104,0,112,0,133,0,132,0
4971.189476,104,0,112,0,133,0,132,0
4971.191372,104,0,112,0,133,0,132,0
4971.193558,104,0,112,0,133,0,132,0
4971.195358,104,0,112,0,133,0,132,0
4971.197501,104,0,112,0,133,0,132,0
4971.199139,104,0,112,0,133,0,132,0
4971.201244,104,0,112,0,133,0,132,0
4971.203196,104,0,112,0,133,0,132,0
4971.205460,104,0,112,0,133,0,132,0
4971.207471,104,0,112,0,133,0,132,0
4971.209447,104,0,112,0,133,0,132,0
4971.211450,104,0,112,0,133,0,132,0
4971.213447,104,0,112,0,133,0,132,0
4971.215426,104,0,112,0,133,0,132,0
4971.217117,104,0,112,0,133,0,132,0
4971.219447,104,0,112,0,133,0,132,0
4971.221429,104,0,112,0,133,0,132,0
4971.223437,104,0,112,0,133,0,132,0
4971.225450,104,0,112,0,133,0,132,0
4971.227332,104,0,112,0,133,0,132,0
4971.229438,104,0,112,0,133,0,132,0
4971.231525,104,0,112,0,133,0,132,0
4971.233517,104,0,112,0,133,0,132,0
4971.235188,104,0,112,0,133,0,132,0
4971.237520,104,0,112,0,133,0,132,0
4971.239496,104,0,112,0,133,0,132,0
4971.241483,104,0,112,0,133,0,132,0
4971.243555,104,0,112,0,133,0,132,0
4971.245509,104,0,112,0,133,0,132,0
4971.247529,104,0,112,0,133,0,132,0
4971.249536,104,0,112,0,133,0,132,0
4971.251514,104,0,112,0,133,0,132,0
4971.253162,104,0,112,0,133,0,132,0
4971.255522,104,0,112,0,133,0,132,0
4971.257501,104,0,112,0,133,0,132,0
4971.259522,104,0,112,0,133,0,132,0
4971.261488,104,0,112,0,133,0,132,0
4971.263519,104,0,112,0,133,0,132,0
4971.265491,104,0,112,0,133,0,132,0
4971.267688,104,0,112,0,133,0,132,0
4971.269506,104,0,112,0,133,0,132,0
4971.271247,104,0,112,0,133,0,132,0
4971.273642,104,0,112,0,133,0,132,0
4971.275507,104,0,112,0,133,0,132,0
4971.277532,104,0,112,0,133,0,132,0
4971.279488,104,0,112,0,133,0,132,0
4971.281476,104,0,112,0,133,0,132,0
4971.283503,104,0,112,0,133,0,132,0
4971.285450,104,0,112,0,133,0,132,0
4971.287134,104,0,112,0,133,0,132,0
4971.289442,104,0,112,0,133,0,132,0
4971.291443,104,0,112,0,133,0,132,0
4971.293499,104,0,112,0,133,0,132,0
4971.295608,104,0,112,0,133,0,132,0
4971.297608,104,0,112,0,133,0,132,0
4971.299576,104,0,112,0,133,0,132,0
4971.301549,104,0,112,0,133,0,132,0
4971.303364,104,0,112,0,133,0,132,0
4971.305222,104,0,112,0,133,0,132,0
4971.307510,104,0,112,0,133,0,132,0
4971.309494,104,0,112,0,133,0,132,0
4971.311505,104,0,112,0,133,0,132,0
4971.313457,104,0,112,0,133,0,132,0
4971.315495,104,0,112,0,133,0,132,0
4971.317310,104,0,112,0,133,0,132,0
4971.319487,104,0,112,0,133,0,132,0
4971.321290,104,0,112,0,133,0,132,0
4971.323571,104,0,112,0,133,0,132,0
4971.325522,104,0,112,0,133,0,132,0
4971.327561,104,0,112,0,133,0,132,0
4971.329438,104,0,112,0,133,0,132,0
4971.331512,104,0,112,0,133,0,132,0
4971.333521,104,0,112,0,133,0,132,0
4971.335493,104,0,112,0,133,0,132,0
4971.337518,104,0,112,0,133,0,132,0
4971.339173,104,0,112,0,133,0,132,0
4971.341474,104,0,112,0,133,0,132,0
4971.343507,104,0,112,0,133,0,132,0
4971.345529,104,0,112,0,133,0,132,0
4971.347531,104,0,112,0,133,0,132,0
4971.349252,104,0,112,0,133,0,132,0
4971.351492,104,0,112,0,133,0,132,0
4971.353489,104,0,112,0,133,0,132,0
4971.355177,104,0,112,0,133,0,132,0
4971.357521,104,0,112,0,133,0,132,0
4971.359484,104,0,112,0,133,0,132,0
4971.361507,104,0,112,0,133,0,132,0
4971.363412,104,0,112,0,133,0,132,0
4971.365149,104,0,112,0,133,0,132,0
4971.367164,104,0,112,0,133,0,132,0
4971.369199,104,0,112,0,133,0,132,0
4971.371310,104,0,112,0,133,0,132,0
4971.373375,104,0,112,0,133,0,132,0
4971.375248,104,0,112,0,133,0,132,0
4971.377125,104,0,112,0,133,0,132,0
4971.379413,104,0,112,0,133,0,132,0
4971.381226,104,0,112,0,133,0,132,0
4971.383441,104,0,112,0,133,0,132,0
4971.385392,104,0,112,0,133,0,132,0
4971.387500,104,0,112,0,133,0,132,0
4971.389573,104,0,112,0,133,0,132,0
4971.391564,104,0,112,0,133,0,132,0
4971.393540,104,0,112,0,133,0,132,0
4971.395219,104,0,112,0,133,0,132,0
4971.397521,104,0,112,0,133,0,132,0
4971.399347,104,0,112,0,133,0,132,0
4971.401302,104,0,112,0,133,0,132,0
4971.403311,104,0,112,0,133,0,132,0
4971.405298,104,0,112,0,133,0,132,0
4971.407280,104,0,112,0,133,0,132,0
4971.409303,104,0,112,0,133,0,132,0
4971.411277,104,0,112,0,133,0,132,0
4971.413088,104,0,112,0,133,0,132,0
4971.415360,104,0,112,0,133,0,132,0
4971.417402,104,0,112,0,133,0,132,0
4971.419365,104,0,112,0,133,0,132,0
4971.421357,104,0,112,0,133,0,132,0
4971.423640,104,0,112,0,133,0,132,0
4971.425233,104,0,112,0,133,0,132,0
4971.427111,104,0,112,0,133,0,132,0
4971.429215,104,0,112,0,133,0,132,0
4971.431102,104,0,112,0,133,0,132,0
4971.433286,104,0,112,0,133,0,132,0
4971.435273,104,0,112,0,133,0,132,0
4971.437362,104,0,112,0,133,0,132,0
4971.439254,104,0,112,0,133,0,132,0
4971.441271,104,0,112,0,133,0,132,0
4971.443277,104,0,112,0,133,0,132,0
4971.445270,104,0,112,0,133,0,132,0
4971.447291,104,0,112,0,133,0,132,0
4971.449109,104,0,112,0,133,0,132,0
4971.451326,104,0,112,0,133,0,132,0
4971.453277,104,0,112,0,133,0,132,0
4971.455253,104,0,112,0,133,0,132,0
4971.457311,104,0,112,0,133,0,132,0
4971.459358,104,0,112,0,133,0,132,0
4971.461328,104,0,112,0,133,0,132,0
4971.463367,104,0,112,0,133,0,132,0
4971.465369,104,0,112,0,133,0,132,0
4971.467210,104,0,112,0,133,0,132,0
4971.469314,104,0,112,0,133,0,132,0
4971.471325,104,0,112,0,133,0,132,0
4971.473483,104,0,112,0,133,0,132,0
4971.475367,104,0,112,0,133,0,132,0
4971.477365,104,0,112,0,133,0,132,0
4971.479339,104,0,112,0,133,0,132,0
4971.481357,104,0,112,0,133,0,132,0
4971.483367,104,0,112,0,133,0,132,0
4971.485223,104,0,112,0,133,0,132,0
4971.487373,104,0,112,0,133,0,132,0
4971.489371,104,0,112,0,133,0,132,0
4971.491367,104,0,112,0,133,0,132,0
4971.493370,104,0,112,0,133,0,132,0
4971.495424,104,0,112,0,133,0,132,0
4971.497317,104,0,112,0,133,0,132,0
4971.499405,104,0,112,0,133,0,132,0
4971.501380,104,0,112,0,133,0,132,0
4971.503166,104,0,112,0,133,0,132,0
4971.505300,104,0,112,0,133,0,132,0
4971.507339,104,0,112,0,133,0,132,0
4971.509291,104,0,112,0,133,0,132,0
4971.511455,104,0,112,0,133,0,132,0
4971.513464,104,0,112,0,133,0,132,0
4971.515530,104,0,112,0,133,0,132,0
4971.517556,104,0,112,0,133,0,132,0
4971.519470,104,0,112,0,133,0,132,0
4971.521166,104,0,112,0,133,0,132,0
4971.523701,104,0,112,0,133,0,132,0
4971.525502,104,0,112,0,133,0,132,0
4971.527488,104,0,112,0,133,0,132,0
4971.529527,104,0,112,0,133,0,132,0
4971.531524,104,0,112,0,133,0,132,0
4971.533506,104,0,112,0,133,0,132,0
4971.535531,104,0,112,0,133,0,132,0
4971.537560,104,0,112,0,133,0,132,0
4971.539176,104,0,112,0,133,0,132,0
4971.541503,104,0,112,0,133,0,132,0
4971.543502,104,0,112,0,133,0,132,0
4971.545498,104,0,112,0,133,0,132,0
4971.547544,104,0,112,0,133,0,132,0
4971.549488,104,0,112,0,133,0,132,0
4971.551502,104,0,112,0,133,0,132,0
4971.553162,104,0,112,0,133,0,132,0
4971.555503,104,0,112,0,133,0,132,0
4971.557276,104,0,112,0,133,0,132,0
4971.559097,104,0,112,0,133,0,132,0
4971.561079,104,0,112,0,133,0,132,0
4971.563094,104,0,112,0,133,0,132,0
4971.565065,104,0,112,0,133,0,132,0
4971.567044,104,0,112,0,133,0,132,0
4971.569275,104,0,112,0,133,0,132,0
4971.571206,104,0,112,0,133,0,132,0
4971.573291,104,0,112,0,133,0,132,0
4971.575227,104,0,112,0,133,0,132,0
4971.577243,104,0,112,0,133,0,132,0
4971.579215,104,0,112,0,133,0,132,0
4971.581329,104,0,112,0,133,0,132,0
4971.583365,104,0,112,0,133,0,132,0
4971.585312,104,0,112,0,133,0,132,0
4971.587403,104,0,112,0,133,0,132,0
4971.589364,104,0,112,0,133,0,132,0
4971.591335,104,0,112,0,133,0,132,0
4971.593370,104,0,112,0,133,0,132,0
4971.595372,104,0,112,0,133,0,132,0
4971.597408,104,0,112,0,133,0,132,0
4971.599279,104,0,112,0,133,0,132,0
4971.601294,104,0,112,0,133,0,132,0
4971.603278,104,0,112,0,133,0,132,0
4971.605296,104,0,112,0,133,0,132,0
4971.607314,104,0,112,0,133,0,132,0
4971.609293,104,0,112,0,133,0,132,0
4971.611267,104,0,112,0,133,0,132,0
4971.613131,104,0,112,0,133,0,132,0
4971.615272,104,0,112,0,133,0,132,0
4971.617312,104,0,112,0,133,0,132,0
4971.619277,104,0,112,0,133,0,132,0
4971.621413,104,0,112,0,133,0,132,0
4971.623629,104,0,112,0,133,0,132,0
4971.625453,104,0,112,0,133,0,132,0
4971.627423,104,0,112,0,133,0,132,0
4971.629378,104,0,112,0,133,0,132,0
4971.631281,104,0,112,0,133,0,132,0
4971.633330,104,0,112,0,133,0,132,0
4971.635333,104,0,112,0,133,0,132,0
4971.637365,104,0,112,0,133,0,132,0
4971.639245,104,0,112,0,133,0,132,0
4971.641271,104,0,112,0,133,0,132,0
4971.643326,104,0,112,0,133,0,132,0
4971.645286,104,0,112,0,133,0,132,0
4971.647332,104,0,112,0,133,0,132,0
4971.649165,104,0,112,0,133,0,132,0
4971.651282,104,0,112,0,133,0,132,0
4971.653304,104,0,112,0,133,0,132,0
4971.655308,104,0,112,0,133,0,132,0
4971.657333,104,0,112,0,133,0,132,0
4971.659302,104,0,112,0,133,0,132,0
4971.661352,104,0,112,0,133,0,132,0
4971.663343,104,0,112,0,133,0,132,0
4971.665378,104,0,112,0,133,0,132,0
4971.667307,104,0,112,0,133,0,132,0
4971.669356,104,0,112,0,133,0,132,0
4971.671336,104,0,112,0,133,0,132,0
4971.673435,104,0,112,0,133,0,132,0
4971.675194,104,0,112,0,133,0,132,0
4971.677275,104,0,112,0,133,0,132,0
4971.679195,104,0,112,0,133,0,132,0
4971.681292,104,0,112,0,133,0,132,0
4971.683352,104,0,112,0,133,0,132,0
4971.685150,104,0,112,0,133,0,132,0
4971.687196,104,0,112,0,133,0,132,0
4971.689049,104,0,112,0,133,0,132,0
4971.691043,104,0,112,0,133,0,132,0
4971.692987,104,0,112,0,133,0,132,0
4971.695052,104,0,112,0,133,0,132,0
4971.697021,104,0,112,0,133,0,132,0
4971.699068,104,0,112,0,133,0,132,0
4971.700989,104,0,112,0,133,0,132,0
4971.702992,104,0,112,0,133,0,132,0
4971.704981,104,0,112,0,133,0,132,0
4971.707056,104,0,112,0,133,0,132,0
4971.709044,104,0,112,0,133,0,132,0
4971.711074,104,0,112,0,133,0,132,0
4971.713087,104,0,112,0,133,0,132,0
4971.715118,104,0,112,0,133,0,132,0
4971.717146,104,0,112,0,133,0,132,0
4971.719127,104,0,112,0,133,0,132,0
4971.721074,104,0,112,0,133,0,132,0
4971.723159,104,0,112,0,133,0,132,0
4971.725170,104,0,112,0,133,0,132,0
4971.727197,104,0,112,0,133,0,132,0
4971.729158,104,0,112,0,133,0,132,0
4971.731175,104,0,112,0,133,0,132,0
4971.733083,104,0,112,0,133,0,132,0
4971.735111,104,0,112,0,133,0,132,0
4971.737499,104,0,112,0,133,0,132,0
4971.739142,104,0,112,0,133,0,132,0
4971.741329,104,0,112,0,133,0,132,0
4971.743594,104,0,112,0,133,0,132,0
4971.745396,104,0,112,0,133,0,132,0
4971.747629,104,0,112,0,133,0,132,0
4971.749505,104,0,112,0,133,0,132,0
4971.751581,104,0,112,0,133,0,132,0
4971.753474,104,0,112,0,133,0,132,0
4971.755524,104,0,112,0,133,0,132,0
4971.757267,104,0,112,0,133,0,132,0
4971.759326,104,0,112,0,133,0,132,0
4971.761530,104,0,112,0,133,0,132,0
4971.763541,104,0,112,0,133,0,132,0
4971.765360,104,0,112,0,133,0,132,0
4971.767419,104,0,112,0,133,0,132,0
4971.769300,104,0,112,0,133,0,132,0
4971.771203,104,0,112,0,133,0,132,0
4971.773544,104,0,112,0,133,0,132,0
4971.775266,104,0,112,0,133,0,132,0
4971.777318,104,0,112,0,133,0,132,0
4971.779561,104,0,112,0,133,0,132,0
4971.781473,104,0,112,0,133,0,132,0
4971.783513,104,0,112,0,133,0,132,0
4971.785495,104,0,112,0,133,0,132,0
4971.787493,104,0,112,0,133,0,132,0
4971.789515,104,0,112,0,133,0,132,0
4971.791552,104,0,112,0,133,0,132,0
4971.793574,104,0,112,0,133,0,132,0
4971.795389,104,0,112,0,133,0,132,0
4971.797388,104,0,112,0,133,0,132,0
4971.799574,104,0,112,0,133,0,132,0
4971.801585,104,0,112,0,133,0,132,0
4971.803511,104,0,112,0,133,0,132,0
4971.805581,104,0,112,0,133,0,132,0
4971.807557,104,0,112,0,133,0,132,0
4971.809577,104,0,112,0,133,0,132,0
4971.811582,104,0,112,0,133,0,132,0
4971.813303,104,0,112,0,133,0,132,0
4971.815552,104,0,112,0,133,0,132,0
4971.817594,104,0,112,0,133,0,132,0
4971.819577,104,0,112,0,133,0,132,0
4971.821534,104,0,112,0,133,0,132,0
4971.823590,104,0,112,0,133,0,132,0
4971.825551,104,0,112,0,133,0,132,0
4971.827581,104,0,112,0,133,0,132,0
4971.829528,104,0,112,0,133,0,132,0
4971.831346,104,0,112,0,133,0,132,0
4971.833536,104,0,112,0,133,0,132,0
4971.835539,104,0,112,0,133,0,132,0
4971.837562,104,0,112,0,133,0,132,0
4971.839542,104,0,112,0,133,0,132,0
4971.841512,104,0,112,0,133,0,132,0
4971.843556,104,0,112,0,133,0,132,0
4971.845500,104,0,112,0,133,0,132,0
4971.847498,104,0,112,0,133,0,132,0
4971.849135,104,0,112,0,133,0,132,0
4971.851491,104,0,112,0,133,0,132,0
4971.853602,104,0,112,0,133,0,132,0
4971.855588,104,0,112,0,133,0,132,0
4971.857627,104,0,112,0,133,0,132,0
4971.859574,104,0,112,0,133,0,132,0
4971.861584,104,0,112,0,133,0,132,0
4971.863524,104,0,112,0,133,0,132,0
4971.865281,104,0,112,0,133,0,132,0
4971.867270,104,0,112,0,133,0,132,0
4971.869486,104,0,112,0,133,0,132,0
4971.871460,104,0,112,0,133,0,132,0
4971.873593,104,0,112,0,133,0,132,0
4971.875485,104,0,112,0,133,0,132,0
4971.877479,104,0,112,0,133,0,132,0
4971.879475,104,0,112,0,133,0,132,0
4971.881467,104,0,112,0,133,0,132,0
4971.883494,104,0,112,0,133,0,132,0
4971.885356,104,0,112,0,133,0,132,0
4971.887522,104,0,112,0,133,0,132,0
4971.889608,104,0,112,0,133,0,132,0
4971.891593,104,0,112,0,133,0,132,0
4971.893566,104,0,112,0,133,0,132,0
4971.895552,104,0,112,0,133,0,132,0
4971.897563,104,0,112,0,133,0,132,0
4971.899389,104,0,112,0,133,0,132,0
4971.901559,104,0,112,0,133,0,132,0
4971.903564,104,0,112,0,133,0,132,0
4971.905553,104,0,112,0,133,0,132,0
4971.907353,104,0,112,0,133,0,132,0
4971.909293,104,0,112,0,133,0,132,0
4971.911288,104,0,112,0,133,0,132,0
4971.913561,104,0,112,0,133,0,132,0
4971.915281,104,0,112,0,133,0,132,0
4971.917333,104,0,112,0,133,0,132,0
4971.919593,104,0,112,0,133,0,132,0
4971.921365,104,0,112,0,133,0,132,0
4971.923684,104,0,112,0,133,0,132,0
4971.925218,104,0,112,0,133,0,132,0
4971.927258,104,0,112,0,133,0,132,0
4971.929282,104,0,112,0,133,0,132,0
4971.931399,104,0,112,0,133,0,132,0
4971.933165,104,0,112,0,133,0,132,0
4971.935525,104,0,112,0,133,0,132,0
4971.937307,104,0,112,0,133,0,132,0
4971.939504,104,0,112,0,133,0,132,0
4971.941503,104,0,112,0,133,0,132,0
4971.943415,104,0,112,0,133,0,132,0
4971.945346,104,0,112,0,133,0,132,0
4971.947354,104,0,112,0,133,0,132,0
4971.949260,104,0,112,0,133,0,132,0
4971.951324,104,0,112,0,133,0,132,0
4971.953334,104,0,112,0,133,0,132,0
4971.955315,104,0,112,0,133,0,132,0
4971.957391,104,0,112,0,133,0,132,0
4971.959328,104,0,112,0,133,0,132,0
4971.961549,104,0,112,0,133,0,132,0
4971.963362,104,0,112,0,133,0,132,0
4971.965299,104,0,112,0,133,0,132,0
4971.967236,104,0,112,0,133,0,132,0
4971.969389,104,0,112,0,133,0,132,0
4971.971381,104,0,112,0,133,0,132,0
4971.973632,104,0,112,0,133,0,132,0
4971.975300,104,0,112,0,133,0,132,0
4971.977303,104,0,112,0,133,0,132,0
4971.979393,104,0,112,0,133,0,132,0
4971.981544,104,0,112,0,133,0,132,0
4971.983564,104,0,112,0,133,0,132,0
4971.985518,104,0,112,0,133,0,132,0
4971.987447,104,0,112,0,133,0,132,0
4971.989353,104,0,112,0,133,0,132,0
4971.991489,104,0,112,0,133,0,132,0
4971.993167,104,0,112,0,133,0,132,0
4971.995534,104,0,112,0,133,0,132,0
4971.997372,104,0,112,0,133,0,132,0
4971.999343,104,0,112,0,133,0,132,0
4972.001306,104,0,112,0,133,0,132,0
4972.003350,104,0,112,0,133,0,132,0
4972.005323,104,0,112,0,133,0,132,0
4972.007368,104,0,112,0,133,0,132,0
4972.009524,104,0,112,0,133,0,132,0
4972.011268,104,0,112,0,133,0,132,0
4972.013578,104,0,112,0,133,0,132,0
4972.015429,104,0,112,0,133,0,132,0
4972.017520,104,0,112,0,133,0,132,0
4972.019555,104,0,112,0,133,0,132,0
4972.021526,104,0,112,0,133,0,132,0
4972.023603,104,0,112,0,133,0,132,0
4972.025514,104,0,112,0,133,0,132,0
4972.027636,104,0,112,0,133,0,132,0
4972.029306,104,0,112,0,133,0,132,0
4972.031579,104,0,112,0,133,0,132,0
4972.033553,104,0,112,0,133,0,132,0
4972.035585,104,0,112,0,133,0,132,0
4972.037542,104,0,112,0,133,0,132,0
4972.039506,104,0,112,0,133,0,132,0
4972.041529,104,0,112,0,133,0,132,0
4972.043543,104,0,112,0,133,0,132,0
4972.045517,104,0,112,0,133,0,132,0
4972.047271,104,0,112,0,133,0,132,0
4972.049528,104,0,112,0,133,0,132,0
4972.051205,104,0,112,0,133,0,132,0
4972.053512,104,0,112,0,133,0,132,0
4972.055259,104,0,112,0,133,0,132,0
4972.057631,104,0,112,0,133,0,132,0
4972.059560,104,0,112,0,133,0,132,0
4972.061529,104,0,112,0,133,0,132,0
4972.063567,104,0,112,0,133,0,132,0
4972.065379,104,0,112,0,133,0,132,0
4972.067579,104,0,112,0,133,0,132,0
4972.069564,104,0,112,0,133,0,132,0
4972.071345,104,0,112,0,133,0,132,0
4972.073836,104,0,112,0,133,0,132,0
4972.075588,104,0,112,0,133,0,132,0
4972.077532,104,0,112,0,133,0,132,0
4972.079634,104,0,112,0,133,0,132,0
4972.081614,104,0,112,0,133,0,132,0
4972.083404,104,0,112,0,133,0,132,0
4972.085403,104,0,112,0,133,0,132,0
4972.087175,104,0,112,0,133,0,132,0
4972.089156,104,0,112,0,133,0,132,0
4972.091249,104,0,112,0,133,0,132,0
4972.093317,104,0,112,0,133,0,132,0
4972.095341,104,0,112,0,133,0,132,0
4972.097373,104,0,112,0,133,0,132,0
4972.099375,104,0,112,0,133,0,132,0
4972.101323,104,0,112,0,133,0,132,0
4972.103371,104,0,112,0,133,0,132,0
4972.105201,104,0,112,0,133,0,132,0
4972.107381,104,0,112,0,133,0,132,0
4972.109154,104,0,112,0,133,0,132,0
4972.111347,104,0,112,0,133,0,132,0
4972.113265,104,0,112,0,133,0,132,0
4972.115289,104,0,112,0,133,0,132,0
4972.117529,104,0,112,0,133,0,132,0
4972.119357,104,0,112,0,133,0,132,0
4972.121614,104,0,112,0,133,0,132,0
4972.123585,104,0,112,0,133,0,132,0
4972.125388,104,0,112,0,133,0,132,0
4972.127638,104,0,112,0,133,0,132,0
4972.129383,104,0,112,0,133,0,132,0
4972.131554,104,0,112,0,133,0,132,0
4972.133310,104,0,112,0,133,0,132,0
4972.135557,104,0,112,0,133,0,132,0
4972.137370,104,0,112,0,133,0,132,0
4972.139488,104,0,112,0,133,0,132,0
4972.141311,104,0,112,0,133,0,132,0
4972.143375,104,0,112,0,133,0,132,0
4972.145375,104,0,112,0,133,0,132,0
4972.147588,104,0,112,0,133,0,132,0
4972.149585,104,0,112,0,133,0,132,0
4972.151285,104,0,112,0,133,0,132,0
4972.153500,104,0,112,0,133,0,132,0
4972.155570,104,0,112,0,133,0,132,0
4972.157605,104,0,112,0,133,0,132,0
4972.159584,104,0,112,0,133,0,132,0
4972.161577,104,0,112,0,133,0,132,0
4972.163379,104,0,112,0,133,0,132,0
4972.165552,104,0,112,0,133,0,132,0
4972.167599,104,0,112,0,133,0,132,0
4972.169239,104,0,112,0,133,0,132,0
4972.171284,104,0,112,0,133,0,132,0
4972.173512,104,0,112,0,133,0,132,0
4972.175355,104,0,112,0,133,0,132,0
4972.177362,104,0,112,0,133,0,132,0
4972.179297,104,0,112,0,133,0,132,0
4972.181570,104,0,112,0,133,0,132,0
4972.183385,104,0,112,0,133,0,132,0
4972.185413,104,0,112,0,133,0,132,0
4972.187312,104,0,112,0,133,0,132,0
4972.189561,104,0,112,0,133,0,132,0
4972.191350,104,0,112,0,133,0,132,0
4972.193562,104,0,112,0,133,0,132,0
4972.195636,104,0,112,0,133,0,132,0
4972.197433,104,0,112,0,133,0,132,0
4972.199370,104,0,112,0,133,0,132,0
4972.201539,104,0,112,0,133,0,132,0
4972.203523,104,0,112,0,133,0,132,0
4972.205234,104,0,112,0,133,0,132,0
4972.207386,104,0,112,0,133,0,132,0
4972.209540,104,0,112,0,133,0,132,0
4972.211516,104,0,112,0,133,0,132,0
4972.213502,104,0,112,0,133,0,132,0
4972.215515,104,0,112,0,133,0,132,0
4972.217532,104,0,112,0,133,0,132,0
4972.219498,104,0,112,0,133,0,132,0
4972.221557,104,0,112,0,133,0,132,0
4972.223483,104,0,112,0,133,0,132,0
4972.225535,104,0,112,0,133,0,132,0
4972.227641,104,0,112,0,133,0,132,0
4972.229539,104,0,112,0,133,0,132,0
4972.231389,104,0,112,0,133,0,132,0
4972.233532,104,0,112,0,133,0,132,0
4972.235534,104,0,112,0,133,0,132,0
4972.237547,104,0,112,0,133,0,132,0
4972.239548,104,0,112,0,133,0,132,0
4972.241279,104,0,112,0,133,0,132,0
4972.243557,104,0,112,0,133,0,132,0
4972.245548,104,0,112,0,133,0,132,0
4972.247556,104,0,112,0,133,0,132,0
4972.249517,104,0,112,0,133,0,132,0
4972.251593,104,0,112,0,133,0,132,0
4972.253578,104,0,112,0,133,0,132,0
4972.255542,104,0,112,0,133,0,132,0
4972.257628,104,0,112,0,133,0,132,0
4972.259433,104,0,112,0,133,0,132,0
4972.261483,104,0,112,0,133,0,132,0
4972.263869,104,0,112,0,133,0,132,0
4972.265296,104,0,112,0,133,0,132,0
4972.267660,104,0,112,0,133,0,132,0
4972.269272,104,0,112,0,133,0,132,0
4972.271538,104,0,112,0,133,0,132,0
4972.273573,104,0,112,0,133,0,132,0
4972.275557,104,0,112,0,133,0,132,0
4972.277588,104,0,112,0,133,0,132,0
4972.279291,104,0,112,0,133,0,132,0
4972.281592,104,0,112,0,133,0,132,0
4972.283567,104,0,112,0,133,0,132,0
4972.285572,104,0,112,0,133,0,132,0
4972.287580,104,0,112,0,133,0,132,0
4972.289564,104,0,112,0,133,0,132,0
4972.291509,104,0,112,0,133,0,132,0
4972.293560,104,0,112,0,133,0,132,0
4972.295574,104,0,112,0,133,0,132,0
4972.297329,104,0,112,0,133,0,132,0
4972.299537,104,0,112,0,133,0,132,0
4972.301522,104,0,112,0,133,0,132,0
4972.303538,104,0,112,0,133,0,132,0
4972.305551,104,0,112,0,133,0,132,0
4972.307547,104,0,112,0,133,0,132,0
4972.309552,104,0,112,0,133,0,132,0
4972.311646,104,0,112,0,133,0,132,0
4972.313575,104,0,112,0,133,0,132,0
4972.315390,104,0,112,0,133,0,132,0
4972.317614,104,0,112,0,133,0,132,0
4972.319514,104,0,112,0,133,0,132,0
4972.321583,104,0,112,0,133,0,132,0
4972.323736,104,0,112,0,133,0,132,0
4972.325590,104,0,112,0,133,0,132,0
4972.327690,104,0,112,0,133,0,132,0
4972.329538,104,0,112,0,133,0,132,0
4972.331259,104,0,112,0,133,0,132,0
4972.333243,104,0,112,0,133,0,132,0
4972.335551,104,0,112,0,133,0,132,0
4972.337423,104,0,112,0,133,0,132,0
4972.339503,104,0,112,0,133,0,132,0
4972.341600,104,0,112,0,133,0,132,0
4972.343592,104,0,112,0,133,0,132,0
4972.345663,104,0,112,0,133,0,132,0
4972.347632,104,0,112,0,133,0,132,0
4972.349597,104,0,112,0,133,0,132,0
4972.351545,104,0,112,0,133,0,132,0
4972.353264,104,0,112,0,133,0,132,0
4972.355548,104,0,112,0,133,0,132,0
4972.357531,104,0,112,0,133,0,132,0
4972.359545,104,0,112,0,133,0,132,0
4972.361582,104,0,112,0,133,0,132,0
4972.363594,104,0,112,0,133,0,132,0
4972.365577,104,0,112,0,133,0,132,0
4972.367395,104,0,112,0,133,0,132,0
4972.369393,104,0,112,0,133,0,132,0
4972.371399,104,0,112,0,133,0,132,0
4972.373829,104,0,112,0,133,0,132,0
4972.375346,104,0,112,0,133,0,132,0
4972.377430,104,0,112,0,133,0,132,0
4972.379426,104,0,112,0,133,0,132,0
4972.381586,104,0,112,0,133,0,132,0
4972.383386,104,0,112,0,133,0,132,0
4972.385488,104,0,112,0,133,0,132,0
4972.387271,104,0,112,0,133,0,132,0
4972.389559,104,0,112,0,133,0,132,0
4972.391393,104,0,112,0,133,0,132,0
4972.393539,104,0,112,0,133,0,132,0
4972.395565,104,0,112,0,133,0,132,0
4972.397374,104,0,112,0,133,0,132,0
4972.399338,104,0,112,0,133,0,132,0
4972.401351,104,0,112,0,133,0,132,0
4972.403538,104,0,112,0,133,0,132,0
4972.405247,104,0,112,0,133,0,132,0
4972.407574,104,0,112,0,133,0,132,0
4972.409276,104,0,112,0,133,0,132,0
4972.411570,104,0,112,0,133,0,132,0
4972.413526,104,0,112,0,133,0,132,0
4972.415585,104,0,112,0,133,0,132,0
4972.417624,104,0,112,0,133,0,132,0
4972.419383,104,0,112,0,133,0,132,0
4972.421401,104,0,112,0,133,0,132,0
4972.423766,104,0,112,0,133,0,132,0
4972.425174,104,0,112,0,133,0,132,0
4972.427518,104,0,112,0,133,0,132,0
4972.429298,104,0,112,0,133,0,132,0
4972.431359,104,0,112,0,133,0,132,0
4972.433262,104,0,112,0,133,0,132,0
4972.435430,104,0,112,0,133,0,132,0
4972.437402,104,0,112,0,133,0,132,0
4972.439555,104,0,112,0,133,0,132,0
4972.441536,104,0,112,0,133,0,132,0
4972.443393,104,0,112,0,133,0,132,0
4972.445552,104,0,112,0,133,0,132,0
4972.447583,104,0,112,0,133,0,132,0
4972.449442,104,0,112,0,133,0,132,0
4972.451483,104,0,112,0,133,0,132,0
4972.453574,104,0,112,0,133,0,132,0
4972.455396,104,0,112,0,133,0,132,0
4972.457404,104,0,112,0,133,0,132,0
4972.459485,104,0,112,0,133,0,132,0
4972.461535,104,0,112,0,133,0,132,0
4972.463600,104,0,112,0,133,0,132,0
4972.465600,104,0,112,0,133,0,132,0
4972.467617,104,0,112,0,133,0,132,0
4972.469585,104,0,112,0,133,0,132,0
4972.471604,104,0,112,0,133,0,132,0
4972.473815,104,0,112,0,133,0,132,0
4972.475542,104,0,112,0,133,0,132,0
4972.477283,104,0,112,0,133,0,132,0
4972.479518,104,0,112,0,133,0,132,0
4972.481550,104,0,112,0,133,0,132,0
4972.483534,104,0,112,0,133,0,132,0
4972.485525,104,0,112,0,133,0,132,0
4972.487487,104,0,112,0,133,0,132,0
4972.489521,104,0,112,0,133,0,132,0
4972.491547,104,0,112,0,133,0,132,0
4972.493520,104,0,112,0,133,0,132,0
4972.495393,104,0,112,0,133,0,132,0
4972.497576,104,0,112,0,133,0,132,0
4972.499590,104,0,112,0,133,0,132,0
4972.501616,104,0,112,0,133,0,132,0
4972.503579,104,0,112,0,133,0,132,0
4972.505579,104,0,112,0,133,0,132,0
4972.507581,104,0,112,0,133,0,132,0
4972.509554,104,0,112,0,133,0,132,0
4972.511543,104,0,112,0,133,0,132,0
4972.513217,104,0,112,0,133,0,132,0
4972.515629,104,0,112,0,133,0,132,0
4972.517599,104,0,112,0,133,0,132,0
4972.519561,104,0,112,0,133,0,132,0
4972.521602,104,0,112,0,133,0,132,0
4972.523797,104,0,112,0,133,0,132,0
4972.525565,104,0,112,0,133,0,132,0
4972.527641,104,0,112,0,133,0,132,0
4972.529607,104,0,112,0,133,0,132,0
4972.531437,104,0,112,0,133,0,132,0
4972.533582,104,0,112,0,133,0,132,0
4972.535614,104,0,112,0,133,0,132,0
4972.537628,104,0,112,0,133,0,132,0
4972.539625,104,0,112,0,133,0,132,0
4972.541610,104,0,112,0,133,0,132,0
4972.543486,104,0,112,0,133,0,132,0
4972.545577,104,0,112,0,133,0,132,0
4972.547537,104,0,112,0,133,0,132,0
4972.549199,104,0,112,0,133,0,132,0
4972.551536,104,0,112,0,133,0,132,0
4972.553546,104,0,112,0,133,0,132,0
4972.555615,104,0,112,0,133,0,132,0
4972.557407,104,0,112,0,133,0,132,0
4972.559406,104,0,112,0,133,0,132,0
4972.561630,104,0,112,0,133,0,132,0
4972.563567,104,0,112,0,133,0,132,0
4972.565567,104,0,112,0,133,0,132,0
4972.567428,104,0,112,0,133,0,132,0
4972.569384,104,0,112,0,133,0,132,0
4972.571338,104,0,112,0,133,0,132,0
4972.573646,104,0,112,0,133,0,132,0
4972.575627,104,0,112,0,133,0,132,0
4972.577646,104,0,112,0,133,0,132,0
4972.579425,104,0,112,0,133,0,132,0
4972.581603,104,0,112,0,133,0,132,0
4972.583618,104,0,112,0,133,0,132,0
4972.585610,104,0,112,0,133,0,132,0
4972.587538,104,0,112,0,133,0,132,0
4972.589533,104,0,112,0,133,0,132,0
4972.591406,104,0,112,0,133,0,132,0
4972.593579,104,0,112,0,133,0,132,0
4972.595605,104,0,112,0,133,0,132,0
4972.597633,104,0,112,0,133,0,132,0
4972.599542,104,0,112,0,133,0,132,0
4972.601585,104,0,112,0,133,0,132,0
4972.603506,104,0,112,0,133,0,132,0
4972.605559,104,0,112,0,133,0,132,0
4972.607568,104,0,112,0,133,0,132,0
4972.609287,104,0,112,0,133,0,132,0
4972.611521,104,0,112,0,133,0,132,0
4972.613560,104,0,112,0,133,0,132,0
4972.615625,104,0,112,0,133,0,132,0
4972.617580,104,0,112,0,133,0,132,0
4972.619623,104,0,112,0,133,0,132,0
4972.621620,104,0,112,0,133,0,132,0
4972.623918,104,0,112,0,133,0,132,0
4972.625590,104,0,112,0,133,0,132,0
4972.627401,104,0,112,0,133,0,132,0
4972.629622,104,0,112,0,133,0,132,0
4972.631597,104,0,112,0,133,0,132,0
4972.633600,104,0,112,0,133,0,132,0
4972.635577,104,0,112,0,133,0,132,0
4972.637661,104,0,112,0,133,0,132,0
4972.639630,104,0,112,0,133,0,132,0
4972.641630,104,0,112,0,133,0,132,0
4972.643400,104,0,112,0,133,0,132,0
4972.645566,104,0,112,0,133,0,132,0
4972.647623,104,0,112,0,133,0,132,0
4972.649584,104,0,112,0,133,0,132,0
4972.651408,104,0,112,0,133,0,132,0
4972.653521,104,0,112,0,133,0,132,0
4972.655400,104,0,112,0,133,0,132,0
4972.657454,104,0,112,0,133,0,132,0
4972.659410,104,0,112,0,133,0,132,0
4972.661548,104,0,112,0,133,0,132,0
4972.663571,104,0,112,0,133,0,132,0
4972.665623,104,0,112,0,133,0,132,0
4972.667658,104,0,112,0,133,0,132,0
4972.669414,104,0,112,0,133,0,132,0
4972.671177,104,0,112,0,133,0,132,0
4972.673708,104,0,112,0,133,0,132,0
4972.675404,104,0,112,0,133,0,132,0
4972.677455,104,0,112,0,133,0,132,0
4972.679295,104,0,112,0,133,0,132,0
4972.681294,104,0,112,0,133,0,132,0
4972.683293,104,0,112,0,133,0,132,0
4972.685265,104,0,112,0,133,0,132,0
4972.687243,104,0,112,0,133,0,132,0
4972.689352,104,0,112,0,133,0,132,0
4972.691454,104,0,112,0,133,0,132,0
4972.693533,104,0,112,0,133,0,132,0
4972.695441,104,0,112,0,133,0,132,0
4972.697443,104,0,112,0,133,0,132,0
4972.699323,104,0,112,0,133,0,132,0
4972.701307,104,0,112,0,133,0,132,0
4972.703385,104,0,112,0,133,0,132,0
4972.705326,104,0,112,0,133,0,132,0
4972.707344,104,0,112,0,133,0,132,0
4972.709338,104,0,112,0,133,0,132,0
4972.711350,104,0,112,0,133,0,132,0
4972.713596,104,0,112,0,133,0,132,0
4972.715472,104,0,112,0,133,0,132,0
4972.717505,104,0,112,0,133,0,132,0
4972.719597,104,0,112,0,133,0,132,0
4972.721604,104,0,112,0,133,0,132,0
4972.723752,104,0,112,0,133,0,132,0
4972.725453,104,0,112,0,133,0,132,0
4972.727497,104,0,112,0,133,0,132,0
4972.729597,104,0,112,0,133,0,132,0
4972.731578,104,0,112,0,133,0,132,0
4972.733660,104,0,112,0,133,0,132,0
4972.735431,104,0,112,0,133,0,132,0
4972.737443,104,0,112,0,133,0,132,0
4972.739594,104,0,112,0,133,0,132,0
4972.741592,104,0,112,0,133,0,132,0
4972.743634,104,0,112,0,133,0,132,0
4972.745628,104,0,112,0,133,0,132,0
4972.747585,104,0,112,0,133,0,132,0
4972.749718,104,0,112,0,133,0,132,0
4972.751672,104,0,112,0,133,0,132,0
4972.753208,104,0,112,0,133,0,132,0
4972.755651,104,0,112,0,133,0,132,0
4972.757648,104,0,112,0,133,0,132,0
4972.759608,104,0,112,0,133,0,132,0
4972.761564,104,0,112,0,133,0,132,0
4972.763560,104,0,112,0,133,0,132,0
4972.765380,104,0,112,0,133,0,132,0
4972.767358,104,0,112,0,133,0,132,0
4972.769322,104,0,112,0,133,0,132,0
4972.771433,104,0,112,0,133,0,132,0
4972.773863,104,0,112,0,133,0,132,0
4972.775393,104,0,112,0,133,0,132,0
4972.777468,104,0,112,0,133,0,132,0
4972.779500,104,0,112,0,133,0,132,0
4972.781575,104,0,112,0,133,0,132,0
4972.783449,104,0,112,0,133,0,132,0
4972.785548,104,0,112,0,133,0,132,0
4972.787456,104,0,112,0,133,0,132,0
4972.789397,104,0,112,0,133,0,132,0
4972.791326,104,0,112,0,133,0,132,0
4972.793383,104,0,112,0,133,0,132,0
4972.795579,104,0,112,0,133,0,132,0
4972.797545,104,0,112,0,133,0,132,0
4972.799564,104,0,112,0,133,0,132,0
4972.801562,104,0,112,0,133,0,132,0
4972.803587,104,0,112,0,133,0,132,0
4972.805573,104,0,112,0,133,0,132,0
4972.807314,104,0,112,0,133,0,132,0
4972.809515,104,0,112,0,133,0,132,0
4972.811526,104,0,112,0,133,0,132,0
4972.813567,104,0,112,0,133,0,132,0
4972.815568,104,0,112,0,133,0,132,0
4972.817595,104,0,112,0,133,0,132,0
4972.819624,104,0,112,0,133,0,132,0
4972.821593,104,0,112,0,133,0,132,0
4972.823565,104,0,112,0,133,0,132,0
4972.825377,104,0,112,0,133,0,132,0
4972.827549,104,0,112,0,133,0,132,0
4972.829524,104,0,112,0,133,0,132,0
4972.831671,104,0,112,0,133,0,132,0
4972.833654,104,0,112,0,133,0,132,0
4972.835676,104,0,112,0,133,0,132,0
4972.837644,104,0,112,0,133,0,132,0
4972.839571,104,0,112,0,133,0,132,0
4972.841590,104,0,112,0,133,0,132,0
4972.843502,104,0,112,0,133,0,132,0
4972.845625,104,0,112,0,133,0,132,0
4972.847674,104,0,112,0,133,0,132,0
4972.849618,104,0,112,0,133,0,132,0
4972.851405,104,0,112,0,133,0,132,0
4972.853267,104,0,112,0,133,0,132,0
4972.855622,104,0,112,0,133,0,132,0
4972.857656,104,0,112,0,133,0,132,0
4972.859643,104,0,112,0,133,0,132,0
4972.861603,104,0,112,0,133,0,132,0
4972.863609,104,0,112,0,133,0,132,0
4972.865621,104,0,112,0,133,0,132,0
4972.867632,104,0,112,0,133,0,132,0
4972.869585,104,0,112,0,133,0,132,0
4972.871614,104,0,112,0,133,0,132,0
4972.873852,104,0,112,0,133,0,132,0
4972.875647,104,0,112,0,133,0,132,0
4972.877677,104,0,112,0,133,0,132,0
4972.879623,104,0,112,0,133,0,132,0
4972.881629,104,0,112,0,133,0,132,0
4972.883398,104,0,112,0,133,0,132,0
4972.885645,104,0,112,0,133,0,132,0
4972.887591,104,0,112,0,133,0,132,0
4972.889604,104,0,112,0,133,0,132,0
4972.891619,104,0,112,0,133,0,132,0
4972.893595,104,0,112,0,133,0,132,0
4972.895583,104,0,112,0,133,0,132,0
4972.897594,104,0,112,0,133,0,132,0
4972.899404,104,0,112,0,133,0,132,0
4972.901385,104,0,112,0,133,0,132,0
4972.903620,104,0,112,0,133,0,132,0
4972.905594,104,0,112,0,133,0,132,0
4972.907668,104,0,112,0,133,0,132,0
4972.909571,104,0,112,0,133,0,132,0
4972.911600,104,0,112,0,133,0,132,0
4972.913625,104,0,112,0,133,0,132,0
4972.915637,104,0,112,0,133,0,132,0
4972.917640,104,0,112,0,133,0,132,0
4972.919591,104,0,112,0,133,0,132,0
4972.921649,104,0,112,0,133,0,132,0
4972.923742,104,0,112,0,133,0,132,0
4972.925456,104,0,112,0,133,0,132,0
4972.927481,104,0,112,0,133,0,132,0
4972.929474,104,0,112,0,133,0,132,0
4972.931485,104,0,112,0,133,0,132,0
4972.933436,104,0,112,0,133,0,132,0
4972.935414,104,0,112,0,133,0,132,0
4972.937437,104,0,112,0,133,0,132,0
4972.939648,104,0,112,0,133,0,132,0
4972.941584,104,0,112,0,133,0,132,0
4972.943505,104,0,112,0,133,0,132,0
4972.945512,104,0,112,0,133,0,132,0
4972.947648,104,0,112,0,133,0,132,0
4972.949620,104,0,112,0,133,0,132,0
4972.951613,104,0,112,0,133,0,132,0
4972.953651,104,0,112,0,133,0,132,0
4972.955558,104,0,112,0,133,0,132,0
4972.957647,104,0,112,0,133,0,132,0
4972.959655,104,0,112,0,133,0,132,0
4972.961440,104,0,112,0,133,0,132,0
4972.963628,104,0,112,0,133,0,132,0
4972.965654,104,0,112,0,133,0,132,0
4972.967677,104,0,112,0,133,0,132,0
4972.969653,104,0,112,0,133,0,132,0
4972.971376,104,0,112,0,133,0,132,0
4972.973437,104,0,112,0,133,0,132,0
4972.975443,104,0,112,0,133,0,132,0
4972.977626,104,0,112,0,133,0,132,0
4972.979598,104,0,112,0,133,0,132,0
4972.981520,104,0,112,0,133,0,132,0
4972.983598,104,0,112,0,133,0,132,0
4972.985602,104,0,112,0,133,0,132,0
4972.987624,104,0,112,0,133,0,132,0
4972.989657,104,0,112,0,133,0,132,0
4972.991452,104,0,112,0,133,0,132,0
4972.993634,104,0,112,0,133,0,132,0
4972.995599,104,0,112,0,133,0,132,0
4972.997589,104,0,112,0,133,0,132,0
4972.999586,104,0,112,0,133,0,132,0
4973.001598,104,0,112,0,133,0,132,0
4973.003301,104,0,112,0,133,0,132,0
4973.005354,104,0,112,0,133,0,132,0
4973.007459,104,0,112,0,133,0,132,0
4973.009212,104,0,112,0,133,0,132,0
4973.011200,104,0,112,0,133,0,132,0
4973.013332,104,0,112,0,133,0,132,0
4973.015599,104,0,112,0,133,0,132,0
4973.017444,104,0,112,0,133,0,132,0
4973.019477,104,0,112,0,133,0,132,0
4973.021588,104,0,112,0,133,0,132,0
4973.024004,104,0,112,0,133,0,132,0
4973.025679,104,0,112,0,133,0,132,0
4973.027756,104,0,112,0,133,0,132,0
4973.029617,104,0,112,0,133,0,132,0
4973.031408,104,0,112,0,133,0,132,0
4973.033390,104,0,112,0,133,0,132,0
4973.035629,104,0,112,0,133,0,132,0
4973.037637,104,0,112,0,133,0,132,0
4973.039646,104,0,112,0,133,0,132,0
4973.041593,104,0,112,0,133,0,132,0
4973.043516,104,0,112,0,133,0,132,0
4973.045396,104,0,112,0,133,0,132,0
4973.047578,104,0,112,0,133,0,132,0
4973.049592,104,0,112,0,133,0,132,0
4973.051415,104,0,112,0,133,0,132,0
4973.053519,104,0,112,0,133,0,132,0
4973.055638,104,0,112,0,133,0,132,0
4973.057627,104,0,112,0,133,0,132,0
4973.059615,104,0,112,0,133,0,132,0
4973.061632,104,0,112,0,133,0,132,0
4973.063644,104,0,112,0,133,0,132,0
4973.065471,104,0,112,0,133,0,132,0
4973.067681,104,0,112,0,133,0,132,0
4973.069658,104,0,112,0,133,0,132,0
4973.071427,104,0,112,0,133,0,132,0
4973.073841,104,0,112,0,133,0,132,0
4973.075661,104,0,112,0,133,0,132,0
4973.077672,104,0,112,0,133,0,132,0
4973.079615,104,0,112,0,133,0,132,0
4973.081614,104,0,112,0,133,0,132,0
4973.083592,104,0,112,0,133,0,132,0
4973.085578,104,0,112,0,133,0,132,0
4973.087628,104,0,112,0,133,0,132,0
4973.089322,104,0,112,0,133,0,132,0
4973.091461,104,0,112,0,133,0,132,0
4973.093459,104,0,112,0,133,0,132,0
4973.095420,104,0,112,0,133,0,132,0
4973.097503,104,0,112,0,133,0,132,0
4973.099523,104,0,112,0,133,0,132,0
4973.101603,104,0,112,0,133,0,132,0
4973.103560,104,0,112,0,133,0,132,0
4973.105418,104,0,112,0,133,0,132,0
4973.107435,104,0,112,0,133,0,132,0
4973.109266,104,0,112,0,133,0,132,0
4973.111644,104,0,112,0,133,0,132,0
4973.113428,104,0,112,0,133,0,132,0
4973.115660,104,0,112,0,133,0,132,0
4973.117651,104,0,112,0,133,0,132,0
4973.119483,104,0,112,0,133,0,132,0
4973.121595,104,0,112,0,133,0,132,0
4973.123859,104,0,112,0,133,0,132,0
4973.125494,104,0,112,0,133,0,132,0
4973.127689,104,0,112,0,133,0,132,0
4973.129661,104,0,112,0,133,0,132,0
4973.131460,104,0,112,0,133,0,132,0
4973.133476,104,0,112,0,133,0,132,0
4973.135632,104,0,112,0,133,0,132,0
4973.137658,104,0,112,0,133,0,132,0
4973.139632,104,0,112,0,133,0,132,0
4973.141622,104,0,112,0,133,0,132,0
4973.143425,104,0,112,0,133,0,132,0
4973.145450,104,0,112,0,133,0,132,0
4973.147453,104,0,112,0,133,0,132,0
4973.149461,104,0,112,0,133,0,132,0
4973.151457,104,0,112,0,133,0,132,0
4973.153450,104,0,112,0,133,0,132,0
4973.155458,104,0,112,0,133,0,132,0
4973.157504,104,0,112,0,133,0,132,0
4973.159325,104,0,112,0,133,0,132,0
4973.161448,104,0,112,0,133,0,132,0
4973.163440,104,0,112,0,133,0,132,0
4973.165625,104,0,112,0,133,0,132,0
4973.167653,104,0,112,0,133,0,132,0
4973.169608,104,0,112,0,133,0,132,0
4973.171262,104,0,112,0,133,0,132,0
4973.173720,104,0,112,0,133,0,132,0
4973.175291,104,0,112,0,133,0,132,0
4973.177466,104,0,112,0,133,0,132,0
4973.179218,104,0,112,0,133,0,132,0
4973.181285,104,0,112,0,133,0,132,0
4973.183313,104,0,112,0,133,0,132,0
4973.185396,104,0,112,0,133,0,132,0
4973.187610,104,0,112,0,133,0,132,0
4973.189688,104,0,112,0,133,0,132,0
4973.191502,104,0,112,0,133,0,132,0
4973.193452,104,0,112,0,133,0,132,0
4973.195470,104,0,112,0,133,0,132,0
4973.197470,104,0,112,0,133,0,132,0
4973.199423,104,0,112,0,133,0,132,0
4973.201449,104,0,112,0,133,0,132,0
4973.203514,104,0,112,0,133,0,132,0
4973.205487,104,0,112,0,133,0,132,0
4973.207582,104,0,112,0,133,0,132,0
4973.209545,104,0,112,0,133,0,132,0
4973.211582,104,0,112,0,133,0,132,0
4973.213619,104,0,112,0,133,0,132,0
4973.215567,104,0,112,0,133,0,132,0
4973.217433,104,0,112,0,133,0,132,0
4973.219606,104,0,112,0,133,0,132,0
4973.221677,104,0,112,0,133,0,132,0
4973.223841,104,0,112,0,133,0,132,0
4973.225397,104,0,112,0,133,0,132,0
4973.227483,104,0,112,0,133,0,132,0
4973.229504,104,0,112,0,133,0,132,0
4973.231480,104,0,112,0,133,0,132,0
4973.233493,104,0,112,0,133,0,132,0
4973.235491,104,0,112,0,133,0,132,0
4973.237690,104,0,112,0,133,0,132,0
4973.239493,104,0,112,0,133,0,132,0
4973.241449,104,0,112,0,133,0,132,0
4973.243612,104,0,112,0,133,0,132,0
4973.245628,104,0,112,0,133,0,132,0
4973.247669,104,0,112,0,133,0,132,0
4973.249556,104,0,112,0,133,0,132,0
4973.251626,104,0,112,0,133,0,132,0
4973.253428,104,0,112,0,133,0,132,0
4973.255636,104,0,112,0,133,0,132,0
4973.257646,104,0,112,0,133,0,132,0
4973.259623,104,0,112,0,133,0,132,0
4973.261658,104,0,112,0,133,0,132,0
4973.263651,104,0,112,0,133,0,132,0
4973.265640,104,0,112,0,133,0,132,0
4973.267653,104,0,112,0,133,0,132,0
4973.269646,104,0,112,0,133,0,132,0
4973.271465,104,0,112,0,133,0,132,0
4973.273866,104,0,112,0,133,0,132,0
4973.275666,104,0,112,0,133,0,132,0
4973.277676,104,0,112,0,133,0,132,0
4973.279668,104,0,112,0,133,0,132,0
4973.281640,104,0,112,0,133,0,132,0
4973.283633,104,0,112,0,133,0,132,0
4973.285554,104,0,112,0,133,0,132,0
4973.287634,104,0,112,0,133,0,132,0
4973.289473,104,0,112,0,133,0,132,0
4973.291667,104,0,112,0,133,0,132,0
4973.293670,104,0,112,0,133,0,132,0
4973.295604,104,0,112,0,133,0,132,0
4973.297549,104,0,112,0,133,0,132,0
4973.299695,104,0,112,0,133,0,132,0
4973.301667,104,0,112,0,133,0,132,0
4973.303381,104,0,112,0,133,0,132,0
4973.305683,104,0,112,0,133,0,132,0
4973.307520,104,0,112,0,133,0,132,0
4973.309633,104,0,112,0,133,0,132,0
4973.311538,104,0,112,0,133,0,132,0
4973.313576,104,0,112,0,133,0,132,0
4973.315627,104,0,112,0,133,0,132,0
4973.317636,104,0,112,0,133,0,132,0
4973.319603,104,0,112,0,133,0,132,0
4973.321656,104,0,112,0,133,0,132,0
4973.323627,104,0,112,0,133,0,132,0
4973.325453,104,0,112,0,133,0,132,0
4973.327676,104,0,112,0,133,0,132,0
4973.329591,104,0,112,0,133,0,132,0
4973.331623,104,0,112,0,133,0,132,0
4973.333575,104,0,112,0,133,0,132,0
4973.335727,104,0,112,0,133,0,132,0
4973.337976,104,0,112,0,133,0,132,0
4973.339617,104,0,112,0,133,0,132,0
4973.341524,104,0,112,0,133,0,132,0
4973.343683,104,0,112,0,133,0,132,0
4973.345693,104,0,112,0,133,0,132,0
4973.347683,104,0,112,0,133,0,132,0
4973.349639,104,0,112,0,133,0,132,0
4973.351486,104,0,112,0,133,0,132,0
4973.353470,104,0,112,0,133,0,132,0
4973.355460,104,0,112,0,133,0,132,0
4973.357615,104,0,112,0,133,0,132,0
4973.359646,104,0,112,0,133,0,132,0
4973.361616,104,0,112,0,133,0,132,0
4973.363605,104,0,112,0,133,0,132,0
4973.365620,104,0,112,0,133,0,132,0
4973.367642,104,0,112,0,133,0,132,0
4973.369332,104,0,112,0,133,0,132,0
4973.371542,104,0,112,0,133,0,132,0
4973.373998,104,0,112,0,133,0,132,0
4973.375536,104,0,112,0,133,0,132,0
4973.377645,104,0,112,0,133,0,132,0
4973.379565,104,0,112,0,133,0,132,0
4973.381518,104,0,112,0,133,0,132,0
4973.383491,104,0,112,0,133,0,132,0
4973.385526,104,0,112,0,133,0,132,0
4973.387676,104,0,112,0,133,0,132,0
4973.389443,104,0,112,0,133,0,132,0
4973.391380,104,0,112,0,133,0,132,0
4973.393451,104,0,112,0,133,0,132,0
4973.395680,104,0,112,0,133,0,132,0
4973.397691,104,0,112,0,133,0,132,0
4973.399473,104,0,112,0,133,0,132,0
4973.401513,104,0,112,0,133,0,132,0
4973.403708,104,0,112,0,133,0,132,0
4973.405518,104,0,112,0,133,0,132,0
4973.407533,104,0,112,0,133,0,132,0
4973.409417,104,0,112,0,133,0,132,0
4973.411617,104,0,112,0,133,0,132,0
4973.413396,104,0,112,0,133,0,132,0
4973.415618,104,0,112,0,133,0,132,0
4973.417462,104,0,112,0,133,0,132,0
4973.419676,104,0,112,0,133,0,132,0
4973.421602,104,0,112,0,133,0,132,0
4973.423693,104,0,112,0,133,0,132,0
4973.425463,104,0,112,0,133,0,132,0
4973.427459,104,0,112,0,133,0,132,0
4973.429467,104,0,112,0,133,0,132,0
4973.431455,104,0,112,0,133,0,132,0
4973.433367,104,0,112,0,133,0,132,0
4973.435713,104,0,112,0,133,0,132,0
4973.437727,104,0,112,0,133,0,132,0
4973.439519,104,0,112,0,133,0,132,0
4973.441462,104,0,112,0,133,0,132,0
4973.443657,104,0,112,0,133,0,132,0
4973.445521,104,0,112,0,133,0,132,0
4973.447477,104,0,112,0,133,0,132,0
4973.449571,104,0,112,0,133,0,132,0
4973.451683,104,0,112,0,133,0,132,0
4973.453631,104,0,112,0,133,0,132,0
4973.455411,104,0,112,0,133,0,132,0
4973.457635,104,0,112,0,133,0,132,0
4973.459554,104,0,112,0,133,0,132,0
4973.461637,104,0,112,0,133,0,132,0
4973.463426,104,0,112,0,133,0,132,0
4973.465486,104,0,112,0,133,0,132,0
4973.467659,104,0,112,0,133,0,132,0
4973.469630,104,0,112,0,133,0,132,0
4973.471660,104,0,112,0,133,0,132,0
4973.473756,104,0,112,0,133,0,132,0
4973.475463,104,0,112,0,133,0,132,0
4973.477634,104,0,112,0,133,0,132,0
4973.479661,104,0,112,0,133,0,132,0
4973.481648,104,0,112,0,133,0,132,0
4973.483710,104,0,112,0,133,0,132,0
4973.485633,104,0,112,0,133,0,132,0
4973.487478,104,0,112,0,133,0,132,0
4973.489628,104,0,112,0,133,0,132,0
4973.491565,104,0,112,0,133,0,132,0
4973.493652,104,0,112,0,133,0,132,0
4973.495672,104,0,112,0,133,0,132,0
4973.497475,104,0,112,0,133,0,132,0
4973.499625,104,0,112,0,133,0,132,0
4973.501637,104,0,112,0,133,0,132,0
4973.503604,104,0,112,0,133,0,132,0
4973.505423,104,0,112,0,133,0,132,0
4973.507661,104,0,112,0,133,0,132,0
4973.509617,104,0,112,0,133,0,132,0
4973.511649,104,0,112,0,133,0,132,0
4973.513467,104,0,112,0,133,0,132,0
4973.515686,104,0,112,0,133,0,132,0
4973.517694,104,0,112,0,133,0,132,0
4973.519649,104,0,112,0,133,0,132,0
4973.521738,104,0,112,0,133,0,132,0
4973.523890,104,0,112,0,133,0,132,0
4973.525501,104,0,112,0,133,0,132,0
4973.527636,104,0,112,0,133,0,132,0
4973.529625,104,0,112,0,133,0,132,0
4973.531619,104,0,112,0,133,0,132,0
4973.533616,104,0,112,0,133,0,132,0
4973.535699,104,0,112,0,133,0,132,0
4973.537726,104,0,112,0,133,0,132,0
4973.539670,104,0,112,0,133,0,132,0
4973.541444,104,0,112,0,133,0,132,0
4973.543610,104,0,112,0,133,0,132,0
4973.545662,104,0,112,0,133,0,132,0
4973.547684,104,0,112,0,133,0,132,0
4973.549651,104,0,112,0,133,0,132,0
4973.551654,104,0,112,0,133,0,132,0
4973.553637,104,0,112,0,133,0,132,0
4973.555445,104,0,112,0,133,0,132,0
4973.557683,104,0,112,0,133,0,132,0
4973.559486,104,0,112,0,133,0,132,0
4973.561660,104,0,112,0,133,0,132,0
4973.563638,104,0,112,0,133,0,132,0
4973.565668,104,0,112,0,133,0,132,0
4973.567715,104,0,112,0,133,0,132,0
4973.569677,104,0,112,0,133,0,132,0
4973.571539,104,0,112,0,133,0,132,0
4973.573893,104,0,112,0,133,0,132,0
4973.575499,104,0,112,0,133,0,132,0
4973.577441,104,0,112,0,133,0,132,0
4973.579386,104,0,112,0,133,0,132,0
4973.581445,104,0,112,0,133,0,132,0
4973.583439,104,0,112,0,133,0,132,0
4973.585661,104,0,112,0,133,0,132,0
4973.587660,104,0,112,0,133,0,132,0
4973.589660,104,0,112,0,133,0,132,0
4973.591495,104,0,112,0,133,0,132,0
4973.593482,104,0,112,0,133,0,132,0
4973.595426,104,0,112,0,133,0,132,0
4973.597506,104,0,112,0,133,0,132,0
4973.599468,104,0,112,0,133,0,132,0
4973.601507,104,0,112,0,133,0,132,0
4973.603493,104,0,112,0,133,0,132,0
4973.605459,104,0,112,0,133,0,132,0
4973.607525,104,0,112,0,133,0,132,0
4973.609445,104,0,112,0,133,0,132,0
4973.611441,104,0,112,0,133,0,132,0
4973.613444,104,0,112,0,133,0,132,0
4973.615441,104,0,112,0,133,0,132,0
4973.617530,104,0,112,0,133,0,132,0
4973.619494,104,0,112,0,133,0,132,0
4973.621540,104,0,112,0,133,0,132,0
4973.623703,104,0,112,0,133,0,132,0
4973.625504,104,0,112,0,133,0,132,0
4973.627553,104,0,112,0,133,0,132,0
4973.629500,104,0,112,0,133,0,132,0
4973.631486,104,0,112,0,133,0,132,0
4973.633509,104,0,112,0,133,0,132,0
4973.635451,104,0,112,0,133,0,132,0
4973.637593,104,0,112,0,133,0,132,0
4973.639484,104,0,112,0,133,0,132,0
4973.641396,104,0,112,0,133,0,132,0
4973.643545,104,0,112,0,133,0,132,0
4973.645457,104,0,112,0,133,0,132,0
4973.647497,104,0,112,0,133,0,132,0
4973.649572,104,0,112,0,133,0,132,0
4973.651500,104,0,112,0,133,0,132,0
4973.653566,104,0,112,0,133,0,132,0
4973.655518,104,0,112,0,133,0,132,0
4973.657526,104,0,112,0,133,0,132,0
4973.659519,104,0,112,0,133,0,132,0
4973.661496,104,0,112,0,133,0,132,0
4973.663523,104,0,112,0,133,0,132,0
4973.665514,104,0,112,0,133,0,132,0
4973.667528,104,0,112,0,133,0,132,0
4973.669482,104,0,112,0,133,0,132,0
4973.671492,104,0,112,0,133,0,132,0
4973.673590,104,0,112,0,133,0,132,0
4973.675448,104,0,112,0,133,0,132,0
4973.677511,104,0,112,0,133,0,132,0
4973.679555,104,0,112,0,133,0,132,0
4973.681519,104,0,112,0,133,0,132,0
4973.683499,104,0,112,0,133,0,132,0
4973.685471,104,0,112,0,133,0,132,0
4973.687551,104,0,112,0,133,0,132,0
4973.689517,104,0,112,0,133,0,132,0
4973.691523,104,0,112,0,133,0,132,0
4973.693503,104,0,112,0,133,0,132,0
4973.695545,104,0,112,0,133,0,132,0
4973.697528,104,0,112,0,133,0,132,0
4973.699512,104,0,112,0,133,0,132,0
4973.701327,104,0,112,0,133,0,132,0
4973.703475,104,0,112,0,133,0,132,0
4973.705439,104,0,112,0,133,0,132,0
4973.707388,104,0,112,0,133,0,132,0
4973.709459,104,0,112,0,133,0,132,0
4973.711374,104,0,112,0,133,0,132,0
4973.713378,104,0,112,0,133,0,132,0
4973.715534,104,0,112,0,133,0,132,0
4973.717584,104,0,112,0,133,0,132,0
4973.719451,104,0,112,0,133,0,132,0
4973.721508,104,0,112,0,133,0,132,0
4973.723788,104,0,112,0,133,0,132,0
4973.725579,104,0,112,0,133,0,132,0
4973.727555,104,0,112,0,133,0,132,0
4973.729492,104,0,112,0,133,0,132,0
4973.731510,104,0,112,0,133,0,132,0
4973.733522,104,0,112,0,133,0,132,0
4973.735424,104,0,112,0,133,0,132,0
4973.737517,104,0,112,0,133,0,132,0
4973.739651,104,0,112,0,133,0,132,0
4973.741755,104,0,112,0,133,0,132,0
4973.743592,104,0,112,0,133,0,132,0
4973.745619,104,0,112,0,133,0,132,0
4973.747624,104,0,112,0,133,0,132,0
4973.749567,104,0,112,0,133,0,132,0
4973.751532,104,0,112,0,133,0,132,0
4973.753531,104,0,112,0,133,0,132,0
4973.755652,104,0,112,0,133,0,132,0
4973.757629,104,0,112,0,133,0,132,0
4973.759620,104,0,112,0,133,0,132,0
4973.761608,104,0,112,0,133,0,132,0
4973.763586,104,0,112,0,133,0,132,0
4973.765596,104,0,112,0,133,0,132,0
4973.767607,104,0,112,0,133,0,132,0
4973.769641,104,0,112,0,133,0,132,0
4973.771585,104,0,112,0,133,0,132,0
4973.773866,104,0,112,0,133,0,132,0
4973.775547,104,0,112,0,133,0,132,0
4973.777578,104,0,112,0,133,0,132,0
4973.779559,104,0,112,0,133,0,132,0
4973.781533,104,0,112,0,133,0,132,0
4973.783526,104,0,112,0,133,0,132,0
4973.785617,104,0,112,0,133,0,132,0
4973.787641,104,0,112,0,133,0,132,0
4973.789563,104,0,112,0,133,0,132,0
4973.791600,104,0,112,0,133,0,132,0
4973.793644,104,0,112,0,133,0,132,0
4973.795597,104,0,112,0,133,0,132,0
4973.797593,104,0,112,0,133,0,132,0
4973.799569,104,0,112,0,133,0,132,0
4973.801542,104,0,112,0,133,0,132,0
4973.803554,104,0,112,0,133,0,132,0
4973.805550,104,0,112,0,133,0,132,0
4973.807563,104,0,112,0,133,0,132,0
4973.809520,104,0,112,0,133,0,132,0
4973.811524,104,0,112,0,133,0,132,0
4973.813580,104,0,112,0,133,0,132,0
4973.815555,104,0,112,0,133,0,132,0
4973.817580,104,0,112,0,133,0,132,0
4973.819539,104,0,112,0,133,0,132,0
4973.821614,104,0,112,0,133,0,132,0
4973.823829,104,0,112,0,133,0,132,0
4973.825588,104,0,112,0,133,0,132,0
4973.827614,104,0,112,0,133,0,132,0
4973.829654,104,0,112,0,133,0,132,0
4973.831535,104,0,112,0,133,0,132,0
4973.833528,104,0,112,0,133,0,132,0
4973.835355,104,0,112,0,133,0,132,0
4973.837491,104,0,112,0,133,0,132,0
4973.839529,104,0,112,0,133,0,132,0
4973.841565,104,0,112,0,133,0,132,0
4973.843443,104,0,112,0,133,0,132,0
4973.845535,104,0,112,0,133,0,132,0
4973.847520,104,0,112,0,133,0,132,0
4973.849536,104,0,112,0,133,0,132,0
4973.851574,104,0,112,0,133,0,132,0
4973.853591,104,0,112,0,133,0,132,0
4973.855637,104,0,112,0,133,0,132,0
4973.857697,104,0,112,0,133,0,132,0
4973.859633,104,0,112,0,133,0,132,0
4973.861714,104,0,112,0,133,0,132,0
4973.863557,104,0,112,0,133,0,132,0
4973.865560,104,0,112,0,133,0,132,0
4973.867678,104,0,112,0,133,0,132,0
4973.869639,104,0,112,0,133,0,132,0
4973.871583,104,0,112,0,133,0,132,0
4973.873677,104,0,112,0,133,0,132,0
4973.875573,104,0,112,0,133,0,132,0
4973.877610,104,0,112,0,133,0,132,0
4973.879592,104,0,112,0,133,0,132,0
4973.881566,104,0,112,0,133,0,132,0
4973.883564,104,0,112,0,133,0,132,0
4973.885607,104,0,112,0,133,0,132,0
4973.887627,104,0,112,0,133,0,132,0
4973.889591,104,0,112,0,133,0,132,0
4973.891608,104,0,112,0,133,0,132,0
4973.893583,104,0,112,0,133,0,132,0
4973.895612,104,0,112,0,133,0,132,0
4973.897645,104,0,112,0,133,0,132,0
4973.899651,104,0,112,0,133,0,132,0
4973.901533,104,0,112,0,133,0,132,0
4973.903561,104,0,112,0,133,0,132,0
4973.905539,104,0,112,0,133,0,132,0
4973.907445,104,0,112,0,133,0,132,0
4973.909537,104,0,112,0,133,0,132,0
4973.911578,104,0,112,0,133,0,132,0
4973.913584,104,0,112,0,133,0,132,0
4973.915595,104,0,112,0,133,0,132,0
4973.917587,104,0,112,0,133,0,132,0
4973.919639,104,0,112,0,133,0,132,0
4973.921595,104,0,112,0,133,0,132,0
4973.923718,104,0,112,0,133,0,132,0
4973.925594,104,0,112,0,133,0,132,0
4973.927567,104,0,112,0,133,0,132,0
4973.929623,104,0,112,0,133,0,132,0
4973.931620,104,0,112,0,133,0,132,0
4973.933528,104,0,112,0,133,0,132,0
4973.935549,104,0,112,0,133,0,132,0
4973.937609,104,0,112,0,133,0,132,0
4973.939600,104,0,112,0,133,0,132,0
4973.941607,104,0,112,0,133,0,132,0
4973.943616,104,0,112,0,133,0,132,0
4973.945563,104,0,112,0,133,0,132,0
4973.947600,104,0,112,0,133,0,132,0
4973.949558,104,0,112,0,133,0,132,0
4973.951568,104,0,112,0,133,0,132,0
4973.953503,104,0,112,0,133,0,132,0
4973.955494,104,0,112,0,133,0,132,0
4973.957566,104,0,112,0,133,0,132,0
4973.959517,104,0,112,0,133,0,132,0
4973.961524,104,0,112,0,133,0,132,0
4973.963675,104,0,112,0,133,0,132,0
4973.965637,104,0,112,0,133,0,132,0
4973.967755,104,0,112,0,133,0,132,0
4973.969579,104,0,112,0,133,0,132,0
4973.971585,104,0,112,0,133,0,132,0
4973.973978,104,0,112,0,133,0,132,0
4973.975681,104,0,112,0,133,0,132,0
4973.977626,104,0,112,0,133,0,132,0
4973.979547,104,0,112,0,133,0,132,0
4973.981571,104,0,112,0,133,0,132,0
4973.983643,104,0,112,0,133,0,132,0
4973.985613,104,0,112,0,133,0,132,0
4973.987633,104,0,112,0,133,0,132,0
4973.989638,104,0,112,0,133,0,132,0
4973.991505,104,0,112,0,133,0,132,0
4973.993480,104,0,112,0,133,0,132,0
4973.995546,104,0,112,0,133,0,132,0
4973.997574,104,0,112,0,133,0,132,0
4973.999517,104,0,112,0,133,0,132,0
4974.001536,104,0,112,0,133,0,132,0
4974.003505,104,0,112,0,133,0,132,0
4974.005579,104,0,112,0,133,0,132,0
4974.007572,104,0,112,0,133,0,132,0
4974.009331,104,0,112,0,133,0,132,0
4974.011648,104,0,112,0,133,0,132,0
4974.013535,104,0,112,0,133,0,132,0
4974.015478,104,0,112,0,133,0,132,0
4974.017546,104,0,112,0,133,0,132,0
4974.019534,104,0,112,0,133,0,132,0
4974.021570,104,0,112,0,133,0,132,0
4974.023715,104,0,112,0,133,0,132,0
4974.025559,104,0,112,0,133,0,132,0
4974.027632,104,0,112,0,133,0,132,0
4974.029563,104,0,112,0,133,0,132,0
4974.031625,104,0,112,0,133,0,132,0
4974.033631,104,0,112,0,133,0,132,0
4974.035589,104,0,112,0,133,0,132,0
4974.037600,104,0,112,0,133,0,132,0
4974.039571,104,0,112,0,133,0,132,0
4974.041616,104,0,112,0,133,0,132,0
4974.043565,104,0,112,0,133,0,132,0
4974.045617,104,0,112,0,133,0,132,0
4974.047612,104,0,112,0,133,0,132,0
4974.049599,104,0,112,0,133,0,132,0
4974.051607,104,0,112,0,133,0,132,0
4974.053634,104,0,112,0,133,0,132,0
4974.055626,104,0,112,0,133,0,132,0
4974.057603,104,0,112,0,133,0,132,0
4974.059605,104,0,112,0,133,0,132,0
4974.061562,104,0,112,0,133,0,132,0
4974.063572,104,0,112,0,133,0,132,0
4974.065580,104,0,112,0,133,0,132,0
4974.067466,104,0,112,0,133,0,132,0
4974.069613,104,0,112,0,133,0,132,0
4974.071629,104,0,112,0,133,0,132,0
4974.073821,104,0,112,0,133,0,132,0
4974.075647,104,0,112,0,133,0,132,0
4974.077662,104,0,112,0,133,0,132,0
4974.079653,104,0,112,0,133,0,132,0
4974.081618,104,0,112,0,133,0,132,0
4974.083560,104,0,112,0,133,0,132,0
4974.085593,104,0,112,0,133,0,132,0
4974.087575,104,0,112,0,133,0,132,0
4974.089586,104,0,112,0,133,0,132,0
4974.091610,104,0,112,0,133,0,132,0
4974.093571,104,0,112,0,133,0,132,0
4974.095543,104,0,112,0,133,0,132,0
4974.097564,104,0,112,0,133,0,132,0
4974.099601,104,0,112,0,133,0,132,0
4974.101584,104,0,112,0,133,0,132,0
4974.103549,104,0,112,0,133,0,132,0
4974.105556,104,0,112,0,133,0,132,0
4974.107600,104,0,112,0,133,0,132,0
4974.109558,104,0,112,0,133,0,132,0
4974.111542,104,0,112,0,133,0,132,0
4974.113608,104,0,112,0,133,0,132,0
4974.115613,104,0,112,0,133,0,132,0
4974.117601,104,0,112,0,133,0,132,0
4974.119491,104,0,112,0,133,0,132,0
4974.121550,104,0,112,0,133,0,132,0
4974.123854,104,0,112,0,133,0,132,0
4974.125635,104,0,112,0,133,0,132,0
4974.127684,104,0,112,0,133,0,132,0
4974.129488,104,0,112,0,133,0,132,0
4974.131629,104,0,112,0,133,0,132,0
4974.133647,104,0,112,0,133,0,132,0
4974.135584,104,0,112,0,133,0,132,0
4974.137626,104,0,112,0,133,0,132,0
4974.139614,104,0,112,0,133,0,132,0
4974.141598,104,0,112,0,133,0,132,0
4974.143564,104,0,112,0,133,0,132,0
4974.145630,104,0,112,0,133,0,132,0
4974.147676,104,0,112,0,133,0,132,0
4974.149596,104,0,112,0,133,0,132,0
4974.151637,104,0,112,0,133,0,132,0
4974.153631,104,0,112,0,133,0,132,0
4974.155499,104,0,112,0,133,0,132,0
4974.157539,104,0,112,0,133,0,132,0
4974.159524,104,0,112,0,133,0,132,0
4974.161546,104,0,112,0,133,0,132,0
4974.163519,104,0,112,0,133,0,132,0
4974.165659,104,0,112,0,133,0,132,0
4974.167624,104,0,112,0,133,0,132,0
4974.169612,104,0,112,0,133,0,132,0
4974.171645,104,0,112,0,133,0,132,0
4974.173441,104,0,112,0,133,0,132,0
4974.175571,104,0,112,0,133,0,132,0
4974.177659,104,0,112,0,133,0,132,0
4974.179647,104,0,112,0,133,0,132,0
4974.181535,104,0,112,0,133,0,132,0
4974.183381,104,0,112,0,133,0,132,0
4974.185433,104,0,112,0,133,0,132,0
4974.187437,104,0,112,0,133,0,132,0
4974.189403,104,0,112,0,133,0,132,0
4974.191399,104,0,112,0,133,0,132,0
4974.193428,104,0,112,0,133,0,132,0
4974.195671,104,0,112,0,133,0,132,0
4974.197672,104,0,112,0,133,0,132,0
4974.199593,104,0,112,0,133,0,132,0
4974.201623,104,0,112,0,133,0,132,0
4974.203587,104,0,112,0,133,0,132,0
4974.205564,104,0,112,0,133,0,132,0
4974.207645,104,0,112,0,133,0,132,0
4974.209561,104,0,112,0,133,0,132,0
4974.211529,104,0,112,0,133,0,132,0
4974.213620,104,0,112,0,133,0,132,0
4974.215583,104,0,112,0,133,0,132,0
4974.217600,104,0,112,0,133,0,132,0
4974.219621,104,0,112,0,133,0,132,0
4974.221619,104,0,112,0,133,0,132,0
4974.223708,104,0,112,0,133,0,132,0
4974.225594,104,0,112,0,133,0,132,0
4974.227551,104,0,112,0,133,0,132,0
4974.229580,104,0,112,0,133,0,132,0
4974.231567,104,0,112,0,133,0,132,0
4974.233576,104,0,112,0,133,0,132,0
4974.235576,104,0,112,0,133,0,132,0
4974.237351,104,0,112,0,133,0,132,0
4974.239460,104,0,112,0,133,0,132,0
4974.241434,104,0,112,0,133,0,132,0
4974.243468,104,0,112,0,133,0,132,0
4974.245436,104,0,112,0,133,0,132,0
4974.247583,104,0,112,0,133,0,132,0
4974.249546,104,0,112,0,133,0,132,0
4974.251615,104,0,112,0,133,0,132,0
4974.253653,104,0,112,0,133,0,132,0
4974.255662,104,0,112,0,133,0,132,0
4974.257435,104,0,112,0,133,0,132,0
4974.259590,104,0,112,0,133,0,132,0
4974.261587,104,0,112,0,133,0,132,0
4974.263584,104,0,112,0,133,0,132,0
4974.265583,104,0,112,0,133,0,132,0
4974.267662,104,0,112,0,133,0,132,0
4974.269549,104,0,112,0,133,0,132,0
4974.271583,104,0,112,0,133,0,132,0
4974.273548,104,0,112,0,133,0,132,0
4974.275589,104,0,112,0,133,0,132,0
4974.277619,104,0,112,0,133,0,132,0
4974.279616,104,0,112,0,133,0,132,0
4974.281663,104,0,112,0,133,0,132,0
4974.283572,104,0,112,0,133,0,132,0
4974.285656,104,0,112,0,133,0,132,0
4974.287636,104,0,112,0,133,0,132,0
4974.289620,104,0,112,0,133,0,132,0
4974.291698,104,0,112,0,133,0,132,0
4974.293558,104,0,112,0,133,0,132,0
4974.295631,104,0,112,0,133,0,132,0
4974.297663,104,0,112,0,133,0,132,0
4974.299610,104,0,112,0,133,0,132,0
4974.301573,104,0,112,0,133,0,132,0
4974.303644,104,0,112,0,133,0,132,0
4974.305613,104,0,112,0,133,0,132,0
4974.307627,104,0,112,0,133,0,132,0
4974.309601,104,0,112,0,133,0,132,0
4974.311600,104,0,112,0,133,0,132,0
4974.313613,104,0,112,0,133,0,132,0
4974.315675,104,0,112,0,133,0,132,0
4974.317681,104,0,112,0,133,0,132,0
4974.319666,104,0,112,0,133,0,132,0
4974.321586,104,0,112,0,133,0,132,0
4974.323928,104,0,112,0,133,0,132,0
4974.325242,104,0,112,0,133,0,132,0
4974.327258,104,0,112,0,133,0,132,0
4974.329223,104,0,112,0,133,0,132,0
4974.331434,104,0,112,0,133,0,132,0
4974.333462,104,0,112,0,133,0,132,0
4974.335501,104,0,112,0,133,0,132,0
4974.337575,104,0,112,0,133,0,132,0
4974.339339,104,0,112,0,133,0,132,0
4974.341308,104,0,112,0,133,0,132,0
4974.343412,104,0,112,0,133,0,132,0
4974.345440,104,0,112,0,133,0,132,0
4974.347538,104,0,112,0,133,0,132,0
4974.349651,104,0,112,0,133,0,132,0
4974.351640,104,0,112,0,133,0,132,0
4974.353597,104,0,112,0,133,0,132,0
4974.355595,104,0,112,0,133,0,132,0
4974.357630,104,0,112,0,133,0,132,0
4974.359609,104,0,112,0,133,0,132,0
4974.361632,104,0,112,0,133,0,132,0
4974.363631,104,0,112,0,133,0,132,0
4974.365623,104,0,112,0,133,0,132,0
4974.367605,104,0,112,0,133,0,132,0
4974.369448,104,0,112,0,133,0,132,0
4974.371588,104,0,112,0,133,0,132,0
4974.373657,104,0,112,0,133,0,132,0
4974.375603,104,0,112,0,133,0,132,0
4974.377667,104,0,112,0,133,0,132,0
4974.379649,104,0,112,0,133,0,132,0
4974.381633,104,0,112,0,133,0,132,0
4974.383623,104,0,112,0,133,0,132,0
4974.385648,104,0,112,0,133,0,132,0
4974.387621,104,0,112,0,133,0,132,0
4974.389569,104,0,112,0,133,0,132,0
4974.391631,104,0,112,0,133,0,132,0
4974.393554,104,0,112,0,133,0,132,0
4974.395629,104,0,112,0,133,0,132,0
4974.397665,104,0,112,0,133,0,132,0
4974.399629,104,0,112,0,133,0,132,0
4974.401662,104,0,112,0,133,0,132,0
4974.403570,104,0,112,0,133,0,132,0
4974.405637,104,0,112,0,133,0,132,0
4974.407513,104,0,112,0,133,0,132,0
4974.409556,104,0,112,0,133,0,132,0
4974.411582,104,0,112,0,133,0,132,0
4974.413553,104,0,112,0,133,0,132,0
4974.415554,104,0,112,0,133,0,132,0
4974.417573,104,0,112,0,133,0,132,0
4974.419601,104,0,112,0,133,0,132,0
4974.421785,104,0,112,0,133,0,132,0
4974.423785,104,0,112,0,133,0,132,0
4974.425584,104,0,112,0,133,0,132,0
4974.427652,104,0,112,0,133,0,132,0
4974.429631,104,0,112,0,133,0,132,0
4974.431604,104,0,112,0,133,0,132,0
4974.433625,104,0,112,0,133,0,132,0
4974.435625,104,0,112,0,133,0,132,0
4974.437579,104,0,112,0,133,0,132,0
4974.439623,104,0,112,0,133,0,132,0
4974.441592,104,0,112,0,133,0,132,0
4974.443618,104,0,112,0,133,0,132,0
4974.445553,104,0,112,0,133,0,132,0
4974.447626,104,0,112,0,133,0,132,0
4974.449604,104,0,112,0,133,0,132,0
4974.451602,104,0,112,0,133,0,132,0
4974.453626,104,0,112,0,133,0,132,0
4974.455599,104,0,112,0,133,0,132,0
4974.457605,104,0,112,0,133,0,132,0
4974.459578,104,0,112,0,133,0,132,0
4974.461618,104,0,112,0,133,0,132,0
4974.463646,104,0,112,0,133,0,132,0
4974.465585,104,0,112,0,133,0,132,0
4974.467687,104,0,112,0,133,0,132,0
4974.469632,104,0,112,0,133,0,132,0
4974.471624,104,0,112,0,133,0,132,0
4974.473667,104,0,112,0,133,0,132,0
4974.475539,104,0,112,0,133,0,132,0
4974.477600,104,0,112,0,133,0,132,0
4974.479642,104,0,112,0,133,0,132,0
4974.481652,104,0,112,0,133,0,132,0
4974.483619,104,0,112,0,133,0,132,0
4974.485654,104,0,112,0,133,0,132,0
4974.487652,104,0,112,0,133,0,132,0
4974.489619,104,0,112,0,133,0,132,0
4974.491563,104,0,112,0,133,0,132,0
4974.493646,104,0,112,0,133,0,132,0
4974.495642,104,0,112,0,133,0,132,0
4974.497670,104,0,112,0,133,0,132,0
4974.499636,104,0,112,0,133,0,132,0
4974.501647,104,0,112,0,133,0,132,0
4974.503586,104,0,112,0,133,0,132,0
4974.505587,104,0,112,0,133,0,132,0
4974.507655,104,0,112,0,133,0,132,0
4974.509606,104,0,112,0,133,0,132,0
4974.511654,104,0,112,0,133,0,132,0
4974.513634,104,0,112,0,133,0,132,0
4974.515615,104,0,112,0,133,0,132,0
4974.517669,104,0,112,0,133,0,132,0
4974.519607,104,0,112,0,133,0,132,0
4974.521598,104,0,112,0,133,0,132,0
4974.523688,104,0,112,0,133,0,132,0
4974.525668,104,0,112,0,133,0,132,0
4974.527712,104,0,112,0,133,0,132,0
4974.529572,104,0,112,0,133,0,132,0
4974.531672,104,0,112,0,133,0,132,0
4974.533661,104,0,112,0,133,0,132,0
4974.535648,104,0,112,0,133,0,132,0
4974.537641,104,0,112,0,133,0,132,0
4974.539622,104,0,112,0,133,0,132,0
4974.541623,104,0,112,0,133,0,132,0
4974.543628,104,0,112,0,133,0,132,0
4974.545670,104,0,112,0,133,0,132,0
4974.547612,104,0,112,0,133,0,132,0
4974.549642,104,0,112,0,133,0,132,0
4974.551656,104,0,112,0,133,0,132,0
4974.553634,104,0,112,0,133,0,132,0
4974.555611,104,0,112,0,133,0,132,0
4974.557564,104,0,112,0,133,0,132,0
4974.559627,104,0,112,0,133,0,132,0
4974.561654,104,0,112,0,133,0,132,0
4974.563624,104,0,112,0,133,0,132,0
4974.565598,104,0,112,0,133,0,132,0
4974.567568,104,0,112,0,133,0,132,0
4974.569588,104,0,112,0,133,0,132,0
4974.571592,104,0,112,0,133,0,132,0
4974.573582,104,0,112,0,133,0,132,0
4974.575650,104,0,112,0,133,0,132,0
4974.577576,104,0,112,0,133,0,132,0
4974.579522,104,0,112,0,133,0,132,0
4974.581645,104,0,112,0,133,0,132,0
4974.583608,104,0,112,0,133,0,132,0
4974.585671,104,0,112,0,133,0,132,0
4974.587651,104,0,112,0,133,0,132,0
4974.589651,104,0,112,0,133,0,132,0
4974.591668,104,0,112,0,133,0,132,0
4974.593648,104,0,112,0,133,0,132,0
4974.595563,104,0,112,0,133,0,132,0
4974.597711,104,0,112,0,133,0,132,0
4974.599611,104,0,112,0,133,0,132,0
4974.601633,104,0,112,0,133,0,132,0
4974.603669,104,0,112,0,133,0,132,0
4974.605562,104,0,112,0,133,0,132,0
4974.607652,104,0,112,0,133,0,132,0
4974.609589,104,0,112,0,133,0,132,0
4974.611618,104,0,112,0,133,0,132,0
4974.613572,104,0,112,0,133,0,132,0
4974.615731,104,0,112,0,133,0,132,0
4974.617721,104,0,112,0,133,0,132,0
4974.619607,104,0,112,0,133,0,132,0
4974.621622,104,0,112,0,133,0,132,0
4974.623723,104,0,112,0,133,0,132,0
4974.625637,104,0,112,0,133,0,132,0
4974.627643,104,0,112,0,133,0,132,0
4974.629546,104,0,112,0,133,0,132,0
4974.631546,104,0,112,0,133,0,132,0
4974.633584,104,0,112,0,133,0,132,0
4974.635653,104,0,112,0,133,0,132,0
4974.637696,104,0,112,0,133,0,132,0
4974.639648,104,0,112,0,133,0,132,0
4974.641647,104,0,112,0,133,0,132,0
4974.643675,104,0,112,0,133,0,132,0
4974.645649,104,0,112,0,133,0,132,0
4974.647634,104,0,112,0,133,0,132,0
4974.649653,104,0,112,0,133,0,132,0
4974.651618,104,0,112,0,133,0,132,0
4974.653666,104,0,112,0,133,0,132,0
4974.655695,104,0,112,0,133,0,132,0
4974.657622,104,0,112,0,133,0,132,0
4974.659644,104,0,112,0,133,0,132,0
4974.661644,104,0,112,0,133,0,132,0
4974.663644,104,0,112,0,133,0,132,0
4974.665612,104,0,112,0,133,0,132,0
4974.667594,104,0,112,0,133,0,132,0
4974.669562,104,0,112,0,133,0,132,0
4974.671616,104,0,112,0,133,0,132,0
4974.673662,104,0,112,0,133,0,132,0
4974.675679,104,0,112,0,133,0,132,0
4974.677662,104,0,112,0,133,0,132,0
4974.679593,104,0,112,0,133,0,132,0
4974.681548,104,0,112,0,133,0,132,0
4974.683604,104,0,112,0,133,0,132,0
4974.685622,104,0,112,0,133,0,132,0
4974.687690,104,0,112,0,133,0,132,0
4974.689638,104,0,112,0,133,0,132,0
4974.691638,104,0,112,0,133,0,132,0
4974.693609,104,0,112,0,133,0,132,0
4974.695590,104,0,112,0,133,0,132,0
4974.697618,104,0,112,0,133,0,132,0
4974.699542,104,0,112,0,133,0,132,0
4974.701586,104,0,112,0,133,0,132,0
4974.703657,104,0,112,0,133,0,132,0
4974.705531,104,0,112,0,133,0,132,0
4974.707668,104,0,112,0,133,0,132,0
4974.709578,104,0,112,0,133,0,132,0
4974.711690,104,0,112,0,133,0,132,0
4974.713598,104,0,112,0,133,0,132,0
4974.715607,104,0,112,0,133,0,132,0
4974.717602,104,0,112,0,133,0,132,0
4974.719576,104,0,112,0,133,0,132,0
4974.721572,104,0,112,0,133,0,132,0
4974.723681,104,0,112,0,133,0,132,0
4974.725602,104,0,112,0,133,0,132,0
4974.727674,104,0,112,0,133,0,132,0
4974.729547,104,0,112,0,133,0,132,0
4974.731568,104,0,112,0,133,0,132,0
4974.733618,104,0,112,0,133,0,132,0
4974.735599,104,0,112,0,133,0,132,0
4974.737685,104,0,112,0,133,0,132,0
4974.739628,104,0,112,0,133,0,132,0
4974.741433,104,0,112,0,133,0,132,0
4974.743550,104,0,112,0,133,0,132,0
4974.745666,104,0,112,0,133,0,132,0
4974.747594,104,0,112,0,133,0,132,0
4974.749648,104,0,112,0,133,0,132,0
4974.751628,104,0,112,0,133,0,132,0
4974.753526,104,0,112,0,133,0,132,0
4974.755632,104,0,112,0,133,0,132,0
4974.757699,104,0,112,0,133,0,132,0
4974.759679,104,0,112,0,133,0,132,0
4974.761679,104,0,112,0,133,0,132,0
4974.763604,104,0,112,0,133,0,132,0
4974.765698,104,0,112,0,133,0,132,0
4974.767695,104,0,112,0,133,0,132,0
4974.769659,104,0,112,0,133,0,132,0
4974.771677,104,0,112,0,133,0,132,0
4974.773633,104,0,112,0,133,0,132,0
4974.775626,104,0,112,0,133,0,132,0
4974.777650,104,0,112,0,133,0,132,0
4974.779647,104,0,112,0,133,0,132,0
4974.781616,104,0,112,0,133,0,132,0
4974.783648,104,0,112,0,133,0,132,0
4974.785613,104,0,112,0,133,0,132,0
4974.787644,104,0,112,0,133,0,132,0
4974.789635,104,0,112,0,133,0,132,0
4974.791669,104,0,112,0,133,0,132,0
4974.793648,104,0,112,0,133,0,132,0
4974.795682,104,0,112,0,133,0,132,0
4974.797705,104,0,112,0,133,0,132,0
4974.799604,104,0,112,0,133,0,132,0
4974.801675,104,0,112,0,133,0,132,0
4974.803703,104,0,112,0,133,0,132,0
4974.805628,104,0,112,0,133,0,132,0
4974.807559,104,0,112,0,133,0,132,0
4974.809649,104,0,112,0,133,0,132,0
4974.811608,104,0,112,0,133,0,132,0
4974.813614,104,0,112,0,133,0,132,0
4974.815632,104,0,112,0,133,0,132,0
4974.817722,104,0,112,0,133,0,132,0
4974.819685,104,0,112,0,133,0,132,0
4974.821689,104,0,112,0,133,0,132,0
4974.823672,104,0,112,0,133,0,132,0
4974.825637,104,0,112,0,133,0,132,0
4974.827726,104,0,112,0,133,0,132,0
4974.829656,104,0,112,0,133,0,132,0
4974.831651,104,0,112,0,133,0,132,0
4974.833650,104,0,112,0,133,0,132,0
4974.835698,104,0,112,0,133,0,132,0
4974.837678,104,0,112,0,133,0,132,0
4974.839663,104,0,112,0,133,0,132,0
4974.841698,104,0,112,0,133,0,132,0
4974.843566,104,0,112,0,133,0,132,0
4974.845693,104,0,112,0,133,0,132,0
4974.847725,104,0,112,0,133,0,132,0
4974.849707,104,0,112,0,133,0,132,0
4974.851717,104,0,112,0,133,0,132,0
4974.853663,104,0,112,0,133,0,132,0
4974.855683,104,0,112,0,133,0,132,0
4974.857738,104,0,112,0,133,0,132,0
4974.859603,104,0,112,0,133,0,132,0
4974.861649,104,0,112,0,133,0,132,0
4974.863586,104,0,112,0,133,0,132,0
4974.865408,104,0,112,0,133,0,132,0
4974.867634,104,0,112,0,133,0,132,0
4974.869665,104,0,112,0,133,0,132,0
4974.871659,104,0,112,0,133,0,132,0
4974.873691,104,0,112,0,133,0,132,0
4974.875614,104,0,112,0,133,0,132,0
4974.877700,104,0,112,0,133,0,132,0
4974.879637,104,0,112,0,133,0,132,0
4974.881626,104,0,112,0,133,0,132,0
4974.883640,104,0,112,0,133,0,132,0
4974.885661,104,0,112,0,133,0,132,0
4974.887658,104,0,112,0,133,0,132,0
4974.889656,104,0,112,0,133,0,132,0
4974.891668,104,0,112,0,133,0,132,0
4974.893563,104,0,112,0,133,0,132,0
4974.895652,104,0,112,0,133,0,132,0
4974.897706,104,0,112,0,133,0,132,0
4974.899639,104,0,112,0,133,0,132,0
4974.901627,104,0,112,0,133,0,132,0
4974.903652,104,0,112,0,133,0,132,0
4974.905606,104,0,112,0,133,0,132,0
4974.907609,104,0,112,0,133,0,132,0
4974.909635,104,0,112,0,133,0,132,0
4974.911604,104,0,112,0,133,0,132,0
4974.913599,104,0,112,0,133,0,132,0
4974.915616,104,0,112,0,133,0,132,0
4974.917633,104,0,112,0,133,0,132,0
4974.919567,104,0,112,0,133,0,132,0
4974.921606,104,0,112,0,133,0,132,0
4974.923354,104,0,112,0,133,0,132,0
4974.925620,104,0,112,0,133,0,132,0
4974.927595,104,0,112,0,133,0,132,0
4974.929574,104,0,112,0,133,0,132,0
4974.931607,104,0,112,0,133,0,132,0
4974.933582,104,0,112,0,133,0,132,0
4974.935621,104,0,112,0,133,0,132,0
4974.937590,104,0,112,0,133,0,132,0
4974.939573,104,0,112,0,133,0,132,0
4974.941591,104,0,112,0,133,0,132,0
4974.943629,104,0,112,0,133,0,132,0
4974.945435,104,0,112,0,133,0,132,0
4974.947384,104,0,112,0,133,0,132,0
4974.949471,104,0,112,0,133,0,132,0
4974.951637,104,0,112,0,133,0,132,0
4974.953681,104,0,112,0,133,0,132,0
4974.955708,104,0,112,0,133,0,132,0
4974.957706,104,0,112,0,133,0,132,0
4974.959578,104,0,112,0,133,0,132,0
4974.961653,104,0,112,0,133,0,132,0
4974.963634,104,0,112,0,133,0,132,0
4974.965643,104,0,112,0,133,0,132,0
4974.967566,104,0,112,0,133,0,132,0
4974.969642,104,0,112,0,133,0,132,0
4974.971689,104,0,112,0,133,0,132,0
4974.973669,104,0,112,0,133,0,132,0
4974.975590,104,0,112,0,133,0,132,0
4974.977696,104,0,112,0,133,0,132,0
4974.979625,104,0,112,0,133,0,132,0
4974.981670,104,0,112,0,133,0,132,0
4974.983678,104,0,112,0,133,0,132,0
4974.985639,104,0,112,0,133,0,132,0
4974.987712,104,0,112,0,133,0,132,0
4974.989693,104,0,112,0,133,0,132,0
4974.991677,104,0,112,0,133,0,132,0
4974.993679,104,0,112,0,133,0,132,0
4974.995734,104,0,112,0,133,0,132,0
4974.997727,104,0,112,0,133,0,132,0
4974.999690,104,0,112,0,133,0,132,0
4975.001720,104,0,112,0,133,0,132,0
4975.003660,104,0,112,0,133,0,132,0
4975.005652,104,0,112,0,133,0,132,0
4975.007610,104,0,112,0,133,0,132,0
4975.009661,104,0,112,0,133,0,132,0
4975.011571,104,0,112,0,133,0,132,0
4975.013541,104,0,112,0,133,0,132,0
4975.015519,104,0,112,0,133,0,132,0
4975.017569,104,0,112,0,133,0,132,0
4975.019555,104,0,112,0,133,0,132,0
4975.021707,104,0,112,0,133,0,132,0
4975.023818,104,0,112,0,133,0,132,0
4975.025592,104,0,112,0,133,0,132,0
4975.027628,104,0,112,0,133,0,132,0
4975.029598,104,0,112,0,133,0,132,0
4975.031599,104,0,112,0,133,0,132,0
4975.033734,104,0,112,0,133,0,132,0
4975.035725,104,0,112,0,133,0,132,0
4975.037772,104,0,112,0,133,0,132,0
4975.039736,104,0,112,0,133,0,132,0
4975.041732,104,0,112,0,133,0,132,0
4975.043734,104,0,112,0,133,0,132,0
4975.045605,104,0,112,0,133,0,132,0
4975.047634,104,0,112,0,133,0,132,0
4975.049586,104,0,112,0,133,0,132,0
4975.051634,104,0,112,0,133,0,132,0
4975.053694,104,0,112,0,133,0,132,0
4975.055663,104,0,112,0,133,0,132,0
4975.057662,104,0,112,0,133,0,132,0
4975.059686,104,0,112,0,133,0,132,0
4975.061643,104,0,112,0,133,0,132,0
4975.063663,104,0,112,0,133,0,132,0
4975.065693,104,0,112,0,133,0,132,0
4975.067714,104,0,112,0,133,0,132,0
4975.069702,104,0,112,0,133,0,132,0
4975.071689,104,0,112,0,133,0,132,0
4975.073940,104,0,112,0,133,0,132,0
4975.075737,104,0,112,0,133,0,132,0
4975.077654,104,0,112,0,133,0,132,0
4975.079636,104,0,112,0,133,0,132,0
4975.081701,104,0,112,0,133,0,132,0
4975.083693,104,0,112,0,133,0,132,0
4975.085722,104,0,112,0,133,0,132,0
4975.087704,104,0,112,0,133,0,132,0
4975.089711,104,0,112,0,133,0,132,0
4975.091683,104,0,112,0,133,0,132,0
4975.093666,104,0,112,0,133,0,132,0
4975.095694,104,0,112,0,133,0,132,0
4975.097715,104,0,112,0,133,0,132,0
4975.099689,104,0,112,0,133,0,132,0
4975.101709,104,0,112,0,133,0,132,0
4975.103695,104,0,112,0,133,0,132,0
4975.105702,104,0,112,0,133,0,132,0
4975.107683,104,0,112,0,133,0,132,0
4975.109632,104,0,112,0,133,0,132,0
4975.111669,104,0,112,0,133,0,132,0
4975.113671,104,0,112,0,133,0,132,0
4975.115709,104,0,112,0,133,0,132,0
4975.117728,104,0,112,0,133,0,132,0
4975.119576,104,0,112,0,133,0,132,0
4975.121682,104,0,112,0,133,0,132,0
4975.123900,104,0,112,0,133,0,132,0
4975.125685,104,0,112,0,133,0,132,0
4975.127620,104,0,112,0,133,0,132,0
4975.129634,104,0,112,0,133,0,132,0
4975.131650,104,0,112,0,133,0,132,0
4975.133644,104,0,112,0,133,0,132,0
4975.135620,104,0,112,0,133,0,132,0
4975.137686,104,0,112,0,133,0,132,0
4975.139695,104,0,112,0,133,0,132,0
4975.141690,104,0,112,0,133,0,132,0
4975.143670,104,0,112,0,133,0,132,0
4975.145645,104,0,112,0,133,0,132,0
4975.147671,104,0,112,0,133,0,132,0
4975.149697,104,0,112,0,133,0,132,0
4975.151718,104,0,112,0,133,0,132,0
4975.153711,104,0,112,0,133,0,132,0
4975.155690,104,0,112,0,133,0,132,0
4975.157736,104,0,112,0,133,0,132,0
4975.159665,104,0,112,0,133,0,132,0
4975.161686,104,0,112,0,133,0,132,0
4975.163678,104,0,112,0,133,0,132,0
4975.165713,104,0,112,0,133,0,132,0
4975.167717,104,0,112,0,133,0,132,0
4975.169672,104,0,112,0,133,0,132,0
4975.171711,104,0,112,0,133,0,132,0
4975.173949,104,0,112,0,133,0,132,0
4975.175662,104,0,112,0,133,0,132,0
4975.177583,104,0,112,0,133,0,132,0
4975.179371,104,0,112,0,133,0,132,0
4975.181579,104,0,112,0,133,0,132,0
4975.183606,104,0,112,0,133,0,132,0
4975.185570,104,0,112,0,133,0,132,0
4975.187571,104,0,112,0,133,0,132,0
4975.189597,104,0,112,0,133,0,132,0
4975.191561,104,0,112,0,133,0,132,0
4975.193502,104,0,112,0,133,0,132,0
4975.195628,104,0,112,0,133,0,132,0
4975.197376,104,0,112,0,133,0,132,0
4975.199596,104,0,112,0,133,0,132,0
4975.201554,104,0,112,0,133,0,132,0
4975.203578,104,0,112,0,133,0,132,0
4975.205572,104,0,112,0,133,0,132,0
4975.207607,104,0,112,0,133,0,132,0
4975.209615,104,0,112,0,133,0,132,0
4975.211648,104,0,112,0,133,0,132,0
4975.213592,104,0,112,0,133,0,132,0
4975.215598,104,0,112,0,133,0,132,0
4975.217606,104,0,112,0,133,0,132,0
4975.219583,104,0,112,0,133,0,132,0
4975.221628,104,0,112,0,133,0,132,0
4975.223831,104,0,112,0,133,0,132,0
4975.225573,104,0,112,0,133,0,132,0
4975.227667,104,0,112,0,133,0,132,0
4975.229705,104,0,112,0,133,0,132,0
4975.231641,104,0,112,0,133,0,132,0
4975.233647,104,0,112,0,133,0,132,0
4975.235614,104,0,112,0,133,0,132,0
4975.237631,104,0,112,0,133,0,132,0
4975.239630,104,0,112,0,133,0,132,0
4975.241626,104,0,112,0,133,0,132,0
4975.243612,104,0,112,0,133,0,132,0
4975.245628,104,0,112,0,133,0,132,0
4975.247638,104,0,112,0,133,0,132,0
4975.249605,104,0,112,0,133,0,132,0
4975.251592,104,0,112,0,133,0,132,0
4975.253616,104,0,112,0,133,0,132,0
4975.255670,104,0,112,0,133,0,132,0
4975.257677,104,0,112,0,133,0,132,0
4975.259665,104,0,112,0,133,0,132,0
4975.261549,104,0,112,0,133,0,132,0
4975.263600,104,0,112,0,133,0,132,0
4975.265594,104,0,112,0,133,0,132,0
4975.267603,104,0,112,0,133,0,132,0
4975.269618,104,0,112,0,133,0,132,0
4975.271632,104,0,112,0,133,0,132,0
4975.273889,104,0,112,0,133,0,132,0
4975.275666,104,0,112,0,133,0,132,0
4975.277711,104,0,112,0,133,0,132,0
4975.279617,104,0,112,0,133,0,132,0
4975.281637,104,0,112,0,133,0,132,0
4975.283629,104,0,112,0,133,0,132,0
4975.285663,104,0,112,0,133,0,132,0
4975.287649,104,0,112,0,133,0,132,0
4975.289712,104,0,112,0,133,0,132,0
4975.291994,104,0,112,0,133,0,132,0
4975.293738,104,0,112,0,133,0,132,0
4975.295739,104,0,112,0,133,0,132,0
4975.297746,104,0,112,0,133,0,132,0
4975.299724,104,0,112,0,133,0,132,0
4975.301710,104,0,112,0,133,0,132,0
4975.303719,104,0,112,0,133,0,132,0
4975.305704,104,0,112,0,133,0,132,0
4975.307736,104,0,112,0,133,0,132,0
4975.309809,104,0,112,0,133,0,132,0
4975.311644,104,0,112,0,133,0,132,0
4975.313657,104,0,112,0,133,0,132,0
4975.315700,104,0,112,0,133,0,132,0
4975.317708,104,0,112,0,133,0,132,0
4975.319656,104,0,112,0,133,0,132,0
4975.321575,104,0,112,0,133,0,132,0
4975.323764,104,0,112,0,133,0,132,0
4975.325622,104,0,112,0,133,0,132,0
4975.327652,104,0,112,0,133,0,132,0
4975.329645,104,0,112,0,133,0,132,0
4975.331546,104,0,112,0,133,0,132,0
4975.333599,104,0,112,0,133,0,132,0
4975.335578,104,0,112,0,133,0,132,0
4975.337605,104,0,112,0,133,0,132,0
4975.339666,104,0,112,0,133,0,132,0
4975.341683,104,0,112,0,133,0,132,0
4975.343573,104,0,112,0,133,0,132,0
4975.345631,104,0,112,0,133,0,132,0
4975.347710,104,0,112,0,133,0,132,0
4975.349629,104,0,112,0,133,0,132,0
4975.351546,104,0,112,0,133,0,132,0
4975.353618,104,0,112,0,133,0,132,0
4975.355653,104,0,112,0,133,0,132,0
4975.357544,104,0,112,0,133,0,132,0
4975.359681,104,0,112,0,133,0,132,0
4975.361719,104,0,112,0,133,0,132,0
4975.363632,104,0,112,0,133,0,132,0
4975.365640,104,0,112,0,133,0,132,0
4975.367705,104,0,112,0,133,0,132,0
4975.369573,104,0,112,0,133,0,132,0
4975.371606,104,0,112,0,133,0,132,0
4975.373718,104,0,112,0,133,0,132,0
4975.375687,104,0,112,0,133,0,132,0
4975.377658,104,0,112,0,133,0,132,0
4975.379695,104,0,112,0,133,0,132,0
4975.381648,104,0,112,0,133,0,132,0
4975.383664,104,0,112,0,133,0,132,0
4975.385622,104,0,112,0,133,0,132,0
4975.387697,104,0,112,0,133,0,132,0
4975.389632,104,0,112,0,133,0,132,0
4975.391622,104,0,112,0,133,0,132,0
4975.393586,104,0,112,0,133,0,132,0
4975.395640,104,0,112,0,133,0,132,0
4975.397712,104,0,112,0,133,0,132,0
4975.399626,104,0,112,0,133,0,132,0
4975.401713,104,0,112,0,133,0,132,0
4975.403660,104,0,112,0,133,0,132,0
4975.405623,104,0,112,0,133,0,132,0
4975.407686,104,0,112,0,133,0,132,0
4975.409613,104,0,112,0,133,0,132,0
4975.411580,104,0,112,0,133,0,132,0
4975.413589,104,0,112,0,133,0,132,0
4975.415600,104,0,112,0,133,0,132,0
4975.417570,104,0,112,0,133,0,132,0
4975.419580,104,0,112,0,133,0,132,0
4975.421572,104,0,112,0,133,0,132,0
4975.423655,104,0,112,0,133,0,132,0
4975.425596,104,0,112,0,133,0,132,0
4975.427614,104,0,112,0,133,0,132,0
4975.429622,104,0,112,0,133,0,132,0
4975.431595,104,0,112,0,133,0,132,0
4975.433585,104,0,112,0,133,0,132,0
4975.435583,104,0,112,0,133,0,132,0
4975.437695,104,0,112,0,133,0,132,0
4975.439647,104,0,112,0,133,0,132,0
4975.441620,104,0,112,0,133,0,132,0
4975.443507,104,0,112,0,133,0,132,0
4975.445666,104,0,112,0,133,0,132,0
4975.447647,104,0,112,0,133,0,132,0
4975.449640,104,0,112,0,133,0,132,0
4975.451597,104,0,112,0,133,0,132,0
4975.453617,104,0,112,0,133,0,132,0
4975.455609,104,0,112,0,133,0,132,0
4975.457610,104,0,112,0,133,0,132,0
4975.459577,104,0,112,0,133,0,132,0
4975.461644,104,0,112,0,133,0,132,0
4975.463665,104,0,112,0,133,0,132,0
4975.465667,104,0,112,0,133,0,132,0
4975.467611,104,0,112,0,133,0,132,0
4975.469658,104,0,112,0,133,0,132,0
4975.471654,104,0,112,0,133,0,132,0
4975.473840,104,0,112,0,133,0,132,0
4975.475652,104,0,112,0,133,0,132,0
4975.477871,104,0,112,0,133,0,132,0
4975.479609,104,0,112,0,133,0,132,0
4975.481605,104,0,112,0,133,0,132,0
4975.483600,104,0,112,0,133,0,132,0
4975.485637,104,0,112,0,133,0,132,0
4975.487615,104,0,112,0,133,0,132,0
4975.489672,104,0,112,0,133,0,132,0
4975.491676,104,0,112,0,133,0,132,0
4975.493614,104,0,112,0,133,0,132,0
4975.495661,104,0,112,0,133,0,132,0
4975.497697,104,0,112,0,133,0,132,0
4975.499589,104,0,112,0,133,0,132,0
4975.501581,104,0,112,0,133,0,132,0
4975.503618,104,0,112,0,133,0,132,0
4975.505613,104,0,112,0,133,0,132,0
4975.507638,104,0,112,0,133,0,132,0
4975.509603,104,0,112,0,133,0,132,0
4975.511613,104,0,112,0,133,0,132,0
4975.513649,104,0,112,0,133,0,132,0
4975.515638,104,0,112,0,133,0,132,0
4975.517671,104,0,112,0,133,0,132,0
4975.519638,104,0,112,0,133,0,132,0
4975.521607,104,0,112,0,133,0,132,0
4975.523716,104,0,112,0,133,0,132,0
4975.525655,104,0,112,0,133,0,132,0
4975.527633,104,0,112,0,133,0,132,0
4975.529631,104,0,112,0,133,0,132,0
4975.531609,104,0,112,0,133,0,132,0
4975.533634,104,0,112,0,133,0,132,0
4975.535639,104,0,112,0,133,0,132,0
4975.537700,104,0,112,0,133,0,132,0
4975.539633,104,0,112,0,133,0,132,0
4975.541633,104,0,112,0,133,0,132,0
4975.543595,104,0,112,0,133,0,132,0
4975.545663,104,0,112,0,133,0,132,0
4975.547674,104,0,112,0,133,0,132,0
4975.549609,104,0,112,0,133,0,132,0
4975.551609,104,0,112,0,133,0,132,0
4975.553655,104,0,112,0,133,0,132,0
4975.555651,104,0,112,0,133,0,132,0
4975.557704,104,0,112,0,133,0,132,0
4975.559665,104,0,112,0,133,0,132,0
4975.561641,104,0,112,0,133,0,132,0
4975.563641,104,0,112,0,133,0,132,0
4975.565632,104,0,112,0,133,0,132,0
4975.567686,104,0,112,0,133,0,132,0
4975.569688,104,0,112,0,133,0,132,0
4975.571670,104,0,112,0,133,0,132,0
4975.573770,104,0,112,0,133,0,132,0
4975.575626,104,0,112,0,133,0,132,0
4975.577567,104,0,112,0,133,0,132,0
4975.579668,104,0,112,0,133,0,132,0
4975.581616,104,0,112,0,133,0,132,0
4975.583619,104,0,112,0,133,0,132,0
4975.585651,104,0,112,0,133,0,132,0
4975.587675,104,0,112,0,133,0,132,0
4975.589639,104,0,112,0,133,0,132,0
4975.591641,104,0,112,0,133,0,132,0
4975.593582,104,0,112,0,133,0,132,0
4975.595593,104,0,112,0,133,0,132,0
4975.597581,104,0,112,0,133,0,132,0
4975.599616,104,0,112,0,133,0,132,0
4975.601602,104,0,112,0,133,0,132,0
4975.603476,104,0,112,0,133,0,132,0
4975.605611,104,0,112,0,133,0,132,0
4975.607621,104,0,112,0,133,0,132,0
4975.609592,104,0,112,0,133,0,132,0
4975.611647,104,0,112,0,133,0,132,0
4975.613565,104,0,112,0,133,0,132,0
4975.615730,104,0,112,0,133,0,132,0
4975.617856,104,0,112,0,133,0,132,0
4975.619610,104,0,112,0,133,0,132,0
4975.621571,104,0,112,0,133,0,132,0
4975.623577,104,0,112,0,133,0,132,0
4975.625524,104,0,112,0,133,0,132,0
4975.627595,104,0,112,0,133,0,132,0
4975.629577,104,0,112,0,133,0,132,0
4975.631609,104,0,112,0,133,0,132,0
4975.633622,104,0,112,0,133,0,132,0
4975.635707,104,0,112,0,133,0,132,0
4975.637809,104,0,112,0,133,0,132,0
4975.639699,104,0,112,0,133,0,132,0
4975.641737,104,0,112,0,133,0,132,0
4975.643729,104,0,112,0,133,0,132,0
4975.645580,104,0,112,0,133,0,132,0
4975.647623,104,0,112,0,133,0,132,0
4975.649528,104,0,112,0,133,0,132,0
4975.651619,104,0,112,0,133,0,132,0
4975.653599,104,0,112,0,133,0,132,0
4975.655688,104,0,112,0,133,0,132,0
4975.657767,104,0,112,0,133,0,132,0
4975.659724,104,0,112,0,133,0,132,0
4975.661730,104,0,112,0,133,0,132,0
4975.663690,104,0,112,0,133,0,132,0
4975.665618,104,0,112,0,133,0,132,0
4975.667624,104,0,112,0,133,0,132,0
4975.669639,104,0,112,0,133,0,132,0
4975.671615,104,0,112,0,133,0,132,0
4975.673693,104,0,112,0,133,0,132,0
4975.675545,104,0,112,0,133,0,132,0
4975.677740,104,0,112,0,133,0,132,0
4975.679669,104,0,112,0,133,0,132,0
4975.681578,104,0,112,0,133,0,132,0
4975.683554,104,0,112,0,133,0,132,0
4975.685610,104,0,112,0,133,0,132,0
4975.687658,104,0,112,0,133,0,132,0
4975.689635,104,0,112,0,133,0,132,0
4975.691652,104,0,112,0,133,0,132,0
4975.693701,104,0,112,0,133,0,132,0
4975.695680,104,0,112,0,133,0,132,0
4975.697704,104,0,112,0,133,0,132,0
4975.699715,104,0,112,0,133,0,132,0
4975.701531,104,0,112,0,133,0,132,0
4975.703541,104,0,112,0,133,0,132,0
4975.705564,104,0,112,0,133,0,132,0
4975.707544,104,0,112,0,133,0,132,0
4975.709525,104,0,112,0,133,0,132,0
4975.711637,104,0,112,0,133,0,132,0
4975.713620,104,0,112,0,133,0,132,0
4975.715551,104,0,112,0,133,0,132,0
4975.717666,104,0,112,0,133,0,132,0
4975.719678,104,0,112,0,133,0,132,0
4975.721664,104,0,112,0,133,0,132,0
4975.723785,104,0,112,0,133,0,132,0
4975.725703,104,0,112,0,133,0,132,0
4975.727695,104,0,112,0,133,0,132,0
4975.729680,104,0,112,0,133,0,132,0
4975.731632,104,0,112,0,133,0,132,0
4975.733677,104,0,112,0,133,0,132,0
4975.735676,104,0,112,0,133,0,132,0
4975.737663,104,0,112,0,133,0,132,0
4975.739689,104,0,112,0,133,0,132,0
4975.741665,104,0,112,0,133,0,132,0
4975.743678,104,0,112,0,133,0,132,0
4975.745666,104,0,112,0,133,0,132,0
4975.747692,104,0,112,0,133,0,132,0
4975.749662,104,0,112,0,133,0,132,0
4975.751659,104,0,112,0,133,0,132,0
4975.753630,104,0,112,0,133,0,132,0
4975.755597,104,0,112,0,133,0,132,0
4975.757655,104,0,112,0,133,0,132,0
4975.759590,104,0,112,0,133,0,132,0
4975.761470,104,0,112,0,133,0,132,0
4975.763600,104,0,112,0,133,0,132,0
4975.765613,104,0,112,0,133,0,132,0
4975.767647,104,0,112,0,133,0,132,0
4975.769592,104,0,112,0,133,0,132,0
4975.771570,104,0,112,0,133,0,132,0
4975.773771,104,0,112,0,133,0,132,0
4975.775644,104,0,112,0,133,0,132,0
4975.777736,104,0,112,0,133,0,132,0
4975.779662,104,0,112,0,133,0,132,0
4975.781679,104,0,112,0,133,0,132,0
4975.783692,104,0,112,0,133,0,132,0
4975.785693,104,0,112,0,133,0,132,0
4975.787694,104,0,112,0,133,0,132,0
4975.789670,104,0,112,0,133,0,132,0
4975.791698,104,0,112,0,133,0,132,0
4975.793684,104,0,112,0,133,0,132,0
4975.795683,104,0,112,0,133,0,132,0
4975.797721,104,0,112,0,133,0,132,0
4975.799714,104,0,112,0,133,0,132,0
4975.801627,104,0,112,0,133,0,132,0
4975.803559,104,0,112,0,133,0,132,0
4975.805589,104,0,112,0,133,0,132,0
4975.807625,104,0,112,0,133,0,132,0
4975.809587,104,0,112,0,133,0,132,0
4975.811602,104,0,112,0,133,0,132,0
4975.813628,104,0,112,0,133,0,132,0
4975.815625,104,0,112,0,133,0,132,0
4975.817667,104,0,112,0,133,0,132,0
4975.819670,104,0,112,0,133,0,132,0
4975.821653,104,0,112,0,133,0,132,0
4975.823914,104,0,112,0,133,0,132,0
4975.825708,104,0,112,0,133,0,132,0
4975.827737,104,0,112,0,133,0,132,0
4975.829685,104,0,112,0,133,0,132,0
4975.831668,104,0,112,0,133,0,132,0
4975.833702,104,0,112,0,133,0,132,0
4975.835642,104,0,112,0,133,0,132,0
4975.837637,104,0,112,0,133,0,132,0
4975.839601,104,0,112,0,133,0,132,0
4975.841600,104,0,112,0,133,0,132,0
4975.843594,104,0,112,0,133,0,132,0
4975.845612,104,0,112,0,133,0,132,0
4975.847780,104,0,112,0,133,0,132,0
4975.849583,104,0,112,0,133,0,132,0
4975.851654,104,0,112,0,133,0,132,0
4975.853652,104,0,112,0,133,0,132,0
4975.855630,104,0,112,0,133,0,132,0
4975.857698,104,0,112,0,133,0,132,0
4975.859623,104,0,112,0,133,0,132,0
4975.861635,104,0,112,0,133,0,132,0
4975.863663,104,0,112,0,133,0,132,0
4975.865641,104,0,112,0,133,0,132,0
4975.867628,104,0,112,0,133,0,132,0
4975.869611,104,0,112,0,133,0,132,0
4975.871656,104,0,112,0,133,0,132,0
4975.873682,104,0,112,0,133,0,132,0
4975.875710,104,0,112,0,133,0,132,0
4975.877736,104,0,112,0,133,0,132,0
4975.879696,104,0,112,0,133,0,132,0
4975.881689,104,0,112,0,133,0,132,0
4975.883685,104,0,112,0,133,0,132,0
4975.885661,104,0,112,0,133,0,132,0
4975.887704,104,0,112,0,133,0,132,0
4975.889641,104,0,112,0,133,0,132,0
4975.891627,104,0,112,0,133,0,132,0
4975.893634,104,0,112,0,133,0,132,0
4975.895700,104,0,112,0,133,0,132,0
4975.897681,104,0,112,0,133,0,132,0
4975.899711,104,0,112,0,133,0,132,0
4975.901795,104,0,112,0,133,0,132,0
4975.903703,104,0,112,0,133,0,132,0
4975.905723,104,0,112,0,133,0,132,0
4975.907701,104,0,112,0,133,0,132,0
4975.909522,104,0,112,0,133,0,132,0
4975.911623,104,0,112,0,133,0,132,0
4975.913690,104,0,112,0,133,0,132,0
4975.915668,104,0,112,0,133,0,132,0
4975.917696,104,0,112,0,133,0,132,0
4975.919609,104,0,112,0,133,0,132,0
4975.921676,104,0,112,0,133,0,132,0
4975.923784,104,0,112,0,133,0,132,0
4975.925672,104,0,112,0,133,0,132,0
4975.927698,104,0,112,0,133,0,132,0
4975.929644,104,0,112,0,133,0,132,0
4975.931688,104,0,112,0,133,0,132,0
4975.933684,104,0,112,0,133,0,132,0
4975.935625,104,0,112,0,133,0,132,0
4975.937663,104,0,112,0,133,0,132,0
4975.939696,104,0,112,0,133,0,132,0
4975.941646,104,0,112,0,133,0,132,0
4975.943649,104,0,112,0,133,0,132,0
4975.945674,104,0,112,0,133,0,132,0
4975.947688,104,0,112,0,133,0,132,0
4975.949664,104,0,112,0,133,0,132,0
4975.951695,104,0,112,0,133,0,132,0
4975.953693,104,0,112,0,133,0,132,0
4975.955596,104,0,112,0,133,0,132,0
4975.957635,104,0,112,0,133,0,132,0
4975.959609,104,0,112,0,133,0,132,0
4975.961632,104,0,112,0,133,0,132,0
4975.963620,104,0,112,0,133,0,132,0
4975.965729,104,0,112,0,133,0,132,0
4975.967654,104,0,112,0,133,0,132,0
4975.969625,104,0,112,0,133,0,132,0
4975.971646,104,0,112,0,133,0,132,0
4975.973665,104,0,112,0,133,0,132,0
4975.975514,104,0,112,0,133,0,132,0
4975.977886,104,0,112,0,133,0,132,0
4975.979679,104,0,112,0,133,0,132,0
4975.981674,104,0,112,0,133,0,132,0
4975.983675,104,0,112,0,133,0,132,0
4975.985721,104,0,112,0,133,0,132,0
4975.987694,104,0,112,0,133,0,132,0
4975.989596,104,0,112,0,133,0,132,0
4975.991864,104,0,112,0,133,0,132,0
4975.993946,104,0,112,0,133,0,132,0
4975.995903,104,0,112,0,133,0,132,0
4975.997666,104,0,112,0,133,0,132,0
4975.999851,104,0,112,0,133,0,132,0
4976.001719,104,0,112,0,133,0,132,0
4976.003693,104,0,112,0,133,0,132,0
4976.005689,104,0,112,0,133,0,132,0
4976.007608,104,0,112,0,133,0,132,0
4976.009597,104,0,112,0,133,0,132,0
4976.011644,104,0,112,0,133,0,132,0
4976.013830,104,0,112,0,133,0,132,0
4976.015803,104,0,112,0,133,0,132,0
4976.017924,104,0,112,0,133,0,132,0
4976.019722,104,0,112,0,133,0,132,0
4976.021785,104,0,112,0,133,0,132,0
4976.024092,104,0,112,0,133,0,132,0
4976.025920,104,0,112,0,133,0,132,0
4976.027834,104,0,112,0,133,0,132,0
4976.029812,104,0,112,0,133,0,132,0
4976.031751,104,0,112,0,133,0,132,0
4976.033822,104,0,112,0,133,0,132,0
4976.035826,104,0,112,0,133,0,132,0
4976.037890,104,0,112,0,133,0,132,0
4976.039901,104,0,112,0,133,0,132,0
4976.041916,104,0,112,0,133,0,132,0
4976.043911,104,0,112,0,133,0,132,0
4976.045635,104,0,112,0,133,0,132,0
4976.047807,104,0,112,0,133,0,132,0
4976.049608,104,0,112,0,133,0,132,0
4976.051799,104,0,112,0,133,0,132,0
4976.053520,104,0,112,0,133,0,132,0
4976.055704,104,0,112,0,133,0,132,0
4976.057965,104,0,112,0,133,0,132,0
4976.059926,104,0,112,0,133,0,132,0
4976.061977,104,0,112,0,133,0,132,0
4976.063924,104,0,112,0,133,0,132,0
4976.065927,104,0,112,0,133,0,132,0
4976.067867,104,0,112,0,133,0,132,0
4976.069824,104,0,112,0,133,0,132,0
4976.071738,104,0,112,0,133,0,132,0
4976.073963,104,0,112,0,133,0,132,0
4976.075825,104,0,112,0,133,0,132,0
4976.077863,104,0,112,0,133,0,132,0
4976.079817,104,0,112,0,133,0,132,0
4976.081832,104,0,112,0,133,0,132,0
4976.083828,104,0,112,0,133,0,132,0
4976.085808,104,0,112,0,133,0,132,0
4976.087837,104,0,112,0,133,0,132,0
4976.089819,104,0,112,0,133,0,132,0
4976.091624,104,0,112,0,133,0,132,0
4976.093694,104,0,112,0,133,0,132,0
4976.095861,104,0,112,0,133,0,132,0
4976.097837,104,0,112,0,133,0,132,0
4976.099673,104,0,112,0,133,0,132,0
4976.101656,104,0,112,0,133,0,132,0
4976.103898,104,0,112,0,133,0,132,0
4976.105847,104,0,112,0,133,0,132,0
4976.107892,104,0,112,0,133,0,132,0
4976.109558,104,0,112,0,133,0,132,0
4976.111621,104,0,112,0,133,0,132,0
4976.113730,104,0,112,0,133,0,132,0
4976.115683,104,0,112,0,133,0,132,0
4976.117895,104,0,112,0,133,0,132,0
4976.119581,104,0,112,0,133,0,132,0
4976.121902,104,0,112,0,133,0,132,0
4976.124065,104,0,112,0,133,0,132,0
4976.125665,104,0,112,0,133,0,132,0
4976.127935,104,0,112,0,133,0,132,0
4976.129672,104,0,112,0,133,0,132,0
4976.131882,104,0,112,0,133,0,132,0
4976.133673,104,0,112,0,133,0,132,0
4976.135877,104,0,112,0,133,0,132,0
4976.137657,104,0,112,0,133,0,132,0
4976.139664,104,0,112,0,133,0,132,0
4976.141900,104,0,112,0,133,0,132,0
4976.143774,104,0,112,0,133,0,132,0
4976.145886,104,0,112,0,133,0,132,0
4976.147888,104,0,112,0,133,0,132,0
4976.149882,104,0,112,0,133,0,132,0
4976.151894,104,0,112,0,133,0,132,0
4976.153538,104,0,112,0,133,0,132,0
4976.155914,104,0,112,0,133,0,132,0
4976.157910,104,0,112,0,133,0,132,0
4976.159872,104,0,112,0,133,0,132,0
4976.161861,104,0,112,0,133,0,132,0
4976.163908,104,0,112,0,133,0,132,0
4976.165868,104,0,112,0,133,0,132,0
4976.167926,104,0,112,0,133,0,132,0
4976.169916,104,0,112,0,133,0,132,0
4976.171890,104,0,112,0,133,0,132,0
4976.173772,104,0,112,0,133,0,132,0
4976.175892,104,0,112,0,133,0,132,0
4976.177725,104,0,112,0,133,0,132,0
4976.179883,104,0,112,0,133,0,132,0
4976.181865,104,0,112,0,133,0,132,0
4976.183908,104,0,112,0,133,0,132,0
4976.185860,104,0,112,0,133,0,132,0
4976.187515,104,0,112,0,133,0,132,0
4976.189473,104,0,112,0,133,0,132,0
4976.191527,104,0,112,0,133,0,132,0
4976.193586,104,0,112,0,133,0,132,0
4976.195886,104,0,112,0,133,0,132,0
4976.197916,104,0,112,0,133,0,132,0
4976.199900,104,0,112,0,133,0,132,0
4976.201832,104,0,112,0,133,0,132,0
4976.203819,104,0,112,0,133,0,132,0
4976.205623,104,0,112,0,133,0,132,0
4976.207814,104,0,112,0,133,0,132,0
4976.209820,104,0,112,0,133,0,132,0
4976.211528,104,0,112,0,133,0,132,0
4976.213668,104,0,112,0,133,0,132,0
4976.215930,104,0,112,0,133,0,132,0
4976.217907,104,0,112,0,133,0,132,0
4976.219901,104,0,112,0,133,0,132,0
4976.221862,104,0,112,0,133,0,132,0
4976.224115,104,0,112,0,133,0,132,0
4976.225873,104,0,112,0,133,0,132,0
4976.227893,104,0,112,0,133,0,132,0
4976.229869,104,0,112,0,133,0,132,0
4976.231842,104,0,112,0,133,0,132,0
4976.233859,104,0,112,0,133,0,132,0
4976.235916,104,0,112,0,133,0,132,0
4976.237737,104,0,112,0,133,0,132,0
4976.239743,104,0,112,0,133,0,132,0
4976.241684,104,0,112,0,133,0,132,0
4976.243708,104,0,112,0,133,0,132,0
4976.245717,104,0,112,0,133,0,132,0
4976.248006,104,0,112,0,133,0,132,0
4976.249877,104,0,112,0,133,0,132,0
4976.251903,104,0,112,0,133,0,132,0
4976.253914,104,0,112,0,133,0,132,0
4976.255882,104,0,112,0,133,0,132,0
4976.257783,104,0,112,0,133,0,132,0
4976.259851,104,0,112,0,133,0,132,0
4976.261866,104,0,112,0,133,0,132,0
4976.263887,104,0,112,0,133,0,132,0
4976.265842,104,0,112,0,133,0,132,0
4976.267848,104,0,112,0,133,0,132,0
4976.269834,104,0,112,0,133,0,132,0
4976.271813,104,0,112,0,133,0,132,0
4976.273868,104,0,112,0,133,0,132,0
4976.275848,104,0,112,0,133,0,132,0
4976.277866,104,0,112,0,133,0,132,0
4976.279922,104,0,112,0,133,0,132,0
4976.281901,104,0,112,0,133,0,132,0
4976.283880,104,0,112,0,133,0,132,0
4976.285873,104,0,112,0,133,0,132,0
4976.287947,104,0,112,0,133,0,132,0
4976.289894,104,0,112,0,133,0,132,0
4976.291901,104,0,112,0,133,0,132,0
4976.293873,104,0,112,0,133,0,132,0
4976.295867,104,0,112,0,133,0,132,0
4976.297619,104,0,112,0,133,0,132,0
4976.299887,104,0,112,0,133,0,132,0
4976.301841,104,0,112,0,133,0,132,0
4976.303838,104,0,112,0,133,0,132,0
4976.305844,104,0,112,0,133,0,132,0
4976.307850,104,0,112,0,133,0,132,0
4976.309816,104,0,112,0,133,0,132,0
4976.311837,104,0,112,0,133,0,132,0
4976.313906,104,0,112,0,133,0,132,0
4976.315893,104,0,112,0,133,0,132,0
4976.317920,104,0,112,0,133,0,132,0
4976.319917,104,0,112,0,133,0,132,0
4976.321907,104,0,112,0,133,0,132,0
4976.323984,104,0,112,0,133,0,132,0
4976.325877,104,0,112,0,133,0,132,0
4976.327643,104,0,112,0,133,0,132,0
4976.329825,104,0,112,0,133,0,132,0
4976.331548,104,0,112,0,133,0,132,0
4976.333915,104,0,112,0,133,0,132,0
4976.335860,104,0,112,0,133,0,132,0
4976.337764,104,0,112,0,133,0,132,0
4976.339743,104,0,112,0,133,0,132,0
4976.341841,104,0,112,0,133,0,132,0
4976.343675,104,0,112,0,133,0,132,0
4976.345882,104,0,112,0,133,0,132,0
4976.347882,104,0,112,0,133,0,132,0
4976.349878,104,0,112,0,133,0,132,0
4976.351612,104,0,112,0,133,0,132,0
4976.353826,104,0,112,0,133,0,132,0
4976.355829,104,0,112,0,133,0,132,0
4976.357955,104,0,112,0,133,0,132,0
4976.359732,104,0,112,0,133,0,132,0
4976.361893,104,0,112,0,133,0,132,0
4976.363970,104,0,112,0,133,0,132,0
4976.365737,104,0,112,0,133,0,132,0
4976.367653,104,0,112,0,133,0,132,0
4976.369713,104,0,112,0,133,0,132,0
4976.371860,104,0,112,0,133,0,132,0
4976.373823,104,0,112,0,133,0,132,0
4976.375663,104,0,112,0,133,0,132,0
4976.377880,104,0,112,0,133,0,132,0
4976.379537,104,0,112,0,133,0,132,0
4976.381934,104,0,112,0,133,0,132,0
4976.383905,104,0,112,0,133,0,132,0
4976.385908,104,0,112,0,133,0,132,0
4976.387908,104,0,112,0,133,0,132,0
4976.389471,104,0,112,0,133,0,132,0
4976.391667,104,0,112,0,133,0,132,0
4976.393956,104,0,112,0,133,0,132,0
4976.395755,104,0,112,0,133,0,132,0
4976.397716,104,0,112,0,133,0,132,0
4976.399899,104,0,112,0,133,0,132,0
4976.401935,104,0,112,0,133,0,132,0
4976.403922,104,0,112,0,133,0,132,0
4976.405747,104,0,112,0,133,0,132,0
4976.407428,104,0,112,0,133,0,132,0
4976.409675,104,0,112,0,133,0,132,0
4976.411634,104,0,112,0,133,0,132,0
4976.413634,104,0,112,0,133,0,132,0
4976.415659,104,0,112,0,133,0,132,0
4976.417624,104,0,112,0,133,0,132,0
4976.419664,104,0,112,0,133,0,132,0
4976.421682,104,0,112,0,133,0,132,0
4976.423784,104,0,112,0,133,0,132,0
4976.425700,104,0,112,0,133,0,132,0
4976.427632,104,0,112,0,133,0,132,0
4976.429650,104,0,112,0,133,0,132,0
4976.431698,104,0,112,0,133,0,132,0
4976.433666,104,0,112,0,133,0,132,0
4976.435755,104,0,112,0,133,0,132,0
4976.437704,104,0,112,0,133,0,132,0
4976.439634,104,0,112,0,133,0,132,0
4976.441678,104,0,112,0,133,0,132,0
4976.443671,104,0,112,0,133,0,132,0
4976.445673,104,0,112,0,133,0,132,0
4976.447741,104,0,112,0,133,0,132,0
4976.449710,104,0,112,0,133,0,132,0
4976.451727,104,0,112,0,133,0,132,0
4976.453743,104,0,112,0,133,0,132,0
4976.455708,104,0,112,0,133,0,132,0
4976.457763,104,0,112,0,133,0,132,0
4976.459699,104,0,112,0,133,0,132,0
4976.461726,104,0,112,0,133,0,132,0
4976.463626,104,0,112,0,133,0,132,0
4976.465698,104,0,112,0,133,0,132,0
4976.467715,104,0,112,0,133,0,132,0
4976.469713,104,0,112,0,133,0,132,0
4976.471678,104,0,112,0,133,0,132,0
4976.473866,104,0,112,0,133,0,132,0
4976.475740,104,0,112,0,133,0,132,0
4976.477698,104,0,112,0,133,0,132,0
4976.479643,104,0,112,0,133,0,132,0
4976.481729,104,0,112,0,133,0,132,0
4976.483716,104,0,112,0,133,0,132,0
4976.485755,104,0,112,0,133,0,132,0
4976.487743,104,0,112,0,133,0,132,0
4976.489772,104,0,112,0,133,0,132,0
4976.491740,104,0,112,0,133,0,132,0
4976.493734,104,0,112,0,133,0,132,0
4976.495715,104,0,112,0,133,0,132,0
4976.497738,104,0,112,0,133,0,132,0
4976.499706,104,0,112,0,133,0,132,0
4976.501706,104,0,112,0,133,0,132,0
4976.503703,104,0,112,0,133,0,132,0
4976.505693,104,0,112,0,133,0,132,0
4976.507672,104,0,112,0,133,0,132,0
4976.509719,104,0,112,0,133,0,132,0
4976.511768,104,0,112,0,133,0,132,0
4976.513759,104,0,112,0,133,0,132,0
4976.515752,104,0,112,0,133,0,132,0
4976.517913,104,0,112,0,133,0,132,0
4976.519884,104,0,112,0,133,0,132,0
4976.521906,104,0,112,0,133,0,132,0
4976.524068,104,0,112,0,133,0,132,0
4976.525876,104,0,112,0,133,0,132,0
4976.527933,104,0,112,0,133,0,132,0
4976.529903,104,0,112,0,133,0,132,0
4976.531890,104,0,112,0,133,0,132,0
4976.533898,104,0,112,0,133,0,132,0
4976.535909,104,0,112,0,133,0,132,0
4976.537610,104,0,112,0,133,0,132,0
4976.539873,104,0,112,0,133,0,132,0
4976.541878,104,0,112,0,133,0,132,0
4976.543856,104,0,112,0,133,0,132,0
4976.545845,104,0,112,0,133,0,132,0
4976.547689,104,0,112,0,133,0,132,0
4976.549860,104,0,112,0,133,0,132,0
4976.551817,104,0,112,0,133,0,132,0
4976.553879,104,0,112,0,133,0,132,0
4976.555860,104,0,112,0,133,0,132,0
4976.557877,104,0,112,0,133,0,132,0
4976.559835,104,0,112,0,133,0,132,0
4976.561910,104,0,112,0,133,0,132,0
4976.563731,104,0,112,0,133,0,132,0
4976.565746,104,0,112,0,133,0,132,0
4976.567945,104,0,112,0,133,0,132,0
4976.569891,104,0,112,0,133,0,132,0
4976.571908,104,0,112,0,133,0,132,0
4976.574092,104,0,112,0,133,0,132,0
4976.575908,104,0,112,0,133,0,132,0
4976.577720,104,0,112,0,133,0,132,0
4976.579987,104,0,112,0,133,0,132,0
4976.581938,104,0,112,0,133,0,132,0
4976.583898,104,0,112,0,133,0,132,0
4976.585599,104,0,112,0,133,0,132,0
4976.587894,104,0,112,0,133,0,132,0
4976.589885,104,0,112,0,133,0,132,0
4976.591916,104,0,112,0,133,0,132,0
4976.593986,104,0,112,0,133,0,132,0
4976.595951,104,0,112,0,133,0,132,0
4976.598026,104,0,112,0,133,0,132,0
4976.599919,104,0,112,0,133,0,132,0
4976.601953,104,0,112,0,133,0,132,0
4976.603910,104,0,112,0,133,0,132,0
4976.605945,104,0,112,0,133,0,132,0
4976.607910,104,0,112,0,133,0,132,0
4976.609877,104,0,112,0,133,0,132,0
4976.611938,104,0,112,0,133,0,132,0
4976.613669,104,0,112,0,133,0,132,0
4976.615645,104,0,112,0,133,0,132,0
4976.617665,104,0,112,0,133,0,132,0
4976.619694,104,0,112,0,133,0,132,0
4976.621873,104,0,112,0,133,0,132,0
4976.623868,104,0,112,0,133,0,132,0
4976.625926,104,0,112,0,133,0,132,0
4976.627736,104,0,112,0,133,0,132,0
4976.629947,104,0,112,0,133,0,132,0
4976.631930,104,0,112,0,133,0,132,0
4976.633762,104,0,112,0,133,0,132,0
4976.635893,104,0,112,0,133,0,132,0
4976.637754,104,0,112,0,133,0,132,0
4976.639919,104,0,112,0,133,0,132,0
4976.641676,104,0,112,0,133,0,132,0
4976.643585,104,0,112,0,133,0,132,0
4976.645695,104,0,112,0,133,0,132,0
4976.647723,104,0,112,0,133,0,132,0
4976.649831,104,0,112,0,133,0,132,0
4976.651911,104,0,112,0,133,0,132,0
4976.653955,104,0,112,0,133,0,132,0
4976.655970,104,0,112,0,133,0,132,0
4976.657980,104,0,112,0,133,0,132,0
4976.659960,104,0,112,0,133,0,132,0
4976.661959,104,0,112,0,133,0,132,0
4976.663935,104,0,112,0,133,0,132,0
4976.665874,104,0,112,0,133,0,132,0
4976.667876,104,0,112,0,133,0,132,0
4976.669866,104,0,112,0,133,0,132,0
4976.671859,104,0,112,0,133,0,132,0
4976.673706,104,0,112,0,133,0,132,0
4976.675918,104,0,112,0,133,0,132,0
4976.677867,104,0,112,0,133,0,132,0
4976.679874,104,0,112,0,133,0,132,0
4976.681857,104,0,112,0,133,0,132,0
4976.683770,104,0,112,0,133,0,132,0
4976.685864,104,0,112,0,133,0,132,0
4976.687828,104,0,112,0,133,0,132,0
4976.690018,104,0,112,0,133,0,132,0
4976.691968,104,0,112,0,133,0,132,0
4976.693768,104,0,112,0,133,0,132,0
4976.695762,104,0,112,0,133,0,132,0
4976.698069,104,0,112,0,133,0,132,0
4976.700042,104,0,112,0,133,0,132,0
4976.702045,104,0,112,0,133,0,132,0
4976.704010,104,0,112,0,133,0,132,0
4976.706000,104,0,112,0,133,0,132,0
4976.708035,104,0,112,0,133,0,132,0
4976.709984,104,0,112,0,133,0,132,0
4976.711721,104,0,112,0,133,0,132,0
4976.713884,104,0,112,0,133,0,132,0
4976.715755,104,0,112,0,133,0,132,0
4976.717897,104,0,112,0,133,0,132,0
4976.719876,104,0,112,0,133,0,132,0
4976.721857,104,0,112,0,133,0,132,0
4976.723869,104,0,112,0,133,0,132,0
4976.725908,104,0,112,0,133,0,132,0
4976.727949,104,0,112,0,133,0,132,0
4976.729870,104,0,112,0,133,0,132,0
4976.731905,104,0,112,0,133,0,132,0
4976.733872,104,0,112,0,133,0,132,0
4976.735938,104,0,112,0,133,0,132,0
4976.737870,104,0,112,0,133,0,132,0
4976.739851,104,0,112,0,133,0,132,0
4976.741849,104,0,112,0,133,0,132,0
4976.743825,104,0,112,0,133,0,132,0
4976.745944,104,0,112,0,133,0,132,0
4976.747937,104,0,112,0,133,0,132,0
4976.749903,104,0,112,0,133,0,132,0
4976.751900,104,0,112,0,133,0,132,0
4976.753893,104,0,112,0,133,0,132,0
4976.755912,104,0,112,0,133,0,132,0
4976.757965,104,0,112,0,133,0,132,0
4976.759933,104,0,112,0,133,0,132,0
4976.761951,104,0,112,0,133,0,132,0
4976.763928,104,0,112,0,133,0,132,0
4976.765715,104,0,112,0,133,0,132,0
4976.767650,104,0,112,0,133,0,132,0
4976.769562,104,0,112,0,133,0,132,0
4976.771613,104,0,112,0,133,0,132,0
4976.773958,104,0,112,0,133,0,132,0
4976.775868,104,0,112,0,133,0,132,0
4976.777968,104,0,112,0,133,0,132,0
4976.779681,104,0,112,0,133,0,132,0
4976.781926,104,0,112,0,133,0,132,0
4976.783903,104,0,112,0,133,0,132,0
4976.785923,104,0,112,0,133,0,132,0
4976.788014,104,0,112,0,133,0,132,0
4976.789945,104,0,112,0,133,0,132,0
4976.791775,104,0,112,0,133,0,132,0
4976.793769,104,0,112,0,133,0,132,0
4976.795943,104,0,112,0,133,0,132,0
4976.797994,104,0,112,0,133,0,132,0
4976.799663,104,0,112,0,133,0,132,0
4976.801921,104,0,112,0,133,0,132,0
4976.803958,104,0,112,0,133,0,132,0
4976.805920,104,0,112,0,133,0,132,0
4976.807774,104,0,112,0,133,0,132,0
4976.809791,104,0,112,0,133,0,132,0
4976.811747,104,0,112,0,133,0,132,0
4976.813647,104,0,112,0,133,0,132,0
4976.815785,104,0,112,0,133,0,132,0
4976.817737,104,0,112,0,133,0,132,0
4976.819869,104,0,112,0,133,0,132,0
4976.821836,104,0,112,0,133,0,132,0
4976.823839,104,0,112,0,133,0,132,0
4976.825851,104,0,112,0,133,0,132,0
4976.828016,104,0,112,0,133,0,132,0
4976.829972,104,0,112,0,133,0,132,0
4976.831997,104,0,112,0,133,0,132,0
4976.833983,104,0,112,0,133,0,132,0
4976.835914,104,0,112,0,133,0,132,0
4976.837944,104,0,112,0,133,0,132,0
4976.839893,104,0,112,0,133,0,132,0
4976.841900,104,0,112,0,133,0,132,0
4976.843898,104,0,112,0,133,0,132,0
4976.845913,104,0,112,0,133,0,132,0
4976.847958,104,0,112,0,133,0,132,0
4976.849958,104,0,112,0,133,0,132,0
4976.851944,104,0,112,0,133,0,132,0
4976.853955,104,0,112,0,133,0,132,0
4976.855950,104,0,112,0,133,0,132,0
4976.857985,104,0,112,0,133,0,132,0
4976.859875,104,0,112,0,133,0,132,0
4976.861913,104,0,112,0,133,0,132,0
4976.863935,104,0,112,0,133,0,132,0
4976.866004,104,0,112,0,133,0,132,0
4976.867959,104,0,112,0,133,0,132,0
4976.869905,104,0,112,0,133,0,132,0
4976.871895,104,0,112,0,133,0,132,0
4976.873987,104,0,112,0,133,0,132,0
4976.875951,104,0,112,0,133,0,132,0
4976.877923,104,0,112,0,133,0,132,0
4976.879918,104,0,112,0,133,0,132,0
4976.881751,104,0,112,0,133,0,132,0
4976.883918,104,0,112,0,133,0,132,0
4976.885916,104,0,112,0,133,0,132,0
4976.887953,104,0,112,0,133,0,132,0
4976.889926,104,0,112,0,133,0,132,0
4976.891918,104,0,112,0,133,0,132,0
4976.893961,104,0,112,0,133,0,132,0
4976.895912,104,0,112,0,133,0,132,0
4976.897924,104,0,112,0,133,0,132,0
4976.899924,104,0,112,0,133,0,132,0
4976.901907,104,0,112,0,133,0,132,0
4976.903912,104,0,112,0,133,0,132,0
4976.905923,104,0,112,0,133,0,132,0
4976.907968,104,0,112,0,133,0,132,0
4976.909951,104,0,112,0,133,0,132,0
4976.911942,104,0,112,0,133,0,132,0
4976.913940,104,0,112,0,133,0,132,0
4976.915816,104,0,112,0,133,0,132,0
4976.917954,104,0,112,0,133,0,132,0
4976.919727,104,0,112,0,133,0,132,0
4976.921728,104,0,112,0,133,0,132,0
4976.923844,104,0,112,0,133,0,132,0
4976.925717,104,0,112,0,133,0,132,0
4976.927953,104,0,112,0,133,0,132,0
4976.929961,104,0,112,0,133,0,132,0
4976.931928,104,0,112,0,133,0,132,0
4976.933963,104,0,112,0,133,0,132,0
4976.935950,104,0,112,0,133,0,132,0
4976.937997,104,0,112,0,133,0,132,0
4976.939741,104,0,112,0,133,0,132,0
4976.941781,104,0,112,0,133,0,132,0
4976.943738,104,0,112,0,133,0,132,0
4976.945934,104,0,112,0,133,0,132,0
4976.947805,104,0,112,0,133,0,132,0
4976.949909,104,0,112,0,133,0,132,0
4976.951855,104,0,112,0,133,0,132,0
4976.953958,104,0,112,0,133,0,132,0
4976.955965,104,0,112,0,133,0,132,0
4976.957832,104,0,112,0,133,0,132,0
4976.959909,104,0,112,0,133,0,132,0
4976.961955,104,0,112,0,133,0,132,0
4976.963922,104,0,112,0,133,0,132,0
4976.965887,104,0,112,0,133,0,132,0
4976.967964,104,0,112,0,133,0,132,0
4976.969959,104,0,112,0,133,0,132,0
4976.971677,104,0,112,0,133,0,132,0
4976.974153,104,0,112,0,133,0,132,0
4976.975717,104,0,112,0,133,0,132,0
4976.977746,104,0,112,0,133,0,132,0
4976.979920,104,0,112,0,133,0,132,0
4976.981955,104,0,112,0,133,0,132,0
4976.983942,104,0,112,0,133,0,132,0
4976.985903,104,0,112,0,133,0,132,0
4976.987956,104,0,112,0,133,0,132,0
4976.989970,104,0,112,0,133,0,132,0
4976.991933,104,0,112,0,133,0,132,0
4976.994031,104,0,112,0,133,0,132,0
4976.995948,104,0,112,0,133,0,132,0
4976.997981,104,0,112,0,133,0,132,0
4976.999891,104,0,112,0,133,0,132,0
4977.001981,104,0,112,0,133,0,132,0
4977.003923,104,0,112,0,133,0,132,0
4977.005489,104,0,112,0,133,0,132,0
4977.007970,104,0,112,0,133,0,132,0
4977.009939,104,0,112,0,133,0,132,0
4977.011754,104,0,112,0,133,0,132,0
4977.013937,104,0,112,0,133,0,132,0
4977.015977,104,0,112,0,133,0,132,0
4977.017977,104,0,112,0,133,0,132,0
4977.019689,104,0,112,0,133,0,132,0
4977.021944,104,0,112,0,133,0,132,0
4977.023928,104,0,112,0,133,0,132,0
4977.025670,104,0,112,0,133,0,132,0
4977.027710,104,0,112,0,133,0,132,0
4977.029631,104,0,112,0,133,0,132,0
4977.031649,104,0,112,0,133,0,132,0
4977.033703,104,0,112,0,133,0,132,0
4977.035905,104,0,112,0,133,0,132,0
4977.037952,104,0,112,0,133,0,132,0
4977.039949,104,0,112,0,133,0,132,0
4977.041850,104,0,112,0,133,0,132,0
4977.043889,104,0,112,0,133,0,132,0
4977.045889,104,0,112,0,133,0,132,0
4977.047915,104,0,112,0,133,0,132,0
4977.049930,104,0,112,0,133,0,132,0
4977.051954,104,0,112,0,133,0,132,0
4977.053958,104,0,112,0,133,0,132,0
4977.055937,104,0,112,0,133,0,132,0
4977.058006,104,0,112,0,133,0,132,0
4977.059939,104,0,112,0,133,0,132,0
4977.061917,104,0,112,0,133,0,132,0
4977.063943,104,0,112,0,133,0,132,0
4977.065954,104,0,112,0,133,0,132,0
4977.067955,104,0,112,0,133,0,132,0
4977.069901,104,0,112,0,133,0,132,0
4977.071942,104,0,112,0,133,0,132,0
4977.074134,104,0,112,0,133,0,132,0
4977.075938,104,0,112,0,133,0,132,0
4977.077682,104,0,112,0,133,0,132,0
4977.079970,104,0,112,0,133,0,132,0
4977.081913,104,0,112,0,133,0,132,0
4977.083954,104,0,112,0,133,0,132,0
4977.085931,104,0,112,0,133,0,132,0
4977.087873,104,0,112,0,133,0,132,0
4977.089912,104,0,112,0,133,0,132,0
4977.091957,104,0,112,0,133,0,132,0
4977.093983,104,0,112,0,133,0,132,0
4977.095957,104,0,112,0,133,0,132,0
4977.097979,104,0,112,0,133,0,132,0
4977.099676,104,0,112,0,133,0,132,0
4977.101959,104,0,112,0,133,0,132,0
4977.103921,104,0,112,0,133,0,132,0
4977.105949,104,0,112,0,133,0,132,0
4977.107968,104,0,112,0,133,0,132,0
4977.109682,104,0,112,0,133,0,132,0
4977.111783,104,0,112,0,133,0,132,0
4977.113906,104,0,112,0,133,0,132,0
4977.115941,104,0,112,0,133,0,132,0
4977.117942,104,0,112,0,133,0,132,0
4977.119828,104,0,112,0,133,0,132,0
4977.121770,104,0,112,0,133,0,132,0
4977.123957,104,0,112,0,133,0,132,0
4977.125977,104,0,112,0,133,0,132,0
4977.127982,104,0,112,0,133,0,132,0
4977.129978,104,0,112,0,133,0,132,0
4977.131955,104,0,112,0,133,0,132,0
4977.133965,104,0,112,0,133,0,132,0
4977.135925,104,0,112,0,133,0,132,0
4977.137938,104,0,112,0,133,0,132,0
4977.139961,104,0,112,0,133,0,132,0
4977.141949,104,0,112,0,133,0,132,0
4977.143950,104,0,112,0,133,0,132,0
4977.145983,104,0,112,0,133,0,132,0
4977.147966,104,0,112,0,133,0,132,0
4977.149775,104,0,112,0,133,0,132,0
4977.151997,104,0,112,0,133,0,132,0
4977.153956,104,0,112,0,133,0,132,0
4977.155946,104,0,112,0,133,0,132,0
4977.158023,104,0,112,0,133,0,132,0
4977.159977,104,0,112,0,133,0,132,0
4977.161980,104,0,112,0,133,0,132,0
4977.163931,104,0,112,0,133,0,132,0
4977.165719,104,0,112,0,133,0,132,0
4977.167783,104,0,112,0,133,0,132,0
4977.169960,104,0,112,0,133,0,132,0
4977.171897,104,0,112,0,133,0,132,0
4977.173674,104,0,112,0,133,0,132,0
4977.175927,104,0,112,0,133,0,132,0
4977.177604,104,0,112,0,133,0,132,0
4977.179754,104,0,112,0,133,0,132,0
4977.182036,104,0,112,0,133,0,132,0
4977.184035,104,0,112,0,133,0,132,0
4977.185941,104,0,112,0,133,0,132,0
4977.188039,104,0,112,0,133,0,132,0
4977.189978,104,0,112,0,133,0,132,0
4977.191908,104,0,112,0,133,0,132,0
4977.193900,104,0,112,0,133,0,132,0
4977.195908,104,0,112,0,133,0,132,0
4977.197921,104,0,112,0,133,0,132,0
4977.199693,104,0,112,0,133,0,132,0
4977.201905,104,0,112,0,133,0,132,0
4977.203640,104,0,112,0,133,0,132,0
4977.205670,104,0,112,0,133,0,132,0
4977.207753,104,0,112,0,133,0,132,0
4977.209919,104,0,112,0,133,0,132,0
4977.211945,104,0,112,0,133,0,132,0
4977.213969,104,0,112,0,133,0,132,0
4977.215953,104,0,112,0,133,0,132,0
4977.217978,104,0,112,0,133,0,132,0
4977.219923,104,0,112,0,133,0,132,0
4977.221949,104,0,112,0,133,0,132,0
4977.224030,104,0,112,0,133,0,132,0
4977.225955,104,0,112,0,133,0,132,0
4977.227998,104,0,112,0,133,0,132,0
4977.229965,104,0,112,0,133,0,132,0
4977.231957,104,0,112,0,133,0,132,0
4977.233888,104,0,112,0,133,0,132,0
4977.235964,104,0,112,0,133,0,132,0
4977.238029,104,0,112,0,133,0,132,0
4977.239961,104,0,112,0,133,0,132,0
4977.241950,104,0,112,0,133,0,132,0
4977.243669,104,0,112,0,133,0,132,0
4977.245701,104,0,112,0,133,0,132,0
4977.247939,104,0,112,0,133,0,132,0
4977.249673,104,0,112,0,133,0,132,0
4977.251628,104,0,112,0,133,0,132,0
4977.253753,104,0,112,0,133,0,132,0
4977.255927,104,0,112,0,133,0,132,0
4977.257849,104,0,112,0,133,0,132,0
4977.259926,104,0,112,0,133,0,132,0
4977.261951,104,0,112,0,133,0,132,0
4977.263941,104,0,112,0,133,0,132,0
4977.265698,104,0,112,0,133,0,132,0
4977.267980,104,0,112,0,133,0,132,0
4977.270084,104,0,112,0,133,0,132,0
4977.271950,104,0,112,0,133,0,132,0
4977.274099,104,0,112,0,133,0,132,0
4977.275953,104,0,112,0,133,0,132,0
4977.277989,104,0,112,0,133,0,132,0
4977.279961,104,0,112,0,133,0,132,0
4977.281964,104,0,112,0,133,0,132,0
4977.283942,104,0,112,0,133,0,132,0
4977.285963,104,0,112,0,133,0,132,0
4977.287948,104,0,112,0,133,0,132,0
4977.289941,104,0,112,0,133,0,132,0
4977.291939,104,0,112,0,133,0,132,0
4977.293941,104,0,112,0,133,0,132,0
4977.296028,104,0,112,0,133,0,132,0
4977.297918,104,0,112,0,133,0,132,0
4977.299968,104,0,112,0,133,0,132,0
4977.301952,104,0,112,0,133,0,132,0
4977.303991,104,0,112,0,133,0,132,0
4977.305998,104,0,112,0,133,0,132,0
4977.307989,104,0,112,0,133,0,132,0
4977.309914,104,0,112,0,133,0,132,0
4977.311925,104,0,112,0,133,0,132,0
4977.313979,104,0,112,0,133,0,132,0
4977.315925,104,0,112,0,133,0,132,0
4977.318066,104,0,112,0,133,0,132,0
4977.320018,104,0,112,0,133,0,132,0
4977.322029,104,0,112,0,133,0,132,0
4977.324237,104,0,112,0,133,0,132,0
4977.325976,104,0,112,0,133,0,132,0
4977.328004,104,0,112,0,133,0,132,0
4977.329978,104,0,112,0,133,0,132,0
4977.331939,104,0,112,0,133,0,132,0
4977.333693,104,0,112,0,133,0,132,0
4977.335886,104,0,112,0,133,0,132,0
4977.337977,104,0,112,0,133,0,132,0
4977.339932,104,0,112,0,133,0,132,0
4977.341961,104,0,112,0,133,0,132,0
4977.343945,104,0,112,0,133,0,132,0
4977.345916,104,0,112,0,133,0,132,0
4977.347930,104,0,112,0,133,0,132,0
4977.349667,104,0,112,0,133,0,132,0
4977.351939,104,0,112,0,133,0,132,0
4977.353839,104,0,112,0,133,0,132,0
4977.355798,104,0,112,0,133,0,132,0
4977.357839,104,0,112,0,133,0,132,0
4977.359929,104,0,112,0,133,0,132,0
4977.361920,104,0,112,0,133,0,132,0
4977.363912,104,0,112,0,133,0,132,0
4977.365981,104,0,112,0,133,0,132,0
4977.368010,104,0,112,0,133,0,132,0
4977.370012,104,0,112,0,133,0,132,0
4977.371479,104,0,112,0,133,0,132,0
4977.373933,104,0,112,0,133,0,132,0
4977.375760,104,0,112,0,133,0,132,0
4977.377782,104,0,112,0,133,0,132,0
4977.379532,104,0,112,0,133,0,132,0
4977.381751,104,0,112,0,133,0,132,0
4977.383877,104,0,112,0,133,0,132,0
4977.385683,104,0,112,0,133,0,132,0
4977.387630,104,0,112,0,133,0,132,0
4977.389808,104,0,112,0,133,0,132,0
4977.391811,104,0,112,0,133,0,132,0
4977.393612,104,0,112,0,133,0,132,0
4977.395540,104,0,112,0,133,0,132,0
4977.397615,104,0,112,0,133,0,132,0
4977.399547,104,0,112,0,133,0,132,0
4977.401506,104,0,112,0,133,0,132,0
4977.403765,104,0,112,0,133,0,132,0
4977.405777,104,0,112,0,133,0,132,0
4977.407834,104,0,112,0,133,0,132,0
4977.409777,104,0,112,0,133,0,132,0
4977.411794,104,0,112,0,133,0,132,0
4977.413756,104,0,112,0,133,0,132,0
4977.415792,104,0,112,0,133,0,132,0
4977.417821,104,0,112,0,133,0,132,0
4977.419784,104,0,112,0,133,0,132,0
4977.421826,104,0,112,0,133,0,132,0
4977.423787,104,0,112,0,133,0,132,0
4977.425862,104,0,112,0,133,0,132,0
4977.427866,104,0,112,0,133,0,132,0
4977.429856,104,0,112,0,133,0,132,0
4977.431810,104,0,112,0,133,0,132,0
4977.433612,104,0,112,0,133,0,132,0
4977.435838,104,0,112,0,133,0,132,0
4977.437675,104,0,112,0,133,0,132,0
4977.439635,104,0,112,0,133,0,132,0
4977.441823,104,0,112,0,133,0,132,0
4977.443633,104,0,112,0,133,0,132,0
4977.445547,104,0,112,0,133,0,132,0
4977.447600,104,0,112,0,133,0,132,0
4977.449623,104,0,112,0,133,0,132,0
4977.451794,104,0,112,0,133,0,132,0
4977.453757,104,0,112,0,133,0,132,0
4977.455936,104,0,112,0,133,0,132,0
4977.457922,104,0,112,0,133,0,132,0
4977.459773,104,0,112,0,133,0,132,0
4977.461879,104,0,112,0,133,0,132,0
4977.463663,104,0,112,0,133,0,132,0
4977.465759,104,0,112,0,133,0,132,0
4977.467597,104,0,112,0,133,0,132,0
4977.469732,104,0,112,0,133,0,132,0
4977.471566,104,0,112,0,133,0,132,0
4977.473587,104,0,112,0,133,0,132,0
4977.475656,104,0,112,0,133,0,132,0
4977.477698,104,0,112,0,133,0,132,0
4977.479644,104,0,112,0,133,0,132,0
4977.481618,104,0,112,0,133,0,132,0
4977.483941,104,0,112,0,133,0,132,0
4977.485776,104,0,112,0,133,0,132,0
4977.487779,104,0,112,0,133,0,132,0
4977.489849,104,0,112,0,133,0,132,0
4977.491831,104,0,112,0,133,0,132,0
4977.493860,104,0,112,0,133,0,132,0
4977.495828,104,0,112,0,133,0,132,0
4977.497866,104,0,112,0,133,0,132,0
4977.499837,104,0,112,0,133,0,132,0
4977.501856,104,0,112,0,133,0,132,0
4977.503824,104,0,112,0,133,0,132,0
4977.505819,104,0,112,0,133,0,132,0
4977.507866,104,0,112,0,133,0,132,0
4977.509854,104,0,112,0,133,0,132,0
4977.511898,104,0,112,0,133,0,132,0
4977.513954,104,0,112,0,133,0,132,0
4977.515912,104,0,112,0,133,0,132,0
4977.517946,104,0,112,0,133,0,132,0
4977.519934,104,0,112,0,133,0,132,0
4977.521947,104,0,112,0,133,0,132,0
4977.524168,104,0,112,0,133,0,132,0
4977.525986,104,0,112,0,133,0,132,0
4977.528038,104,0,112,0,133,0,132,0
4977.529992,104,0,112,0,133,0,132,0
4977.531979,104,0,112,0,133,0,132,0
4977.533952,104,0,112,0,133,0,132,0
4977.536039,104,0,112,0,133,0,132,0
4977.537898,104,0,112,0,133,0,132,0
4977.539828,104,0,112,0,133,0,132,0
4977.541833,104,0,112,0,133,0,132,0
4977.543845,104,0,112,0,133,0,132,0
4977.545827,104,0,112,0,133,0,132,0
4977.547820,104,0,112,0,133,0,132,0
4977.549656,104,0,112,0,133,0,132,0
4977.551799,104,0,112,0,133,0,132,0
4977.553808,104,0,112,0,133,0,132,0
4977.555619,104,0,112,0,133,0,132,0
4977.557863,104,0,112,0,133,0,132,0
4977.559650,104,0,112,0,133,0,132,0
4977.561684,104,0,112,0,133,0,132,0
4977.563807,104,0,112,0,133,0,132,0
4977.565825,104,0,112,0,133,0,132,0
4977.567616,104,0,112,0,133,0,132,0
4977.569779,104,0,112,0,133,0,132,0
4977.571530,104,0,112,0,133,0,132,0
4977.573611,104,0,112,0,133,0,132,0
4977.575613,104,0,112,0,133,0,132,0
4977.577687,104,0,112,0,133,0,132,0
4977.579772,104,0,112,0,133,0,132,0
4977.581802,104,0,112,0,133,0,132,0
4977.583787,104,0,112,0,133,0,132,0
4977.585641,104,0,112,0,133,0,132,0
4977.587870,104,0,112,0,133,0,132,0
4977.589819,104,0,112,0,133,0,132,0
4977.591812,104,0,112,0,133,0,132,0
4977.593657,104,0,112,0,133,0,132,0
4977.595669,104,0,112,0,133,0,132,0
4977.597922,104,0,112,0,133,0,132,0
4977.599701,104,0,112,0,133,0,132,0
4977.601855,104,0,112,0,133,0,132,0
4977.603876,104,0,112,0,133,0,132,0
4977.605860,104,0,112,0,133,0,132,0
4977.607703,104,0,112,0,133,0,132,0
4977.609684,104,0,112,0,133,0,132,0
4977.611646,104,0,112,0,133,0,132,0
4977.613638,104,0,112,0,133,0,132,0
4977.615836,104,0,112,0,133,0,132,0
4977.617849,104,0,112,0,133,0,132,0
4977.619653,104,0,112,0,133,0,132,0
4977.621830,104,0,112,0,133,0,132,0
4977.623779,104,0,112,0,133,0,132,0
4977.625796,104,0,112,0,133,0,132,0
4977.627829,104,0,112,0,133,0,132,0
4977.629823,104,0,112,0,133,0,132,0
4977.631823,104,0,112,0,133,0,132,0
4977.633849,104,0,112,0,133,0,132,0
4977.635856,104,0,112,0,133,0,132,0
4977.637899,104,0,112,0,133,0,132,0
4977.639863,104,0,112,0,133,0,132,0
4977.641877,104,0,112,0,133,0,132,0
4977.643672,104,0,112,0,133,0,132,0
4977.645957,104,0,112,0,133,0,132,0
4977.647995,104,0,112,0,133,0,132,0
4977.649623,104,0,112,0,133,0,132,0
4977.652003,104,0,112,0,133,0,132,0
4977.653992,104,0,112,0,133,0,132,0
4977.656266,104,0,112,0,133,0,132,0
4977.657882,104,0,112,0,133,0,132,0
4977.659823,104,0,112,0,133,0,132,0
4977.661825,104,0,112,0,133,0,132,0
4977.663830,104,0,112,0,133,0,132,0
4977.665823,104,0,112,0,133,0,132,0
4977.667864,104,0,112,0,133,0,132,0
4977.669838,104,0,112,0,133,0,132,0
4977.671626,104,0,112,0,133,0,132,0
4977.673933,104,0,112,0,133,0,132,0
4977.675944,104,0,112,0,133,0,132,0
4977.677914,104,0,112,0,133,0,132,0
4977.679846,104,0,112,0,133,0,132,0
4977.681828,104,0,112,0,133,0,132,0
4977.683805,104,0,112,0,133,0,132,0
4977.685807,104,0,112,0,133,0,132,0
4977.687628,104,0,112,0,133,0,132,0
4977.689558,104,0,112,0,133,0,132,0
4977.691653,104,0,112,0,133,0,132,0
4977.693722,104,0,112,0,133,0,132,0
4977.695667,104,0,112,0,133,0,132,0
4977.697688,104,0,112,0,133,0,132,0
4977.699804,104,0,112,0,133,0,132,0
4977.701808,104,0,112,0,133,0,132,0
4977.703821,104,0,112,0,133,0,132,0
4977.706006,104,0,112,0,133,0,132,0
4977.708031,104,0,112,0,133,0,132,0
4977.709921,104,0,112,0,133,0,132,0
4977.711936,104,0,112,0,133,0,132,0
4977.713898,104,0,112,0,133,0,132,0
4977.716121,104,0,112,0,133,0,132,0
4977.717919,104,0,112,0,133,0,132,0
4977.720076,104,0,112,0,133,0,132,0
4977.722158,104,0,112,0,133,0,132,0
4977.724390,104,0,112,0,133,0,132,0
4977.726044,104,0,112,0,133,0,132,0
4977.728097,104,0,112,0,133,0,132,0
4977.729951,104,0,112,0,133,0,132,0
4977.731978,104,0,112,0,133,0,132,0
4977.733952,104,0,112,0,133,0,132,0
4977.735958,104,0,112,0,133,0,132,0
4977.737942,104,0,112,0,133,0,132,0
4977.739998,104,0,112,0,133,0,132,0
4977.741771,104,0,112,0,133,0,132,0
4977.744024,104,0,112,0,133,0,132,0
4977.746026,104,0,112,0,133,0,132,0
4977.748066,104,0,112,0,133,0,132,0
4977.749963,104,0,112,0,133,0,132,0
4977.751760,104,0,112,0,133,0,132,0
4977.753951,104,0,112,0,133,0,132,0
4977.755945,104,0,112,0,133,0,132,0
4977.757958,104,0,112,0,133,0,132,0
4977.759961,104,0,112,0,133,0,132,0
4977.761947,104,0,112,0,133,0,132,0
4977.763968,104,0,112,0,133,0,132,0
4977.765789,104,0,112,0,133,0,132,0
4977.767811,104,0,112,0,133,0,132,0
4977.769962,104,0,112,0,133,0,132,0
4977.772002,104,0,112,0,133,0,132,0
4977.774173,104,0,112,0,133,0,132,0
4977.775898,104,0,112,0,133,0,132,0
4977.777937,104,0,112,0,133,0,132,0
4977.779768,104,0,112,0,133,0,132,0
4977.781989,104,0,112,0,133,0,132,0
4977.784000,104,0,112,0,133,0,132,0
4977.785834,104,0,112,0,133,0,132,0
4977.788026,104,0,112,0,133,0,132,0
4977.789830,104,0,112,0,133,0,132,0
4977.791564,104,0,112,0,133,0,132,0
4977.793832,104,0,112,0,133,0,132,0
4977.795769,104,0,112,0,133,0,132,0
4977.797839,104,0,112,0,133,0,132,0
4977.799737,104,0,112,0,133,0,132,0
4977.801783,104,0,112,0,133,0,132,0
4977.803741,104,0,112,0,133,0,132,0
4977.805779,104,0,112,0,133,0,132,0
4977.807812,104,0,112,0,133,0,132,0
4977.809873,104,0,112,0,133,0,132,0
4977.811832,104,0,112,0,133,0,132,0
4977.813727,104,0,112,0,133,0,132,0
4977.815855,104,0,112,0,133,0,132,0
4977.817886,104,0,112,0,133,0,132,0
4977.819722,104,0,112,0,133,0,132,0
4977.821777,104,0,112,0,133,0,132,0
4977.823772,104,0,112,0,133,0,132,0
4977.825765,104,0,112,0,133,0,132,0
4977.827783,104,0,112,0,133,0,132,0
4977.829852,104,0,112,0,133,0,132,0
4977.831848,104,0,112,0,133,0,132,0
4977.833836,104,0,112,0,133,0,132,0
4977.835889,104,0,112,0,133,0,132,0
4977.837812,104,0,112,0,133,0,132,0
4977.839770,104,0,112,0,133,0,132,0
4977.841830,104,0,112,0,133,0,132,0
4977.843799,104,0,112,0,133,0,132,0
4977.845783,104,0,112,0,133,0,132,0
4977.847844,104,0,112,0,133,0,132,0
4977.849843,104,0,112,0,133,0,132,0
4977.851759,104,0,112,0,133,0,132,0
4977.853737,104,0,112,0,133,0,132,0
4977.855724,104,0,112,0,133,0,132,0
4977.857694,104,0,112,0,133,0,132,0
4977.859754,104,0,112,0,133,0,132,0
4977.861794,104,0,112,0,133,0,132,0
4977.863774,104,0,112,0,133,0,132,0
4977.865712,104,0,112,0,133,0,132,0
4977.867631,104,0,112,0,133,0,132,0
4977.869711,104,0,112,0,133,0,132,0
4977.871772,104,0,112,0,133,0,132,0
4977.874022,104,0,112,0,133,0,132,0
4977.875862,104,0,112,0,133,0,132,0
4977.877852,104,0,112,0,133,0,132,0
4977.879825,104,0,112,0,133,0,132,0
4977.881809,104,0,112,0,133,0,132,0
4977.883675,104,0,112,0,133,0,132,0
4977.885820,104,0,112,0,133,0,132,0
4977.887845,104,0,112,0,133,0,132,0
4977.889726,104,0,112,0,133,0,132,0
4977.891812,104,0,112,0,133,0,132,0
4977.893772,104,0,112,0,133,0,132,0
4977.895845,104,0,112,0,133,0,132,0
4977.897879,104,0,112,0,133,0,132,0
4977.899822,104,0,112,0,133,0,132,0
4977.901810,104,0,112,0,133,0,132,0
4977.903805,104,0,112,0,133,0,132,0
4977.905833,104,0,112,0,133,0,132,0
4977.907847,104,0,112,0,133,0,132,0
4977.909837,104,0,112,0,133,0,132,0
4977.911872,104,0,112,0,133,0,132,0
4977.913874,104,0,112,0,133,0,132,0
4977.915887,104,0,112,0,133,0,132,0
4977.917909,104,0,112,0,133,0,132,0
4977.919870,104,0,112,0,133,0,132,0
4977.921826,104,0,112,0,133,0,132,0
4977.923827,104,0,112,0,133,0,132,0
4977.925850,104,0,112,0,133,0,132,0
4977.927840,104,0,112,0,133,0,132,0
4977.929794,104,0,112,0,133,0,132,0
4977.931862,104,0,112,0,133,0,132,0
4977.933894,104,0,112,0,133,0,132,0
4977.935825,104,0,112,0,133,0,132,0
4977.937855,104,0,112,0,133,0,132,0
4977.939818,104,0,112,0,133,0,132,0
4977.941775,104,0,112,0,133,0,132,0
4977.943763,104,0,112,0,133,0,132,0
4977.945688,104,0,112,0,133,0,132,0
4977.947781,104,0,112,0,133,0,132,0
4977.949740,104,0,112,0,133,0,132,0
4977.951776,104,0,112,0,133,0,132,0
4977.953828,104,0,112,0,133,0,132,0
4977.955876,104,0,112,0,133,0,132,0
4977.957851,104,0,112,0,133,0,132,0
4977.959851,104,0,112,0,133,0,132,0
4977.961853,104,0,112,0,133,0,132,0
4977.963840,104,0,112,0,133,0,132,0
4977.965838,104,0,112,0,133,0,132,0
4977.967849,104,0,112,0,133,0,132,0
4977.969835,104,0,112,0,133,0,132,0
4977.971799,104,0,112,0,133,0,132,0
4977.973741,104,0,112,0,133,0,132,0
4977.975699,104,0,112,0,133,0,132,0
4977.977818,104,0,112,0,133,0,132,0
4977.979785,104,0,112,0,133,0,132,0
4977.981829,104,0,112,0,133,0,132,0
4977.983843,104,0,112,0,133,0,132,0
4977.985825,104,0,112,0,133,0,132,0
4977.987855,104,0,112,0,133,0,132,0
4977.989811,104,0,112,0,133,0,132,0
4977.991810,104,0,112,0,133,0,132,0
4977.993887,104,0,112,0,133,0,132,0
4977.995836,104,0,112,0,133,0,132,0
4977.997869,104,0,112,0,133,0,132,0
4977.999876,104,0,112,0,133,0,132,0
4978.001866,104,0,112,0,133,0,132,0
4978.003815,104,0,112,0,133,0,132,0
4978.005829,104,0,112,0,133,0,132,0
4978.007810,104,0,112,0,133,0,132,0
4978.009776,104,0,112,0,133,0,132,0
4978.011811,104,0,112,0,133,0,132,0
4978.013794,104,0,112,0,133,0,132,0
4978.015810,104,0,112,0,133,0,132,0
4978.017794,104,0,112,0,133,0,132,0
4978.019803,104,0,112,0,133,0,132,0
4978.021751,104,0,112,0,133,0,132,0
4978.023819,104,0,112,0,133,0,132,0
4978.025696,104,0,112,0,133,0,132,0
4978.027785,104,0,112,0,133,0,132,0
4978.029797,104,0,112,0,133,0,132,0
4978.031877,104,0,112,0,133,0,132,0
4978.033882,104,0,112,0,133,0,132,0
4978.035966,104,0,112,0,133,0,132,0
4978.037906,104,0,112,0,133,0,132,0
4978.039870,104,0,112,0,133,0,132,0
4978.041859,104,0,112,0,133,0,132,0
4978.043785,104,0,112,0,133,0,132,0
4978.045882,104,0,112,0,133,0,132,0
4978.047892,104,0,112,0,133,0,132,0
4978.049867,104,0,112,0,133,0,132,0
4978.051895,104,0,112,0,133,0,132,0
4978.053857,104,0,112,0,133,0,132,0
4978.055818,104,0,112,0,133,0,132,0
4978.057871,104,0,112,0,133,0,132,0
4978.059808,104,0,112,0,133,0,132,0
4978.061831,104,0,112,0,133,0,132,0
4978.063854,104,0,112,0,133,0,132,0
4978.065835,104,0,112,0,133,0,132,0
4978.067859,104,0,112,0,133,0,132,0
4978.069863,104,0,112,0,133,0,132,0
4978.071899,104,0,112,0,133,0,132,0
4978.074036,104,0,112,0,133,0,132,0
4978.076052,104,0,112,0,133,0,132,0
4978.077848,104,0,112,0,133,0,132,0
4978.079803,104,0,112,0,133,0,132,0
4978.081837,104,0,112,0,133,0,132,0
4978.083810,104,0,112,0,133,0,132,0
4978.085794,104,0,112,0,133,0,132,0
4978.087829,104,0,112,0,133,0,132,0
4978.089794,104,0,112,0,133,0,132,0
4978.091776,104,0,112,0,133,0,132,0
4978.093865,104,0,112,0,133,0,132,0
4978.095870,104,0,112,0,133,0,132,0
4978.097881,104,0,112,0,133,0,132,0
4978.099877,104,0,112,0,133,0,132,0
4978.101848,104,0,112,0,133,0,132,0
4978.103847,104,0,112,0,133,0,132,0
4978.105810,104,0,112,0,133,0,132,0
4978.107820,104,0,112,0,133,0,132,0
4978.109781,104,0,112,0,133,0,132,0
4978.111781,104,0,112,0,133,0,132,0
4978.113821,104,0,112,0,133,0,132,0
4978.115755,104,0,112,0,133,0,132,0
4978.117908,104,0,112,0,133,0,132,0
4978.119860,104,0,112,0,133,0,132,0
4978.121865,104,0,112,0,133,0,132,0
4978.123997,104,0,112,0,133,0,132,0
4978.125823,104,0,112,0,133,0,132,0
4978.127856,104,0,112,0,133,0,132,0
4978.129852,104,0,112,0,133,0,132,0
4978.131717,104,0,112,0,133,0,132,0
4978.133803,104,0,112,0,133,0,132,0
4978.135875,104,0,112,0,133,0,132,0
4978.137899,104,0,112,0,133,0,132,0
4978.139848,104,0,112,0,133,0,132,0
4978.141847,104,0,112,0,133,0,132,0
4978.143861,104,0,112,0,133,0,132,0
4978.145818,104,0,112,0,133,0,132,0
4978.147823,104,0,112,0,133,0,132,0
4978.149739,104,0,112,0,133,0,132,0
4978.151798,104,0,112,0,133,0,132,0
4978.153846,104,0,112,0,133,0,132,0
4978.155867,104,0,112,0,133,0,132,0
4978.157846,104,0,112,0,133,0,132,0
4978.159823,104,0,112,0,133,0,132,0
4978.161819,104,0,112,0,133,0,132,0
4978.163819,104,0,112,0,133,0,132,0
4978.165805,104,0,112,0,133,0,132,0
4978.167835,104,0,112,0,133,0,132,0
4978.169805,104,0,112,0,133,0,132,0
4978.171811,104,0,112,0,133,0,132,0
4978.173726,104,0,112,0,133,0,132,0
4978.175846,104,0,112,0,133,0,132,0
4978.177918,104,0,112,0,133,0,132,0
4978.179857,104,0,112,0,133,0,132,0
4978.181864,104,0,112,0,133,0,132,0
4978.183888,104,0,112,0,133,0,132,0
4978.185887,104,0,112,0,133,0,132,0
4978.187853,104,0,112,0,133,0,132,0
4978.189824,104,0,112,0,133,0,132,0
4978.191821,104,0,112,0,133,0,132,0
4978.193838,104,0,112,0,133,0,132,0
4978.195878,104,0,112,0,133,0,132,0
4978.197909,104,0,112,0,133,0,132,0
4978.199769,104,0,112,0,133,0,132,0
4978.201774,104,0,112,0,133,0,132,0
4978.203793,104,0,112,0,133,0,132,0
4978.205801,104,0,112,0,133,0,132,0
4978.207877,104,0,112,0,133,0,132,0
4978.209883,104,0,112,0,133,0,132,0
4978.211913,104,0,112,0,133,0,132,0
4978.213889,104,0,112,0,133,0,132,0
4978.215909,104,0,112,0,133,0,132,0
4978.217991,104,0,112,0,133,0,132,0
4978.219810,104,0,112,0,133,0,132,0
4978.221821,104,0,112,0,133,0,132,0
4978.223923,104,0,112,0,133,0,132,0
4978.225839,104,0,112,0,133,0,132,0
4978.227826,104,0,112,0,133,0,132,0
4978.229875,104,0,112,0,133,0,132,0
4978.231899,104,0,112,0,133,0,132,0
4978.233863,104,0,112,0,133,0,132,0
4978.235884,104,0,112,0,133,0,132,0
4978.237863,104,0,112,0,133,0,132,0
4978.239842,104,0,112,0,133,0,132,0
4978.241822,104,0,112,0,133,0,132,0
4978.243847,104,0,112,0,133,0,132,0
4978.245828,104,0,112,0,133,0,132,0
4978.247827,104,0,112,0,133,0,132,0
4978.249844,104,0,112,0,133,0,132,0
4978.251832,104,0,112,0,133,0,132,0
4978.253827,104,0,112,0,133,0,132,0
4978.255870,104,0,112,0,133,0,132,0
4978.257884,104,0,112,0,133,0,132,0
4978.259908,104,0,112,0,133,0,132,0
4978.261866,104,0,112,0,133,0,132,0
4978.263879,104,0,112,0,133,0,132,0
4978.265838,104,0,112,0,133,0,132,0
4978.267828,104,0,112,0,133,0,132,0
4978.269834,104,0,112,0,133,0,132,0
4978.271863,104,0,112,0,133,0,132,0
4978.274036,104,0,112,0,133,0,132,0
4978.275968,104,0,112,0,133,0,132,0
4978.277916,104,0,112,0,133,0,132,0
4978.279848,104,0,112,0,133,0,132,0
4978.281734,104,0,112,0,133,0,132,0
4978.283762,104,0,112,0,133,0,132,0
4978.285779,104,0,112,0,133,0,132,0
4978.287859,104,0,112,0,133,0,132,0
4978.289868,104,0,112,0,133,0,132,0
4978.291856,104,0,112,0,133,0,132,0
4978.293883,104,0,112,0,133,0,132,0
4978.295880,104,0,112,0,133,0,132,0
4978.297852,104,0,112,0,133,0,132,0
4978.299829,104,0,112,0,133,0,132,0
4978.301858,104,0,112,0,133,0,132,0
4978.303879,104,0,112,0,133,0,132,0
4978.305840,104,0,112,0,133,0,132,0
4978.307910,104,0,112,0,133,0,132,0
4978.309866,104,0,112,0,133,0,132,0
4978.311830,104,0,112,0,133,0,132,0
4978.313854,104,0,112,0,133,0,132,0
4978.315847,104,0,112,0,133,0,132,0
4978.317863,104,0,112,0,133,0,132,0
4978.319835,104,0,112,0,133,0,132,0
4978.321858,104,0,112,0,133,0,132,0
4978.324094,104,0,112,0,133,0,132,0
4978.325884,104,0,112,0,133,0,132,0
4978.327880,104,0,112,0,133,0,132,0
4978.329868,104,0,112,0,133,0,132,0
4978.331832,104,0,112,0,133,0,132,0
4978.333831,104,0,112,0,133,0,132,0
4978.335844,104,0,112,0,133,0,132,0
4978.337863,104,0,112,0,133,0,132,0
4978.339854,104,0,112,0,133,0,132,0
4978.341787,104,0,112,0,133,0,132,0
4978.343799,104,0,112,0,133,0,132,0
4978.345883,104,0,112,0,133,0,132,0
4978.347849,104,0,112,0,133,0,132,0
4978.349831,104,0,112,0,133,0,132,0
4978.351858,104,0,112,0,133,0,132,0
4978.353883,104,0,112,0,133,0,132,0
4978.355899,104,0,112,0,133,0,132,0
4978.357949,104,0,112,0,133,0,132,0
4978.359831,104,0,112,0,133,0,132,0
4978.361816,104,0,112,0,133,0,132,0
4978.363742,104,0,112,0,133,0,132,0
4978.365832,104,0,112,0,133,0,132,0
4978.367868,104,0,112,0,133,0,132,0
4978.369844,104,0,112,0,133,0,132,0
4978.371832,104,0,112,0,133,0,132,0
4978.373961,104,0,112,0,133,0,132,0
4978.375929,104,0,112,0,133,0,132,0
4978.377935,104,0,112,0,133,0,132,0
4978.379866,104,0,112,0,133,0,132,0
4978.381917,104,0,112,0,133,0,132,0
4978.383871,104,0,112,0,133,0,132,0
4978.385701,104,0,112,0,133,0,132,0
4978.387813,104,0,112,0,133,0,132,0
4978.389769,104,0,112,0,133,0,132,0
4978.391929,104,0,112,0,133,0,132,0
4978.393969,104,0,112,0,133,0,132,0
4978.395944,104,0,112,0,133,0,132,0
4978.398262,104,0,112,0,133,0,132,0
4978.399957,104,0,112,0,133,0,132,0
4978.401871,104,0,112,0,133,0,132,0
4978.403847,104,0,112,0,133,0,132,0
4978.405858,104,0,112,0,133,0,132,0
4978.407915,104,0,112,0,133,0,132,0
4978.409863,104,0,112,0,133,0,132,0
4978.411858,104,0,112,0,133,0,132,0
4978.413845,104,0,112,0,133,0,132,0
4978.415836,104,0,112,0,133,0,132,0
4978.417990,104,0,112,0,133,0,132,0
4978.419917,104,0,112,0,133,0,132,0
4978.421925,104,0,112,0,133,0,132,0
4978.423960,104,0,112,0,133,0,132,0
4978.425907,104,0,112,0,133,0,132,0
4978.427920,104,0,112,0,133,0,132,0
4978.429884,104,0,112,0,133,0,132,0
4978.431922,104,0,112,0,133,0,132,0
4978.433867,104,0,112,0,133,0,132,0
4978.435924,104,0,112,0,133,0,132,0
4978.437817,104,0,112,0,133,0,132,0
4978.439870,104,0,112,0,133,0,132,0
4978.441874,104,0,112,0,133,0,132,0
4978.443895,104,0,112,0,133,0,132,0
4978.445872,104,0,112,0,133,0,132,0
4978.447958,104,0,112,0,133,0,132,0
4978.449881,104,0,112,0,133,0,132,0
4978.451891,104,0,112,0,133,0,132,0
4978.453892,104,0,112,0,133,0,132,0
4978.455912,104,0,112,0,133,0,132,0
4978.457885,104,0,112,0,133,0,132,0
4978.459905,104,0,112,0,133,0,132,0
4978.461860,104,0,112,0,133,0,132,0
4978.463787,104,0,112,0,133,0,132,0
4978.465870,104,0,112,0,133,0,132,0
4978.467912,104,0,112,0,133,0,132,0
4978.469879,104,0,112,0,133,0,132,0
4978.471867,104,0,112,0,133,0,132,0
4978.473889,104,0,112,0,133,0,132,0
4978.475815,104,0,112,0,133,0,132,0
4978.477870,104,0,112,0,133,0,132,0
4978.479873,104,0,112,0,133,0,132,0
4978.481880,104,0,112,0,133,0,132,0
4978.483818,104,0,112,0,133,0,132,0
4978.485865,104,0,112,0,133,0,132,0
4978.487898,104,0,112,0,133,0,132,0
4978.489892,104,0,112,0,133,0,132,0
4978.491849,104,0,112,0,133,0,132,0
4978.493982,104,0,112,0,133,0,132,0
4978.495815,104,0,112,0,133,0,132,0
4978.497839,104,0,112,0,133,0,132,0
4978.499820,104,0,112,0,133,0,132,0
4978.501812,104,0,112,0,133,0,132,0
4978.503862,104,0,112,0,133,0,132,0
4978.505702,104,0,112,0,133,0,132,0
4978.507839,104,0,112,0,133,0,132,0
4978.509746,104,0,112,0,133,0,132,0
4978.511824,104,0,112,0,133,0,132,0
4978.513798,104,0,112,0,133,0,132,0
4978.515898,104,0,112,0,133,0,132,0
4978.517917,104,0,112,0,133,0,132,0
4978.519864,104,0,112,0,133,0,132,0
4978.521884,104,0,112,0,133,0,132,0
4978.523960,104,0,112,0,133,0,132,0
4978.525847,104,0,112,0,133,0,132,0
4978.527903,104,0,112,0,133,0,132,0
4978.529877,104,0,112,0,133,0,132,0
4978.531829,104,0,112,0,133,0,132,0
4978.533810,104,0,112,0,133,0,132,0
4978.535813,104,0,112,0,133,0,132,0
4978.537824,104,0,112,0,133,0,132,0
4978.539814,104,0,112,0,133,0,132,0
4978.541841,104,0,112,0,133,0,132,0
4978.543952,104,0,112,0,133,0,132,0
4978.545870,104,0,112,0,133,0,132,0
4978.547905,104,0,112,0,133,0,132,0
4978.549894,104,0,112,0,133,0,132,0
4978.551783,104,0,112,0,133,0,132,0
4978.553894,104,0,112,0,133,0,132,0
4978.555869,104,0,112,0,133,0,132,0
4978.557880,104,0,112,0,133,0,132,0
4978.559840,104,0,112,0,133,0,132,0
4978.561838,104,0,112,0,133,0,132,0
4978.563837,104,0,112,0,133,0,132,0
4978.565870,104,0,112,0,133,0,132,0
4978.567908,104,0,112,0,133,0,132,0
4978.569805,104,0,112,0,133,0,132,0
4978.571896,104,0,112,0,133,0,132,0
4978.573976,104,0,112,0,133,0,132,0
4978.575852,104,0,112,0,133,0,132,0
4978.577880,104,0,112,0,133,0,132,0
4978.579843,104,0,112,0,133,0,132,0
4978.581727,104,0,112,0,133,0,132,0
4978.583880,104,0,112,0,133,0,132,0
4978.585899,104,0,112,0,133,0,132,0
4978.587950,104,0,112,0,133,0,132,0
4978.589886,104,0,112,0,133,0,132,0
4978.591887,104,0,112,0,133,0,132,0
4978.593886,104,0,112,0,133,0,132,0
4978.595824,104,0,112,0,133,0,132,0
4978.597836,104,0,112,0,133,0,132,0
4978.599832,104,0,112,0,133,0,132,0
4978.601832,104,0,112,0,133,0,132,0
4978.603824,104,0,112,0,133,0,132,0
4978.605804,104,0,112,0,133,0,132,0
4978.607878,104,0,112,0,133,0,132,0
4978.609806,104,0,112,0,133,0,132,0
4978.611808,104,0,112,0,133,0,132,0
4978.613819,104,0,112,0,133,0,132,0
4978.615654,104,0,112,0,133,0,132,0
4978.617868,104,0,112,0,133,0,132,0
4978.619867,104,0,112,0,133,0,132,0
4978.621855,104,0,112,0,133,0,132,0
4978.623962,104,0,112,0,133,0,132,0
4978.625908,104,0,112,0,133,0,132,0
4978.627894,104,0,112,0,133,0,132,0
4978.629880,104,0,112,0,133,0,132,0
4978.631873,104,0,112,0,133,0,132,0
4978.633872,104,0,112,0,133,0,132,0
4978.635865,104,0,112,0,133,0,132,0
4978.637824,104,0,112,0,133,0,132,0
4978.639835,104,0,112,0,133,0,132,0
4978.641771,104,0,112,0,133,0,132,0
4978.643795,104,0,112,0,133,0,132,0
4978.645948,104,0,112,0,133,0,132,0
4978.647983,104,0,112,0,133,0,132,0
4978.649870,104,0,112,0,133,0,132,0
4978.651896,104,0,112,0,133,0,132,0
4978.653944,104,0,112,0,133,0,132,0
4978.655862,104,0,112,0,133,0,132,0
4978.657865,104,0,112,0,133,0,132,0
4978.659882,104,0,112,0,133,0,132,0
4978.661906,104,0,112,0,133,0,132,0
4978.663861,104,0,112,0,133,0,132,0
4978.665925,104,0,112,0,133,0,132,0
4978.667915,104,0,112,0,133,0,132,0
4978.669930,104,0,112,0,133,0,132,0
4978.671885,104,0,112,0,133,0,132,0
4978.673888,104,0,112,0,133,0,132,0
4978.675913,104,0,112,0,133,0,132,0
4978.677901,104,0,112,0,133,0,132,0
4978.679896,104,0,112,0,133,0,132,0
4978.681896,104,0,112,0,133,0,132,0
4978.683897,104,0,112,0,133,0,132,0
4978.685905,104,0,112,0,133,0,132,0
4978.687842,104,0,112,0,133,0,132,0
4978.689829,104,0,112,0,133,0,132,0
4978.691816,104,0,112,0,133,0,132,0
4978.693825,104,0,112,0,133,0,132,0
4978.695879,104,0,112,0,133,0,132,0
4978.698168,104,0,112,0,133,0,132,0
4978.699870,104,0,112,0,133,0,132,0
4978.701896,104,0,112,0,133,0,132,0
4978.703887,104,0,112,0,133,0,132,0
4978.705839,104,0,112,0,133,0,132,0
4978.707867,104,0,112,0,133,0,132,0
4978.709881,104,0,112,0,133,0,132,0
4978.711845,104,0,112,0,133,0,132,0
4978.713851,104,0,112,0,133,0,132,0
4978.715886,104,0,112,0,133,0,132,0
4978.717894,104,0,112,0,133,0,132,0
4978.719891,104,0,112,0,133,0,132,0
4978.721884,104,0,112,0,133,0,132,0
4978.723905,104,0,112,0,133,0,132,0
4978.725839,104,0,112,0,133,0,132,0
4978.727890,104,0,112,0,133,0,132,0
4978.729845,104,0,112,0,133,0,132,0
4978.731876,104,0,112,0,133,0,132,0
4978.733857,104,0,112,0,133,0,132,0
4978.735935,104,0,112,0,133,0,132,0
4978.737960,104,0,112,0,133,0,132,0
4978.739910,104,0,112,0,133,0,132,0
4978.741925,104,0,112,0,133,0,132,0
4978.743882,104,0,112,0,133,0,132,0
4978.745894,104,0,112,0,133,0,132,0
4978.747872,104,0,112,0,133,0,132,0
4978.749851,104,0,112,0,133,0,132,0
4978.751820,104,0,112,0,133,0,132,0
4978.753802,104,0,112,0,133,0,132,0
4978.755833,104,0,112,0,133,0,132,0
4978.757938,104,0,112,0,133,0,132,0
4978.759846,104,0,112,0,133,0,132,0
4978.761945,104,0,112,0,133,0,132,0
4978.763920,104,0,112,0,133,0,132,0
4978.765903,104,0,112,0,133,0,132,0
4978.767925,104,0,112,0,133,0,132,0
4978.769854,104,0,112,0,133,0,132,0
4978.771919,104,0,112,0,133,0,132,0
4978.773988,104,0,112,0,133,0,132,0
4978.775851,104,0,112,0,133,0,132,0
4978.777904,104,0,112,0,133,0,132,0
4978.779871,104,0,112,0,133,0,132,0
4978.781824,104,0,112,0,133,0,132,0
4978.783835,104,0,112,0,133,0,132,0
4978.785852,104,0,112,0,133,0,132,0
4978.787902,104,0,112,0,133,0,132,0
4978.790122,104,0,112,0,133,0,132,0
4978.791878,104,0,112,0,133,0,132,0
4978.793919,104,0,112,0,133,0,132,0
4978.795896,104,0,112,0,133,0,132,0
4978.797878,104,0,112,0,133,0,132,0
4978.799875,104,0,112,0,133,0,132,0
4978.801880,104,0,112,0,133,0,132,0
4978.803851,104,0,112,0,133,0,132,0
4978.805882,104,0,112,0,133,0,132,0
4978.807853,104,0,112,0,133,0,132,0
4978.809827,104,0,112,0,133,0,132,0
4978.811825,104,0,112,0,133,0,132,0
4978.813855,104,0,112,0,133,0,132,0
4978.815810,104,0,112,0,133,0,132,0
4978.817879,104,0,112,0,133,0,132,0
4978.819823,104,0,112,0,133,0,132,0
4978.821904,104,0,112,0,133,0,132,0
4978.823820,104,0,112,0,133,0,132,0
4978.825851,104,0,112,0,133,0,132,0
4978.827864,104,0,112,0,133,0,132,0
4978.829828,104,0,112,0,133,0,132,0
4978.831861,104,0,112,0,133,0,132,0
4978.833775,104,0,112,0,133,0,132,0
4978.835886,104,0,112,0,133,0,132,0
4978.837822,104,0,112,0,133,0,132,0
4978.839921,104,0,112,0,133,0,132,0
4978.841918,104,0,112,0,133,0,132,0
4978.843876,104,0,112,0,133,0,132,0
4978.846107,104,0,112,0,133,0,132,0
4978.847884,104,0,112,0,133,0,132,0
4978.849870,104,0,112,0,133,0,132,0
4978.851896,104,0,112,0,133,0,132,0
4978.853878,104,0,112,0,133,0,132,0
4978.855910,104,0,112,0,133,0,132,0
4978.858069,104,0,112,0,133,0,132,0
4978.859904,104,0,112,0,133,0,132,0
4978.861890,104,0,112,0,133,0,132,0
4978.863900,104,0,112,0,133,0,132,0
4978.865885,104,0,112,0,133,0,132,0
4978.867966,104,0,112,0,133,0,132,0
4978.869911,104,0,112,0,133,0,132,0
4978.871889,104,0,112,0,133,0,132,0
4978.874081,104,0,112,0,133,0,132,0
4978.875826,104,0,112,0,133,0,132,0
4978.877868,104,0,112,0,133,0,132,0
4978.879802,104,0,112,0,133,0,132,0
4978.881852,104,0,112,0,133,0,132,0
4978.883870,104,0,112,0,133,0,132,0
4978.885965,104,0,112,0,133,0,132,0
4978.887965,104,0,112,0,133,0,132,0
4978.889960,104,0,112,0,133,0,132,0
4978.892017,104,0,112,0,133,0,132,0
4978.894001,104,0,112,0,133,0,132,0
4978.895848,104,0,112,0,133,0,132,0
4978.897923,104,0,112,0,133,0,132,0
4978.899874,104,0,112,0,133,0,132,0
4978.901880,104,0,112,0,133,0,132,0
4978.903866,104,0,112,0,133,0,132,0
4978.905854,104,0,112,0,133,0,132,0
4978.908070,104,0,112,0,133,0,132,0
4978.909832,104,0,112,0,133,0,132,0
4978.911854,104,0,112,0,133,0,132,0
4978.913841,104,0,112,0,133,0,132,0
4978.915870,104,0,112,0,133,0,132,0
4978.917905,104,0,112,0,133,0,132,0
4978.919869,104,0,112,0,133,0,132,0
4978.921894,104,0,112,0,133,0,132,0
4978.923901,104,0,112,0,133,0,132,0
4978.925951,104,0,112,0,133,0,132,0
4978.927986,104,0,112,0,133,0,132,0
4978.929926,104,0,112,0,133,0,132,0
4978.931930,104,0,112,0,133,0,132,0
4978.933940,104,0,112,0,133,0,132,0
4978.935921,104,0,112,0,133,0,132,0
4978.937921,104,0,112,0,133,0,132,0
4978.939835,104,0,112,0,133,0,132,0
4978.941845,104,0,112,0,133,0,132,0
4978.943846,104,0,112,0,133,0,132,0
4978.945832,104,0,112,0,133,0,132,0
4978.947831,104,0,112,0,133,0,132,0
4978.949940,104,0,112,0,133,0,132,0
4978.951927,104,0,112,0,133,0,132,0
4978.953680,104,0,112,0,133,0,132,0
4978.955917,104,0,112,0,133,0,132,0
4978.957961,104,0,112,0,133,0,132,0
4978.959917,104,0,112,0,133,0,132,0
4978.961878,104,0,112,0,133,0,132,0
4978.963956,104,0,112,0,133,0,132,0
4978.965889,104,0,112,0,133,0,132,0
4978.967913,104,0,112,0,133,0,132,0
4978.969855,104,0,112,0,133,0,132,0
4978.971913,104,0,112,0,133,0,132,0
4978.974030,104,0,112,0,133,0,132,0
4978.975811,104,0,112,0,133,0,132,0
4978.977918,104,0,112,0,133,0,132,0
4978.979833,104,0,112,0,133,0,132,0
4978.981805,104,0,112,0,133,0,132,0
4978.983885,104,0,112,0,133,0,132,0
4978.985859,104,0,112,0,133,0,132,0
4978.987899,104,0,112,0,133,0,132,0
4978.989876,104,0,112,0,133,0,132,0
4978.991886,104,0,112,0,133,0,132,0
4978.993889,104,0,112,0,133,0,132,0
4978.995884,104,0,112,0,133,0,132,0
4978.997885,104,0,112,0,133,0,132,0
4978.999833,104,0,112,0,133,0,132,0
4979.001887,104,0,112,0,133,0,132,0
4979.003882,104,0,112,0,133,0,132,0
4979.005917,104,0,112,0,133,0,132,0
4979.007926,104,0,112,0,133,0,132,0
4979.009929,104,0,112,0,133,0,132,0
4979.011895,104,0,112,0,133,0,132,0
4979.013876,104,0,112,0,133,0,132,0
4979.015850,104,0,112,0,133,0,132,0
4979.017875,104,0,112,0,133,0,132,0
4979.019858,104,0,112,0,133,0,132,0
4979.021901,104,0,112,0,133,0,132,0
4979.024010,104,0,112,0,133,0,132,0
4979.025885,104,0,112,0,133,0,132,0
4979.027913,104,0,112,0,133,0,132,0
4979.029867,104,0,112,0,133,0,132,0
4979.031864,104,0,112,0,133,0,132,0
4979.033880,104,0,112,0,133,0,132,0
4979.035913,104,0,112,0,133,0,132,0
4979.037929,104,0,112,0,133,0,132,0
4979.039881,104,0,112,0,133,0,132,0
4979.041948,104,0,112,0,133,0,132,0
4979.043949,104,0,112,0,133,0,132,0
4979.045896,104,0,112,0,133,0,132,0
4979.047949,104,0,112,0,133,0,132,0
4979.049941,104,0,112,0,133,0,132,0
4979.051900,104,0,112,0,133,0,132,0
4979.053929,104,0,112,0,133,0,132,0
4979.055890,104,0,112,0,133,0,132,0
4979.057971,104,0,112,0,133,0,132,0
4979.059877,104,0,112,0,133,0,132,0
4979.061867,104,0,112,0,133,0,132,0
4979.063871,104,0,112,0,133,0,132,0
4979.065822,104,0,112,0,133,0,132,0
4979.067902,104,0,112,0,133,0,132,0
4979.069903,104,0,112,0,133,0,132,0
4979.071946,104,0,112,0,133,0,132,0
4979.073969,104,0,112,0,133,0,132,0
4979.075879,104,0,112,0,133,0,132,0
4979.077907,104,0,112,0,133,0,132,0
4979.079900,104,0,112,0,133,0,132,0
4979.081878,104,0,112,0,133,0,132,0
4979.083874,104,0,112,0,133,0,132,0
4979.085889,104,0,112,0,133,0,132,0
4979.087910,104,0,112,0,133,0,132,0
4979.089898,104,0,112,0,133,0,132,0
4979.091907,104,0,112,0,133,0,132,0
4979.093913,104,0,112,0,133,0,132,0
4979.095955,104,0,112,0,133,0,132,0
4979.097964,104,0,112,0,133,0,132,0
4979.099888,104,0,112,0,133,0,132,0
4979.101900,104,0,112,0,133,0,132,0
4979.103867,104,0,112,0,133,0,132,0
4979.105838,104,0,112,0,133,0,132,0
4979.107831,104,0,112,0,133,0,132,0
4979.109863,104,0,112,0,133,0,132,0
4979.111934,104,0,112,0,133,0,132,0
4979.113916,104,0,112,0,133,0,132,0
4979.115948,104,0,112,0,133,0,132,0
4979.117970,104,0,112,0,133,0,132,0
4979.119908,104,0,112,0,133,0,132,0
4979.121913,104,0,112,0,133,0,132,0
4979.124077,104,0,112,0,133,0,132,0
4979.125855,104,0,112,0,133,0,132,0
4979.127929,104,0,112,0,133,0,132,0
4979.129862,104,0,112,0,133,0,132,0
4979.131879,104,0,112,0,133,0,132,0
4979.133913,104,0,112,0,133,0,132,0
4979.135919,104,0,112,0,133,0,132,0
4979.137933,104,0,112,0,133,0,132,0
4979.139909,104,0,112,0,133,0,132,0
4979.141866,104,0,112,0,133,0,132,0
4979.143889,104,0,112,0,133,0,132,0
4979.145871,104,0,112,0,133,0,132,0
4979.147877,104,0,112,0,133,0,132,0
4979.149845,104,0,112,0,133,0,132,0
4979.151906,104,0,112,0,133,0,132,0
4979.153908,104,0,112,0,133,0,132,0
4979.155872,104,0,112,0,133,0,132,0
4979.157922,104,0,112,0,133,0,132,0
4979.159924,104,0,112,0,133,0,132,0
4979.161914,104,0,112,0,133,0,132,0
4979.163919,104,0,112,0,133,0,132,0
4979.165919,104,0,112,0,133,0,132,0
4979.167950,104,0,112,0,133,0,132,0
4979.169948,104,0,112,0,133,0,132,0
4979.171849,104,0,112,0,133,0,132,0
4979.173901,104,0,112,0,133,0,132,0
4979.175871,104,0,112,0,133,0,132,0
4979.177903,104,0,112,0,133,0,132,0
4979.179769,104,0,112,0,133,0,132,0
4979.181773,104,0,112,0,133,0,132,0
4979.183790,104,0,112,0,133,0,132,0
4979.185769,104,0,112,0,133,0,132,0
4979.187781,104,0,112,0,133,0,132,0
4979.189773,104,0,112,0,133,0,132,0
4979.191822,104,0,112,0,133,0,132,0
4979.193773,104,0,112,0,133,0,132,0
4979.195766,104,0,112,0,133,0,132,0
4979.197831,104,0,112,0,133,0,132,0
4979.199764,104,0,112,0,133,0,132,0
4979.201744,104,0,112,0,133,0,132,0
4979.203773,104,0,112,0,133,0,132,0
4979.205707,104,0,112,0,133,0,132,0
4979.207834,104,0,112,0,133,0,132,0
4979.209757,104,0,112,0,133,0,132,0
4979.211772,104,0,112,0,133,0,132,0
4979.213743,104,0,112,0,133,0,132,0
4979.215772,104,0,112,0,133,0,132,0
4979.217913,104,0,112,0,133,0,132,0
4979.219922,104,0,112,0,133,0,132,0
4979.221884,104,0,112,0,133,0,132,0
4979.223908,104,0,112,0,133,0,132,0
4979.225874,104,0,112,0,133,0,132,0
4979.227958,104,0,112,0,133,0,132,0
4979.229863,104,0,112,0,133,0,132,0
4979.231858,104,0,112,0,133,0,132,0
4979.233925,104,0,112,0,133,0,132,0
4979.235927,104,0,112,0,133,0,132,0
4979.237957,104,0,112,0,133,0,132,0
4979.239949,104,0,112,0,133,0,132,0
4979.241853,104,0,112,0,133,0,132,0
4979.243821,104,0,112,0,133,0,132,0
4979.245853,104,0,112,0,133,0,132,0
4979.247869,104,0,112,0,133,0,132,0
4979.249878,104,0,112,0,133,0,132,0
4979.251902,104,0,112,0,133,0,132,0
4979.253901,104,0,112,0,133,0,132,0
4979.255908,104,0,112,0,133,0,132,0
4979.257946,104,0,112,0,133,0,132,0
4979.259911,104,0,112,0,133,0,132,0
4979.261928,104,0,112,0,133,0,132,0
4979.263928,104,0,112,0,133,0,132,0
4979.265929,104,0,112,0,133,0,132,0
4979.267957,104,0,112,0,133,0,132,0
4979.269950,104,0,112,0,133,0,132,0
4979.271801,104,0,112,0,133,0,132,0
4979.274044,104,0,112,0,133,0,132,0
4979.275885,104,0,112,0,133,0,132,0
4979.277915,104,0,112,0,133,0,132,0
4979.279898,104,0,112,0,133,0,132,0
4979.281924,104,0,112,0,133,0,132,0
4979.283925,104,0,112,0,133,0,132,0
4979.285954,104,0,112,0,133,0,132,0
4979.287944,104,0,112,0,133,0,132,0
4979.289941,104,0,112,0,133,0,132,0
4979.291885,104,0,112,0,133,0,132,0
4979.293892,104,0,112,0,133,0,132,0
4979.295907,104,0,112,0,133,0,132,0
4979.297952,104,0,112,0,133,0,132,0
4979.299894,104,0,112,0,133,0,132,0
4979.301925,104,0,112,0,133,0,132,0
4979.303884,104,0,112,0,133,0,132,0
4979.305877,104,0,112,0,133,0,132,0
4979.307926,104,0,112,0,133,0,132,0
4979.309902,104,0,112,0,133,0,132,0
4979.311957,104,0,112,0,133,0,132,0
4979.313918,104,0,112,0,133,0,132,0
4979.315940,104,0,112,0,133,0,132,0
4979.317954,104,0,112,0,133,0,132,0
4979.319912,104,0,112,0,133,0,132,0
4979.321900,104,0,112,0,133,0,132,0
4979.323922,104,0,112,0,133,0,132,0
4979.325886,104,0,112,0,133,0,132,0
4979.327876,104,0,112,0,133,0,132,0
4979.329849,104,0,112,0,133,0,132,0
4979.331954,104,0,112,0,133,0,132,0
4979.333847,104,0,112,0,133,0,132,0
4979.335882,104,0,112,0,133,0,132,0
4979.337915,104,0,112,0,133,0,132,0
4979.339930,104,0,112,0,133,0,132,0
4979.341894,104,0,112,0,133,0,132,0
4979.343918,104,0,112,0,133,0,132,0
4979.345911,104,0,112,0,133,0,132,0
4979.347942,104,0,112,0,133,0,132,0
4979.349901,104,0,112,0,133,0,132,0
4979.351893,104,0,112,0,133,0,132,0
4979.353897,104,0,112,0,133,0,132,0
4979.355931,104,0,112,0,133,0,132,0
4979.357997,104,0,112,0,133,0,132,0
4979.359954,104,0,112,0,133,0,132,0
4979.361949,104,0,112,0,133,0,132,0
4979.363922,104,0,112,0,133,0,132,0
4979.365947,104,0,112,0,133,0,132,0
4979.367943,104,0,112,0,133,0,132,0
4979.369936,104,0,112,0,133,0,132,0
4979.371904,104,0,112,0,133,0,132,0
4979.373931,104,0,112,0,133,0,132,0
4979.375981,104,0,112,0,133,0,132,0
4979.377957,104,0,112,0,133,0,132,0
4979.379979,104,0,112,0,133,0,132,0
4979.381945,104,0,112,0,133,0,132,0
4979.383850,104,0,112,0,133,0,132,0
4979.385906,104,0,112,0,133,0,132,0
4979.387996,104,0,112,0,133,0,132,0
4979.389910,104,0,112,0,133,0,132,0
4979.392012,104,0,112,0,133,0,132,0
4979.393960,104,0,112,0,133,0,132,0
4979.396019,104,0,112,0,133,0,132,0
4979.398015,104,0,112,0,133,0,132,0
4979.399977,104,0,112,0,133,0,132,0
4979.402002,104,0,112,0,133,0,132,0
4979.403958,104,0,112,0,133,0,132,0
4979.405984,104,0,112,0,133,0,132,0
4979.407955,104,0,112,0,133,0,132,0
4979.409922,104,0,112,0,133,0,132,0
4979.411945,104,0,112,0,133,0,132,0
4979.413928,104,0,112,0,133,0,132,0
4979.415917,104,0,112,0,133,0,132,0
4979.417917,104,0,112,0,133,0,132,0
4979.419965,104,0,112,0,133,0,132,0
4979.421949,104,0,112,0,133,0,132,0
4979.423937,104,0,112,0,133,0,132,0
4979.425970,104,0,112,0,133,0,132,0
4979.427973,104,0,112,0,133,0,132,0
4979.429955,104,0,112,0,133,0,132,0
4979.431900,104,0,112,0,133,0,132,0
4979.433910,104,0,112,0,133,0,132,0
4979.435933,104,0,112,0,133,0,132,0
4979.437962,104,0,112,0,133,0,132,0
4979.439905,104,0,112,0,133,0,132,0
4979.441914,104,0,112,0,133,0,132,0
4979.443904,104,0,112,0,133,0,132,0
4979.445906,104,0,112,0,133,0,132,0
4979.447938,104,0,112,0,133,0,132,0
4979.449906,104,0,112,0,133,0,132,0
4979.451942,104,0,112,0,133,0,132,0
4979.453946,104,0,112,0,133,0,132,0
4979.455934,104,0,112,0,133,0,132,0
4979.457933,104,0,112,0,133,0,132,0
4979.459912,104,0,112,0,133,0,132,0
4979.461965,104,0,112,0,133,0,132,0
4979.463957,104,0,112,0,133,0,132,0
4979.465947,104,0,112,0,133,0,132,0
4979.467961,104,0,112,0,133,0,132,0
4979.469948,104,0,112,0,133,0,132,0
4979.471944,104,0,112,0,133,0,132,0
4979.473966,104,0,112,0,133,0,132,0
4979.475894,104,0,112,0,133,0,132,0
4979.477943,104,0,112,0,133,0,132,0
4979.479915,104,0,112,0,133,0,132,0
4979.481901,104,0,112,0,133,0,132,0
4979.483907,104,0,112,0,133,0,132,0
4979.485900,104,0,112,0,133,0,132,0
4979.487954,104,0,112,0,133,0,132,0
4979.489947,104,0,112,0,133,0,132,0
4979.491907,104,0,112,0,133,0,132,0
4979.493901,104,0,112,0,133,0,132,0
4979.495949,104,0,112,0,133,0,132,0
4979.497951,104,0,112,0,133,0,132,0
4979.499926,104,0,112,0,133,0,132,0
4979.501942,104,0,112,0,133,0,132,0
4979.503919,104,0,112,0,133,0,132,0
4979.505925,104,0,112,0,133,0,132,0
4979.507909,104,0,112,0,133,0,132,0
4979.509924,104,0,112,0,133,0,132,0
4979.511948,104,0,112,0,133,0,132,0
4979.513952,104,0,112,0,133,0,132,0
4979.515926,104,0,112,0,133,0,132,0
4979.517938,104,0,112,0,133,0,132,0
4979.519901,104,0,112,0,133,0,132,0
4979.521943,104,0,112,0,133,0,132,0
4979.524113,104,0,112,0,133,0,132,0
4979.525952,104,0,112,0,133,0,132,0
4979.527964,104,0,112,0,133,0,132,0
4979.529947,104,0,112,0,133,0,132,0
4979.531952,104,0,112,0,133,0,132,0
4979.533897,104,0,112,0,133,0,132,0
4979.535956,104,0,112,0,133,0,132,0
4979.537963,104,0,112,0,133,0,132,0
4979.539967,104,0,112,0,133,0,132,0
4979.541967,104,0,112,0,133,0,132,0
4979.544039,104,0,112,0,133,0,132,0
4979.545957,104,0,112,0,133,0,132,0
4979.547973,104,0,112,0,133,0,132,0
4979.549902,104,0,112,0,133,0,132,0
4979.551887,104,0,112,0,133,0,132,0
4979.553890,104,0,112,0,133,0,132,0
4979.555901,104,0,112,0,133,0,132,0
4979.557967,104,0,112,0,133,0,132,0
4979.559923,104,0,112,0,133,0,132,0
4979.561933,104,0,112,0,133,0,132,0
4979.563929,104,0,112,0,133,0,132,0
4979.565919,104,0,112,0,133,0,132,0
4979.567960,104,0,112,0,133,0,132,0
4979.569964,104,0,112,0,133,0,132,0
4979.571971,104,0,112,0,133,0,132,0
4979.574171,104,0,112,0,133,0,132,0
4979.575963,104,0,112,0,133,0,132,0
4979.577919,104,0,112,0,133,0,132,0
4979.579953,104,0,112,0,133,0,132,0
4979.581920,104,0,112,0,133,0,132,0
4979.583929,104,0,112,0,133,0,132,0
4979.585966,104,0,112,0,133,0,132,0
4979.587887,104,0,112,0,133,0,132,0
4979.589911,104,0,112,0,133,0,132,0
4979.591760,104,0,112,0,133,0,132,0
4979.593983,104,0,112,0,133,0,132,0
4979.595889,104,0,112,0,133,0,132,0
4979.597960,104,0,112,0,133,0,132,0
4979.599955,104,0,112,0,133,0,132,0
4979.601959,104,0,112,0,133,0,132,0
4979.603957,104,0,112,0,133,0,132,0
4979.605968,104,0,112,0,133,0,132,0
4979.607983,104,0,112,0,133,0,132,0
4979.609968,104,0,112,0,133,0,132,0
4979.611943,104,0,112,0,133,0,132,0
4979.613943,104,0,112,0,133,0,132,0
4979.615944,104,0,112,0,133,0,132,0
4979.617960,104,0,112,0,133,0,132,0
4979.619911,104,0,112,0,133,0,132,0
4979.621943,104,0,112,0,133,0,132,0
4979.624033,104,0,112,0,133,0,132,0
4979.625963,104,0,112,0,133,0,132,0
4979.627968,104,0,112,0,133,0,132,0
4979.629944,104,0,112,0,133,0,132,0
4979.631945,104,0,112,0,133,0,132,0
4979.633919,104,0,112,0,133,0,132,0
4979.635919,104,0,112,0,133,0,132,0
4979.637996,104,0,112,0,133,0,132,0
4979.639965,104,0,112,0,133,0,132,0
4979.641962,104,0,112,0,133,0,132,0
4979.643963,104,0,112,0,133,0,132,0
4979.645962,104,0,112,0,133,0,132,0
4979.647967,104,0,112,0,133,0,132,0
4979.649982,104,0,112,0,133,0,132,0
4979.651974,104,0,112,0,133,0,132,0
4979.653920,104,0,112,0,133,0,132,0
4979.655925,104,0,112,0,133,0,132,0
4979.657979,104,0,112,0,133,0,132,0
4979.659936,104,0,112,0,133,0,132,0
4979.661917,104,0,112,0,133,0,132,0
4979.663921,104,0,112,0,133,0,132,0
4979.665951,104,0,112,0,133,0,132,0
4979.667979,104,0,112,0,133,0,132,0
4979.669950,104,0,112,0,133,0,132,0
4979.671984,104,0,112,0,133,0,132,0
4979.673991,104,0,112,0,133,0,132,0
4979.675803,104,0,112,0,133,0,132,0
4979.677943,104,0,112,0,133,0,132,0
4979.679911,104,0,112,0,133,0,132,0
4979.681907,104,0,112,0,133,0,132,0
4979.683912,104,0,112,0,133,0,132,0
4979.685904,104,0,112,0,133,0,132,0
4979.687969,104,0,112,0,133,0,132,0
4979.689934,104,0,112,0,133,0,132,0
4979.691937,104,0,112,0,133,0,132,0
4979.693918,104,0,112,0,133,0,132,0
4979.695957,104,0,112,0,133,0,132,0
4979.697907,104,0,112,0,133,0,132,0
4979.699971,104,0,112,0,133,0,132,0
4979.701958,104,0,112,0,133,0,132,0
4979.703954,104,0,112,0,133,0,132,0
4979.705957,104,0,112,0,133,0,132,0
4979.707975,104,0,112,0,133,0,132,0
4979.709925,104,0,112,0,133,0,132,0
4979.711933,104,0,112,0,133,0,132,0
4979.713919,104,0,112,0,133,0,132,0
4979.715730,104,0,112,0,133,0,132,0
4979.717827,104,0,112,0,133,0,132,0
4979.719753,104,0,112,0,133,0,132,0
4979.721759,104,0,112,0,133,0,132,0
4979.723931,104,0,112,0,133,0,132,0
4979.725776,104,0,112,0,133,0,132,0
4979.727745,104,0,112,0,133,0,132,0
4979.729728,104,0,112,0,133,0,132,0
4979.731773,104,0,112,0,133,0,132,0
4979.733769,104,0,112,0,133,0,132,0
4979.735823,104,0,112,0,133,0,132,0
4979.737808,104,0,112,0,133,0,132,0
4979.739765,104,0,112,0,133,0,132,0
4979.741678,104,0,112,0,133,0,132,0
4979.743703,104,0,112,0,133,0,132,0
4979.745679,104,0,112,0,133,0,132,0
4979.747705,104,0,112,0,133,0,132,0
4979.749758,104,0,112,0,133,0,132,0
4979.751741,104,0,112,0,133,0,132,0
4979.753739,104,0,112,0,133,0,132,0
4979.755734,104,0,112,0,133,0,132,0
4979.757758,104,0,112,0,133,0,132,0
4979.759745,104,0,112,0,133,0,132,0
4979.761754,104,0,112,0,133,0,132,0
4979.763952,104,0,112,0,133,0,132,0
4979.765875,104,0,112,0,133,0,132,0
4979.767901,104,0,112,0,133,0,132,0
4979.769890,104,0,112,0,133,0,132,0
4979.771915,104,0,112,0,133,0,132,0
4979.774179,104,0,112,0,133,0,132,0
4979.775974,104,0,112,0,133,0,132,0
4979.777948,104,0,112,0,133,0,132,0
4979.779893,104,0,112,0,133,0,132,0
4979.781948,104,0,112,0,133,0,132,0
4979.783950,104,0,112,0,133,0,132,0
4979.785962,104,0,112,0,133,0,132,0
4979.787968,104,0,112,0,133,0,132,0
4979.790024,104,0,112,0,133,0,132,0
4979.791855,104,0,112,0,133,0,132,0
4979.794011,104,0,112,0,133,0,132,0
4979.795998,104,0,112,0,133,0,132,0
4979.797977,104,0,112,0,133,0,132,0
4979.799941,104,0,112,0,133,0,132,0
4979.801904,104,0,112,0,133,0,132,0
4979.803899,104,0,112,0,133,0,132,0
4979.805901,104,0,112,0,133,0,132,0
4979.807914,104,0,112,0,133,0,132,0
4979.809889,104,0,112,0,133,0,132,0
4979.812002,104,0,112,0,133,0,132,0
4979.813908,104,0,112,0,133,0,132,0
4979.815951,104,0,112,0,133,0,132,0
4979.818011,104,0,112,0,133,0,132,0
4979.819955,104,0,112,0,133,0,132,0
4979.821936,104,0,112,0,133,0,132,0
4979.824058,104,0,112,0,133,0,132,0
4979.825948,104,0,112,0,133,0,132,0
4979.827954,104,0,112,0,133,0,132,0
4979.829852,104,0,112,0,133,0,132,0
4979.831961,104,0,112,0,133,0,132,0
4979.833951,104,0,112,0,133,0,132,0
4979.835965,104,0,112,0,133,0,132,0
4979.837969,104,0,112,0,133,0,132,0
4979.839942,104,0,112,0,133,0,132,0
4979.841966,104,0,112,0,133,0,132,0
4979.843988,104,0,112,0,133,0,132,0
4979.845966,104,0,112,0,133,0,132,0
4979.848007,104,0,112,0,133,0,132,0
4979.849915,104,0,112,0,133,0,132,0
4979.851956,104,0,112,0,133,0,132,0
4979.853965,104,0,112,0,133,0,132,0
4979.855972,104,0,112,0,133,0,132,0
4979.858034,104,0,112,0,133,0,132,0
4979.859976,104,0,112,0,133,0,132,0
4979.862084,104,0,112,0,133,0,132,0
4979.864017,104,0,112,0,133,0,132,0
4979.866024,104,0,112,0,133,0,132,0
4979.868090,104,0,112,0,133,0,132,0
4979.870036,104,0,112,0,133,0,132,0
4979.872019,104,0,112,0,133,0,132,0
4979.874112,104,0,112,0,133,0,132,0
4979.876018,104,0,112,0,133,0,132,0
4979.878032,104,0,112,0,133,0,132,0
4979.880065,104,0,112,0,133,0,132,0
4979.882045,104,0,112,0,133,0,132,0
4979.884072,104,0,112,0,133,0,132,0
4979.886030,104,0,112,0,133,0,132,0
4979.888050,104,0,112,0,133,0,132,0
4979.890044,104,0,112,0,133,0,132,0
4979.892035,104,0,112,0,133,0,132,0
4979.894091,104,0,112,0,133,0,132,0
4979.896014,104,0,112,0,133,0,132,0
4979.898027,104,0,112,0,133,0,132,0
4979.899998,104,0,112,0,133,0,132,0
4979.902001,104,0,112,0,133,0,132,0
4979.903971,104,0,112,0,133,0,132,0
4979.906009,104,0,112,0,133,0,132,0
4979.908000,104,0,112,0,133,0,132,0
4979.909987,104,0,112,0,133,0,132,0
4979.911998,104,0,112,0,133,0,132,0
4979.914024,104,0,112,0,133,0,132,0
4979.915981,104,0,112,0,133,0,132,0
4979.917978,104,0,112,0,133,0,132,0
4979.920004,104,0,112,0,133,0,132,0
4979.921970,104,0,112,0,133,0,132,0
4979.924084,104,0,112,0,133,0,132,0
4979.926010,104,0,112,0,133,0,132,0
4979.927946,104,0,112,0,133,0,132,0
4979.930000,104,0,112,0,133,0,132,0
4979.932016,104,0,112,0,133,0,132,0
4979.933974,104,0,112,0,133,0,132,0
4979.935922,104,0,112,0,133,0,132,0
4979.937990,104,0,112,0,133,0,132,0
4979.939946,104,0,112,0,133,0,132,0
4979.941978,104,0,112,0,133,0,132,0
4979.943952,104,0,112,0,133,0,132,0
4979.945975,104,0,112,0,133,0,132,0
4979.947938,104,0,112,0,133,0,132,0
4979.950039,104,0,112,0,133,0,132,0
4979.951949,104,0,112,0,133,0,132,0
4979.953983,104,0,112,0,133,0,132,0
4979.955961,104,0,112,0,133,0,132,0
4979.957930,104,0,112,0,133,0,132,0
4979.960004,104,0,112,0,133,0,132,0
4979.961974,104,0,112,0,133,0,132,0
4979.963985,104,0,112,0,133,0,132,0
4979.965946,104,0,112,0,133,0,132,0
4979.967961,104,0,112,0,133,0,132,0
4979.969951,104,0,112,0,133,0,132,0
4979.971958,104,0,112,0,133,0,132,0
4979.973833,104,0,112,0,133,0,132,0
4979.975901,104,0,112,0,133,0,132,0
4979.977906,104,0,112,0,133,0,132,0
4979.979923,104,0,112,0,133,0,132,0
4979.981958,104,0,112,0,133,0,132,0
4979.983909,104,0,112,0,133,0,132,0
4979.985991,104,0,112,0,133,0,132,0
4979.988032,104,0,112,0,133,0,132,0
4979.989995,104,0,112,0,133,0,132,0
4979.991915,104,0,112,0,133,0,132,0
4979.993940,104,0,112,0,133,0,132,0
4979.995927,104,0,112,0,133,0,132,0
4979.997935,104,0,112,0,133,0,132,0
4979.999967,104,0,112,0,133,0,132,0
4980.001965,104,0,112,0,133,0,132,0
4980.003974,104,0,112,0,133,0,132,0
4980.005996,104,0,112,0,133,0,132,0
4980.008032,104,0,112,0,133,0,132,0
4980.010030,104,0,112,0,133,0,132,0
4980.011971,104,0,112,0,133,0,132,0
4980.013973,104,0,112,0,133,0,132,0
4980.015943,104,0,112,0,133,0,132,0
4980.018000,104,0,112,0,133,0,132,0
4980.019966,104,0,112,0,133,0,132,0
4980.021962,104,0,112,0,133,0,132,0
4980.024040,104,0,112,0,133,0,132,0
4980.026049,104,0,112,0,133,0,132,0
4980.028016,104,0,112,0,133,0,132,0
4980.029979,104,0,112,0,133,0,132,0
4980.031975,104,0,112,0,133,0,132,0
4980.033978,104,0,112,0,133,0,132,0
4980.035921,104,0,112,0,133,0,132,0
4980.038004,104,0,112,0,133,0,132,0
4980.039950,104,0,112,0,133,0,132,0
4980.041926,104,0,112,0,133,0,132,0
4980.044005,104,0,112,0,133,0,132,0
4980.045964,104,0,112,0,133,0,132,0
4980.047966,104,0,112,0,133,0,132,0
4980.049943,104,0,112,0,133,0,132,0
4980.051962,104,0,112,0,133,0,132,0
4980.053974,104,0,112,0,133,0,132,0
4980.055982,104,0,112,0,133,0,132,0
4980.058019,104,0,112,0,133,0,132,0
4980.060005,104,0,112,0,133,0,132,0
4980.061902,104,0,112,0,133,0,132,0
4980.064005,104,0,112,0,133,0,132,0
4980.066001,104,0,112,0,133,0,132,0
4980.068007,104,0,112,0,133,0,132,0
4980.069960,104,0,112,0,133,0,132,0
4980.072009,104,0,112,0,133,0,132,0
4980.074115,104,0,112,0,133,0,132,0
4980.075948,104,0,112,0,133,0,132,0
4980.077990,104,0,112,0,133,0,132,0
4980.079913,104,0,112,0,133,0,132,0
4980.081954,104,0,112,0,133,0,132,0
4980.083970,104,0,112,0,133,0,132,0
4980.085993,104,0,112,0,133,0,132,0
4980.088003,104,0,112,0,133,0,132,0
4980.089979,104,0,112,0,133,0,132,0
4980.091995,104,0,112,0,133,0,132,0
4980.093935,104,0,112,0,133,0,132,0
4980.095957,104,0,112,0,133,0,132,0
4980.098028,104,0,112,0,133,0,132,0
4980.099983,104,0,112,0,133,0,132,0
4980.102002,104,0,112,0,133,0,132,0
4980.103963,104,0,112,0,133,0,132,0
4980.106066,104,0,112,0,133,0,132,0
4980.108047,104,0,112,0,133,0,132,0
4980.110037,104,0,112,0,133,0,132,0
4980.112036,104,0,112,0,133,0,132,0
4980.113991,104,0,112,0,133,0,132,0
4980.115975,104,0,112,0,133,0,132,0
4980.117904,104,0,112,0,133,0,132,0
4980.119981,104,0,112,0,133,0,132,0
4980.121948,104,0,112,0,133,0,132,0
4980.124166,104,0,112,0,133,0,132,0
4980.125941,104,0,112,0,133,0,132,0
4980.127959,104,0,112,0,133,0,132,0
4980.129941,104,0,112,0,133,0,132,0
4980.131992,104,0,112,0,133,0,132,0
4980.133964,104,0,112,0,133,0,132,0
4980.135989,104,0,112,0,133,0,132,0
4980.138000,104,0,112,0,133,0,132,0
4980.139972,104,0,112,0,133,0,132,0
4980.141956,104,0,112,0,133,0,132,0
4980.143913,104,0,112,0,133,0,132,0
4980.145971,104,0,112,0,133,0,132,0
4980.147954,104,0,112,0,133,0,132,0
4980.149980,104,0,112,0,133,0,132,0
4980.151914,104,0,112,0,133,0,132,0
4980.153960,104,0,112,0,133,0,132,0
4980.155993,104,0,112,0,133,0,132,0
4980.157973,104,0,112,0,133,0,132,0
4980.160034,104,0,112,0,133,0,132,0
4980.161973,104,0,112,0,133,0,132,0
4980.163988,104,0,112,0,133,0,132,0
4980.165985,104,0,112,0,133,0,132,0
4980.168036,104,0,112,0,133,0,132,0
4980.170012,104,0,112,0,133,0,132,0
4980.171985,104,0,112,0,133,0,132,0
4980.173780,104,0,112,0,133,0,132,0
4980.175975,104,0,112,0,133,0,132,0
4980.177972,104,0,112,0,133,0,132,0
4980.179961,104,0,112,0,133,0,132,0
4980.181958,104,0,112,0,133,0,132,0
4980.183902,104,0,112,0,133,0,132,0
4980.185840,104,0,112,0,133,0,132,0
4980.187891,104,0,112,0,133,0,132,0
4980.189854,104,0,112,0,133,0,132,0
4980.192235,104,0,112,0,133,0,132,0
4980.194125,104,0,112,0,133,0,132,0
4980.196216,104,0,112,0,133,0,132,0
4980.197970,104,0,112,0,133,0,132,0
4980.200159,104,0,112,0,133,0,132,0
4980.202147,104,0,112,0,133,0,132,0
4980.203921,104,0,112,0,133,0,132,0
4980.205963,104,0,112,0,133,0,132,0
4980.208000,104,0,112,0,133,0,132,0
4980.210212,104,0,112,0,133,0,132,0
4980.212170,104,0,112,0,133,0,132,0
4980.214186,104,0,112,0,133,0,132,0
4980.215971,104,0,112,0,133,0,132,0
4980.218203,104,0,112,0,133,0,132,0
4980.220172,104,0,112,0,133,0,132,0
4980.222199,104,0,112,0,133,0,132,0
4980.224369,104,0,112,0,133,0,132,0
4980.226134,104,0,112,0,133,0,132,0
4980.228176,104,0,112,0,133,0,132,0
4980.230133,104,0,112,0,133,0,132,0
4980.232138,104,0,112,0,133,0,132,0
4980.233976,104,0,112,0,133,0,132,0
4980.236121,104,0,112,0,133,0,132,0
4980.238131,104,0,112,0,133,0,132,0
4980.240137,104,0,112,0,133,0,132,0
4980.242134,104,0,112,0,133,0,132,0
4980.244139,104,0,112,0,133,0,132,0
4980.246169,104,0,112,0,133,0,132,0
4980.248118,104,0,112,0,133,0,132,0
4980.250119,104,0,112,0,133,0,132,0
4980.251972,104,0,112,0,133,0,132,0
4980.254121,104,0,112,0,133,0,132,0
4980.256127,104,0,112,0,133,0,132,0
4980.258233,104,0,112,0,133,0,132,0
4980.259746,104,0,112,0,133,0,132,0
4980.262082,104,0,112,0,133,0,132,0
4980.264084,104,0,112,0,133,0,132,0
4980.266090,104,0,112,0,133,0,132,0
4980.268188,104,0,112,0,133,0,132,0
4980.270175,104,0,112,0,133,0,132,0
4980.272018,104,0,112,0,133,0,132,0
4980.274175,104,0,112,0,133,0,132,0
4980.276308,104,0,112,0,133,0,132,0
4980.278212,104,0,112,0,133,0,132,0
4980.280113,104,0,112,0,133,0,132,0
4980.281922,104,0,112,0,133,0,132,0
4980.284073,104,0,112,0,133,0,132,0
4980.286163,104,0,112,0,133,0,132,0
4980.288201,104,0,112,0,133,0,132,0
4980.290213,104,0,112,0,133,0,132,0
4980.291989,104,0,112,0,133,0,132,0
4980.294219,104,0,112,0,133,0,132,0
4980.296203,104,0,112,0,133,0,132,0
4980.298189,104,0,112,0,133,0,132,0
4980.300155,104,0,112,0,133,0,132,0
4980.302173,104,0,112,0,133,0,132,0
4980.304174,104,0,112,0,133,0,132,0
4980.306187,104,0,112,0,133,0,132,0
4980.308219,104,0,112,0,133,0,132,0
4980.309969,104,0,112,0,133,0,132,0
4980.312230,104,0,112,0,133,0,132,0
4980.314202,104,0,112,0,133,0,132,0
4980.316181,104,0,112,0,133,0,132,0
4980.318152,104,0,112,0,133,0,132,0
4980.320115,104,0,112,0,133,0,132,0
4980.322140,104,0,112,0,133,0,132,0
4980.324129,104,0,112,0,133,0,132,0
4980.326203,104,0,112,0,133,0,132,0
4980.327992,104,0,112,0,133,0,132,0
4980.330113,104,0,112,0,133,0,132,0
4980.332193,104,0,112,0,133,0,132,0
4980.334197,104,0,112,0,133,0,132,0
4980.336157,104,0,112,0,133,0,132,0
4980.338238,104,0,112,0,133,0,132,0
4980.340232,104,0,112,0,133,0,132,0
4980.342235,104,0,112,0,133,0,132,0
4980.344242,104,0,112,0,133,0,132,0
4980.345981,104,0,112,0,133,0,132,0
4980.348283,104,0,112,0,133,0,132,0
4980.350215,104,0,112,0,133,0,132,0
4980.352136,104,0,112,0,133,0,132,0
4980.354100,104,0,112,0,133,0,132,0
4980.356130,104,0,112,0,133,0,132,0
4980.358124,104,0,112,0,133,0,132,0
4980.359940,104,0,112,0,133,0,132,0
4980.362220,104,0,112,0,133,0,132,0
4980.364243,104,0,112,0,133,0,132,0
4980.366227,104,0,112,0,133,0,132,0
4980.368245,104,0,112,0,133,0,132,0
4980.370244,104,0,112,0,133,0,132,0
4980.371968,104,0,112,0,133,0,132,0
4980.373985,104,0,112,0,133,0,132,0
4980.376130,104,0,112,0,133,0,132,0
4980.378102,104,0,112,0,133,0,132,0
4980.380117,104,0,112,0,133,0,132,0
4980.382096,104,0,112,0,133,0,132,0
4980.384098,104,0,112,0,133,0,132,0
4980.385932,104,0,112,0,133,0,132,0
4980.388101,104,0,112,0,133,0,132,0
4980.390087,104,0,112,0,133,0,132,0
4980.392088,104,0,112,0,133,0,132,0
4980.394092,104,0,112,0,133,0,132,0
4980.396113,104,0,112,0,133,0,132,0
4980.397951,104,0,112,0,133,0,132,0
4980.400099,104,0,112,0,133,0,132,0
4980.401991,104,0,112,0,133,0,132,0
4980.404150,104,0,112,0,133,0,132,0
4980.405916,104,0,112,0,133,0,132,0
4980.408076,104,0,112,0,133,0,132,0
4980.409979,104,0,112,0,133,0,132,0
4980.411978,104,0,112,0,133,0,132,0
4980.414188,104,0,112,0,133,0,132,0
4980.416209,104,0,112,0,133,0,132,0
4980.418242,104,0,112,0,133,0,132,0
4980.420165,104,0,112,0,133,0,132,0
4980.422169,104,0,112,0,133,0,132,0
4980.423862,104,0,112,0,133,0,132,0
4980.426104,104,0,112,0,133,0,132,0
4980.428103,104,0,112,0,133,0,132,0
4980.430101,104,0,112,0,133,0,132,0
4980.432091,104,0,112,0,133,0,132,0
4980.434204,104,0,112,0,133,0,132,0
4980.435993,104,0,112,0,133,0,132,0
4980.438090,104,0,112,0,133,0,132,0
4980.440167,104,0,112,0,133,0,132,0
4980.442065,104,0,112,0,133,0,132,0
4980.444118,104,0,112,0,133,0,132,0
4980.446179,104,0,112,0,133,0,132,0
4980.448221,104,0,112,0,133,0,132,0
4980.450187,104,0,112,0,133,0,132,0
4980.451997,104,0,112,0,133,0,132,0
4980.454024,104,0,112,0,133,0,132,0
4980.456204,104,0,112,0,133,0,132,0
4980.458115,104,0,112,0,133,0,132,0
4980.460186,104,0,112,0,133,0,132,0
4980.462171,104,0,112,0,133,0,132,0
4980.464173,104,0,112,0,133,0,132,0
4980.466188,104,0,112,0,133,0,132,0
4980.468231,104,0,112,0,133,0,132,0
4980.470224,104,0,112,0,133,0,132,0
4980.472194,104,0,112,0,133,0,132,0
4980.474206,104,0,112,0,133,0,132,0
4980.475986,104,0,112,0,133,0,132,0
4980.478225,104,0,112,0,133,0,132,0
4980.480177,104,0,112,0,133,0,132,0
4980.482168,104,0,112,0,133,0,132,0
4980.484186,104,0,112,0,133,0,132,0
4980.486183,104,0,112,0,133,0,132,0
4980.488249,104,0,112,0,133,0,132,0
4980.490187,104,0,112,0,133,0,132,0
4980.492165,104,0,112,0,133,0,132,0
4980.493911,104,0,112,0,133,0,132,0
4980.496081,104,0,112,0,133,0,132,0
4980.498206,104,0,112,0,133,0,132,0
4980.500168,104,0,112,0,133,0,132,0
4980.502194,104,0,112,0,133,0,132,0
4980.504229,104,0,112,0,133,0,132,0
4980.506189,104,0,112,0,133,0,132,0
4980.508255,104,0,112,0,133,0,132,0
4980.509972,104,0,112,0,133,0,132,0
4980.512188,104,0,112,0,133,0,132,0
4980.514164,104,0,112,0,133,0,132,0
4980.516030,104,0,112,0,133,0,132,0
4980.518172,104,0,112,0,133,0,132,0
4980.520028,104,0,112,0,133,0,132,0
4980.522067,104,0,112,0,133,0,132,0
4980.524154,104,0,112,0,133,0,132,0
4980.526171,104,0,112,0,133,0,132,0
4980.527984,104,0,112,0,133,0,132,0
4980.530117,104,0,112,0,133,0,132,0
4980.532169,104,0,112,0,133,0,132,0
4980.534197,104,0,112,0,133,0,132,0
4980.536180,104,0,112,0,133,0,132,0
4980.538186,104,0,112,0,133,0,132,0
4980.540144,104,0,112,0,133,0,132,0
4980.542149,104,0,112,0,133,0,132,0
4980.544114,104,0,112,0,133,0,132,0
4980.545972,104,0,112,0,133,0,132,0
4980.547976,104,0,112,0,133,0,132,0
4980.550176,104,0,112,0,133,0,132,0
4980.552184,104,0,112,0,133,0,132,0
4980.554179,104,0,112,0,133,0,132,0
4980.556163,104,0,112,0,133,0,132,0
4980.557999,104,0,112,0,133,0,132,0
4980.560177,104,0,112,0,133,0,132,0
4980.562192,104,0,112,0,133,0,132,0
4980.564179,104,0,112,0,133,0,132,0
4980.565981,104,0,112,0,133,0,132,0
4980.568234,104,0,112,0,133,0,132,0
4980.570071,104,0,112,0,133,0,132,0
4980.572221,104,0,112,0,133,0,132,0
4980.574207,104,0,112,0,133,0,132,0
4980.575831,104,0,112,0,133,0,132,0
4980.578206,104,0,112,0,133,0,132,0
4980.580205,104,0,112,0,133,0,132,0
4980.582245,104,0,112,0,133,0,132,0
4980.583946,104,0,112,0,133,0,132,0
4980.586086,104,0,112,0,133,0,132,0
4980.588108,104,0,112,0,133,0,132,0
4980.590090,104,0,112,0,133,0,132,0
4980.592087,104,0,112,0,133,0,132,0
4980.594161,104,0,112,0,133,0,132,0
4980.596208,104,0,112,0,133,0,132,0
4980.598205,104,0,112,0,133,0,132,0
4980.600189,104,0,112,0,133,0,132,0
4980.601972,104,0,112,0,133,0,132,0
4980.604167,104,0,112,0,133,0,132,0
4980.606192,104,0,112,0,133,0,132,0
4980.608201,104,0,112,0,133,0,132,0
4980.610175,104,0,112,0,133,0,132,0
4980.612209,104,0,112,0,133,0,132,0
4980.614197,104,0,112,0,133,0,132,0
4980.616254,104,0,112,0,133,0,132,0
4980.618167,104,0,112,0,133,0,132,0
4980.619979,104,0,112,0,133,0,132,0
4980.622175,104,0,112,0,133,0,132,0
4980.624176,104,0,112,0,133,0,132,0
4980.626223,104,0,112,0,133,0,132,0
4980.628090,104,0,112,0,133,0,132,0
4980.630220,104,0,112,0,133,0,132,0
4980.632209,104,0,112,0,133,0,132,0
4980.634209,104,0,112,0,133,0,132,0
4980.636241,104,0,112,0,133,0,132,0
4980.637971,104,0,112,0,133,0,132,0
4980.640211,104,0,112,0,133,0,132,0
4980.642184,104,0,112,0,133,0,132,0
4980.644220,104,0,112,0,133,0,132,0
4980.646191,104,0,112,0,133,0,132,0
4980.648203,104,0,112,0,133,0,132,0
4980.650107,104,0,112,0,133,0,132,0
4980.652208,104,0,112,0,133,0,132,0
4980.653983,104,0,112,0,133,0,132,0
4980.656256,104,0,112,0,133,0,132,0
4980.658253,104,0,112,0,133,0,132,0
4980.660211,104,0,112,0,133,0,132,0
4980.662231,104,0,112,0,133,0,132,0
4980.664209,104,0,112,0,133,0,132,0
4980.666211,104,0,112,0,133,0,132,0
4980.668192,104,0,112,0,133,0,132,0
4980.669981,104,0,112,0,133,0,132,0
4980.672186,104,0,112,0,133,0,132,0
4980.673853,104,0,112,0,133,0,132,0
4980.676091,104,0,112,0,133,0,132,0
4980.678092,104,0,112,0,133,0,132,0
4980.680098,104,0,112,0,133,0,132,0
4980.682087,104,0,112,0,133,0,132,0
4980.684061,104,0,112,0,133,0,132,0
4980.686094,104,0,112,0,133,0,132,0
4980.688109,104,0,112,0,133,0,132,0
4980.689999,104,0,112,0,133,0,132,0
4980.691993,104,0,112,0,133,0,132,0
4980.693980,104,0,112,0,133,0,132,0
4980.695958,104,0,112,0,133,0,132,0
4980.698069,104,0,112,0,133,0,132,0
4980.699958,104,0,112,0,133,0,132,0
4980.702188,104,0,112,0,133,0,132,0
4980.704181,104,0,112,0,133,0,132,0
4980.705986,104,0,112,0,133,0,132,0
4980.708071,104,0,112,0,133,0,132,0
4980.710041,104,0,112,0,133,0,132,0
4980.712173,104,0,112,0,133,0,132,0
4980.714209,104,0,112,0,133,0,132,0
4980.716247,104,0,112,0,133,0,132,0
4980.717994,104,0,112,0,133,0,132,0
4980.720117,104,0,112,0,133,0,132,0
4980.722170,104,0,112,0,133,0,132,0
4980.724182,104,0,112,0,133,0,132,0
4980.726185,104,0,112,0,133,0,132,0
4980.728209,104,0,112,0,133,0,132,0
4980.730094,104,0,112,0,133,0,132,0
4980.732224,104,0,112,0,133,0,132,0
4980.734234,104,0,112,0,133,0,132,0
4980.735978,104,0,112,0,133,0,132,0
4980.738203,104,0,112,0,133,0,132,0
4980.740174,104,0,112,0,133,0,132,0
4980.742167,104,0,112,0,133,0,132,0
4980.744157,104,0,112,0,133,0,132,0
4980.746171,104,0,112,0,133,0,132,0
4980.748199,104,0,112,0,133,0,132,0
4980.750182,104,0,112,0,133,0,132,0
4980.752159,104,0,112,0,133,0,132,0
4980.754231,104,0,112,0,133,0,132,0
4980.756248,104,0,112,0,133,0,132,0
4980.758276,104,0,112,0,133,0,132,0
4980.760253,104,0,112,0,133,0,132,0
4980.761946,104,0,112,0,133,0,132,0
4980.763998,104,0,112,0,133,0,132,0
4980.766107,104,0,112,0,133,0,132,0
4980.768170,104,0,112,0,133,0,132,0
4980.769985,104,0,112,0,133,0,132,0
4980.771948,104,0,112,0,133,0,132,0
4980.774212,104,0,112,0,133,0,132,0
4980.776275,104,0,112,0,133,0,132,0
4980.778082,104,0,112,0,133,0,132,0
4980.779946,104,0,112,0,133,0,132,0
4980.782238,104,0,112,0,133,0,132,0
4980.783973,104,0,112,0,133,0,132,0
4980.785975,104,0,112,0,133,0,132,0
4980.787988,104,0,112,0,133,0,132,0
4980.789971,104,0,112,0,133,0,132,0
4980.792113,104,0,112,0,133,0,132,0
4980.794068,104,0,112,0,133,0,132,0
4980.796062,104,0,112,0,133,0,132,0
4980.798065,104,0,112,0,133,0,132,0
4980.800055,104,0,112,0,133,0,132,0
4980.802084,104,0,112,0,133,0,132,0
4980.803944,104,0,112,0,133,0,132,0
4980.806056,104,0,112,0,133,0,132,0
4980.808089,104,0,112,0,133,0,132,0
4980.809973,104,0,112,0,133,0,132,0
4980.811989,104,0,112,0,133,0,132,0
4980.814004,104,0,112,0,133,0,132,0
4980.815967,104,0,112,0,133,0,132,0
4980.818010,104,0,112,0,133,0,132,0
4980.820094,104,0,112,0,133,0,132,0
4980.821976,104,0,112,0,133,0,132,0
4980.824082,104,0,112,0,133,0,132,0
4980.826098,104,0,112,0,133,0,132,0
4980.828124,104,0,112,0,133,0,132,0
4980.830003,104,0,112,0,133,0,132,0
4980.832022,104,0,112,0,133,0,132,0
4980.834059,104,0,112,0,133,0,132,0
4980.836018,104,0,112,0,133,0,132,0
4980.837997,104,0,112,0,133,0,132,0
4980.839917,104,0,112,0,133,0,132,0
4980.842074,104,0,112,0,133,0,132,0
4980.844066,104,0,112,0,133,0,132,0
4980.845977,104,0,112,0,133,0,132,0
4980.848044,104,0,112,0,133,0,132,0
4980.850010,104,0,112,0,133,0,132,0
4980.852011,104,0,112,0,133,0,132,0
4980.854005,104,0,112,0,133,0,132,0
4980.856044,104,0,112,0,133,0,132,0
4980.857945,104,0,112,0,133,0,132,0
4980.860013,104,0,112,0,133,0,132,0
4980.862009,104,0,112,0,133,0,132,0
4980.864001,104,0,112,0,133,0,132,0
4980.866037,104,0,112,0,133,0,132,0
4980.868073,104,0,112,0,133,0,132,0
4980.870058,104,0,112,0,133,0,132,0
4980.872043,104,0,112,0,133,0,132,0
4980.874037,104,0,112,0,133,0,132,0
4980.876016,104,0,112,0,133,0,132,0
4980.878036,104,0,112,0,133,0,132,0
4980.880012,104,0,112,0,133,0,132,0
4980.882011,104,0,112,0,133,0,132,0
4980.884023,104,0,112,0,133,0,132,0
4980.885911,104,0,112,0,133,0,132,0
4980.887942,104,0,112,0,133,0,132,0
4980.890023,104,0,112,0,133,0,132,0
4980.892002,104,0,112,0,133,0,132,0
4980.894021,104,0,112,0,133,0,132,0
4980.896029,104,0,112,0,133,0,132,0
4980.898073,104,0,112,0,133,0,132,0
4980.900019,104,0,112,0,133,0,132,0
4980.902040,104,0,112,0,133,0,132,0
4980.904028,104,0,112,0,133,0,132,0
4980.905969,104,0,112,0,133,0,132,0
4980.907964,104,0,112,0,133,0,132,0
4980.910071,104,0,112,0,133,0,132,0
4980.912085,104,0,112,0,133,0,132,0
4980.914051,104,0,112,0,133,0,132,0
4980.916055,104,0,112,0,133,0,132,0
4980.918049,104,0,112,0,133,0,132,0
4980.920021,104,0,112,0,133,0,132,0
4980.922017,104,0,112,0,133,0,132,0
4980.923910,104,0,112,0,133,0,132,0
4980.926050,104,0,112,0,133,0,132,0
4980.928056,104,0,112,0,133,0,132,0
4980.930035,104,0,112,0,133,0,132,0
4980.932018,104,0,112,0,133,0,132,0
4980.934078,104,0,112,0,133,0,132,0
4980.936084,104,0,112,0,133,0,132,0
4980.938087,104,0,112,0,133,0,132,0
4980.940073,104,0,112,0,133,0,132,0
4980.942111,104,0,112,0,133,0,132,0
4980.944088,104,0,112,0,133,0,132,0
4980.946056,104,0,112,0,133,0,132,0
4980.948005,104,0,112,0,133,0,132,0
4980.950041,104,0,112,0,133,0,132,0
4980.951919,104,0,112,0,133,0,132,0
4980.954040,104,0,112,0,133,0,132,0
4980.956072,104,0,112,0,133,0,132,0
4980.958091,104,0,112,0,133,0,132,0
4980.960090,104,0,112,0,133,0,132,0
4980.961978,104,0,112,0,133,0,132,0
4980.964036,104,0,112,0,133,0,132,0
4980.965938,104,0,112,0,133,0,132,0
4980.967942,104,0,112,0,133,0,132,0
4980.969938,104,0,112,0,133,0,132,0
4980.971986,104,0,112,0,133,0,132,0
4980.974260,104,0,112,0,133,0,132,0
4980.976016,104,0,112,0,133,0,132,0
4980.978096,104,0,112,0,133,0,132,0
4980.980049,104,0,112,0,133,0,132,0
4980.982035,104,0,112,0,133,0,132,0
4980.984049,104,0,112,0,133,0,132,0
4980.986028,104,0,112,0,133,0,132,0
4980.987936,104,0,112,0,133,0,132,0
4980.989967,104,0,112,0,133,0,132,0
4980.992025,104,0,112,0,133,0,132,0
4980.994000,104,0,112,0,133,0,132,0
4980.995986,104,0,112,0,133,0,132,0
4980.998091,104,0,112,0,133,0,132,0
4981.000067,104,0,112,0,133,0,132,0
4981.002060,104,0,112,0,133,0,132,0
4981.004101,104,0,112,0,133,0,132,0
4981.006077,104,0,112,0,133,0,132,0
4981.007992,104,0,112,0,133,0,132,0
4981.009957,104,0,112,0,133,0,132,0
4981.011940,104,0,112,0,133,0,132,0
4981.014115,104,0,112,0,133,0,132,0
4981.016037,104,0,112,0,133,0,132,0
4981.018066,104,0,112,0,133,0,132,0
4981.020010,104,0,112,0,133,0,132,0
4981.022002,104,0,112,0,133,0,132,0
4981.024018,104,0,112,0,133,0,132,0
4981.026087,104,0,112,0,133,0,132,0
4981.028049,104,0,112,0,133,0,132,0
4981.029928,104,0,112,0,133,0,132,0
4981.032023,104,0,112,0,133,0,132,0
4981.034012,104,0,112,0,133,0,132,0
4981.036055,104,0,112,0,133,0,132,0
4981.038056,104,0,112,0,133,0,132,0
4981.040057,104,0,112,0,133,0,132,0
4981.042055,104,0,112,0,133,0,132,0
4981.044087,104,0,112,0,133,0,132,0
4981.046051,104,0,112,0,133,0,132,0
4981.047989,104,0,112,0,133,0,132,0
4981.050004,104,0,112,0,133,0,132,0
4981.051985,104,0,112,0,133,0,132,0
4981.053990,104,0,112,0,133,0,132,0
4981.056004,104,0,112,0,133,0,132,0
4981.058011,104,0,112,0,133,0,132,0
4981.060057,104,0,112,0,133,0,132,0
4981.062094,104,0,112,0,133,0,132,0
4981.064039,104,0,112,0,133,0,132,0
4981.066050,104,0,112,0,133,0,132,0
4981.068103,104,0,112,0,133,0,132,0
4981.069969,104,0,112,0,133,0,132,0
4981.071979,104,0,112,0,133,0,132,0
4981.073969,104,0,112,0,133,0,132,0
4981.075907,104,0,112,0,133,0,132,0
4981.078040,104,0,112,0,133,0,132,0
4981.080084,104,0,112,0,133,0,132,0
4981.082067,104,0,112,0,133,0,132,0
4981.084026,104,0,112,0,133,0,132,0
4981.085990,104,0,112,0,133,0,132,0
4981.088023,104,0,112,0,133,0,132,0
4981.089985,104,0,112,0,133,0,132,0
4981.091980,104,0,112,0,133,0,132,0
4981.093984,104,0,112,0,133,0,132,0
4981.095984,104,0,112,0,133,0,132,0
4981.098096,104,0,112,0,133,0,132,0
4981.100049,104,0,112,0,133,0,132,0
4981.102069,104,0,112,0,133,0,132,0
4981.104052,104,0,112,0,133,0,132,0
4981.106027,104,0,112,0,133,0,132,0
4981.108040,104,0,112,0,133,0,132,0
4981.110149,104,0,112,0,133,0,132,0
4981.112055,104,0,112,0,133,0,132,0
4981.113946,104,0,112,0,133,0,132,0
4981.116090,104,0,112,0,133,0,132,0
4981.118084,104,0,112,0,133,0,132,0
4981.120069,104,0,112,0,133,0,132,0
4981.122054,104,0,112,0,133,0,132,0
4981.124197,104,0,112,0,133,0,132,0
4981.126056,104,0,112,0,133,0,132,0
4981.127988,104,0,112,0,133,0,132,0
4981.130092,104,0,112,0,133,0,132,0
4981.131965,104,0,112,0,133,0,132,0
4981.134057,104,0,112,0,133,0,132,0
4981.136061,104,0,112,0,133,0,132,0
4981.138089,104,0,112,0,133,0,132,0
4981.140176,104,0,112,0,133,0,132,0
4981.142134,104,0,112,0,133,0,132,0
4981.144216,104,0,112,0,133,0,132,0
4981.146192,104,0,112,0,133,0,132,0
4981.148016,104,0,112,0,133,0,132,0
4981.149948,104,0,112,0,133,0,132,0
4981.152022,104,0,112,0,133,0,132,0
4981.154119,104,0,112,0,133,0,132,0
4981.156009,104,0,112,0,133,0,132,0
4981.158012,104,0,112,0,133,0,132,0
4981.160075,104,0,112,0,133,0,132,0
4981.162022,104,0,112,0,133,0,132,0
4981.164015,104,0,112,0,133,0,132,0
4981.166002,104,0,112,0,133,0,132,0
4981.167966,104,0,112,0,133,0,132,0
4981.170059,104,0,112,0,133,0,132,0
4981.172018,104,0,112,0,133,0,132,0
4981.173966,104,0,112,0,133,0,132,0
4981.176070,104,0,112,0,133,0,132,0
4981.177947,104,0,112,0,133,0,132,0
4981.180108,104,0,112,0,133,0,132,0
4981.182016,104,0,112,0,133,0,132,0
4981.184005,104,0,112,0,133,0,132,0
4981.186032,104,0,112,0,133,0,132,0
4981.187983,104,0,112,0,133,0,132,0
4981.190034,104,0,112,0,133,0,132,0
4981.192053,104,0,112,0,133,0,132,0
4981.194177,104,0,112,0,133,0,132,0
4981.196083,104,0,112,0,133,0,132,0
4981.198118,104,0,112,0,133,0,132,0
4981.200090,104,0,112,0,133,0,132,0
4981.202119,104,0,112,0,133,0,132,0
4981.204108,104,0,112,0,133,0,132,0
4981.206100,104,0,112,0,133,0,132,0
4981.208151,104,0,112,0,133,0,132,0
4981.210073,104,0,112,0,133,0,132,0
4981.211990,104,0,112,0,133,0,132,0
4981.214056,104,0,112,0,133,0,132,0
4981.216097,104,0,112,0,133,0,132,0
4981.218113,104,0,112,0,133,0,132,0
4981.220046,104,0,112,0,133,0,132,0
4981.222221,104,0,112,0,133,0,132,0
4981.224454,104,0,112,0,133,0,132,0
4981.226221,104,0,112,0,133,0,132,0
4981.228223,104,0,112,0,133,0,132,0
4981.230248,104,0,112,0,133,0,132,0
4981.232045,104,0,112,0,133,0,132,0
4981.234071,104,0,112,0,133,0,132,0
4981.236086,104,0,112,0,133,0,132,0
4981.238118,104,0,112,0,133,0,132,0
4981.240137,104,0,112,0,133,0,132,0
4981.242166,104,0,112,0,133,0,132,0
4981.244018,104,0,112,0,133,0,132,0
4981.246108,104,0,112,0,133,0,132,0
4981.248129,104,0,112,0,133,0,132,0
4981.250084,104,0,112,0,133,0,132,0
4981.252388,104,0,112,0,133,0,132,0
4981.254150,104,0,112,0,133,0,132,0
4981.256151,104,0,112,0,133,0,132,0
4981.258188,104,0,112,0,133,0,132,0
4981.260129,104,0,112,0,133,0,132,0
4981.262132,104,0,112,0,133,0,132,0
4981.264162,104,0,112,0,133,0,132,0
4981.266154,104,0,112,0,133,0,132,0
4981.268174,104,0,112,0,133,0,132,0
4981.270144,104,0,112,0,133,0,132,0
4981.272010,104,0,112,0,133,0,132,0
4981.274056,104,0,112,0,133,0,132,0
4981.276111,104,0,112,0,133,0,132,0
4981.278129,104,0,112,0,133,0,132,0
4981.280114,104,0,112,0,133,0,132,0
4981.282124,104,0,112,0,133,0,132,0
4981.284134,104,0,112,0,133,0,132,0
4981.286136,104,0,112,0,133,0,132,0
4981.288185,104,0,112,0,133,0,132,0
4981.290157,104,0,112,0,133,0,132,0
4981.292011,104,0,112,0,133,0,132,0
4981.293979,104,0,112,0,133,0,132,0
4981.296024,104,0,112,0,133,0,132,0
4981.298017,104,0,112,0,133,0,132,0
4981.300126,104,0,112,0,133,0,132,0
4981.302005,104,0,112,0,133,0,132,0
4981.304017,104,0,112,0,133,0,132,0
4981.305991,104,0,112,0,133,0,132,0
4981.308025,104,0,112,0,133,0,132,0
4981.310141,104,0,112,0,133,0,132,0
4981.312001,104,0,112,0,133,0,132,0
4981.314005,104,0,112,0,133,0,132,0
4981.316039,104,0,112,0,133,0,132,0
4981.318023,104,0,112,0,133,0,132,0
4981.320144,104,0,112,0,133,0,132,0
4981.322032,104,0,112,0,133,0,132,0
4981.324245,104,0,112,0,133,0,132,0
4981.326178,104,0,112,0,133,0,132,0
4981.328197,104,0,112,0,133,0,132,0
4981.330034,104,0,112,0,133,0,132,0
4981.332133,104,0,112,0,133,0,132,0
4981.334061,104,0,112,0,133,0,132,0
4981.336088,104,0,112,0,133,0,132,0
4981.338124,104,0,112,0,133,0,132,0
4981.340092,104,0,112,0,133,0,132,0
4981.342094,104,0,112,0,133,0,132,0
4981.343999,104,0,112,0,133,0,132,0
4981.345986,104,0,112,0,133,0,132,0
4981.347996,104,0,112,0,133,0,132,0
4981.349988,104,0,112,0,133,0,132,0
4981.352062,104,0,112,0,133,0,132,0
4981.354110,104,0,112,0,133,0,132,0
4981.356215,104,0,112,0,133,0,132,0
4981.358247,104,0,112,0,133,0,132,0
4981.360160,104,0,112,0,133,0,132,0
4981.362162,104,0,112,0,133,0,132,0
4981.363938,104,0,112,0,133,0,132,0
4981.366076,104,0,112,0,133,0,132,0
4981.368184,104,0,112,0,133,0,132,0
4981.370125,104,0,112,0,133,0,132,0
4981.372021,104,0,112,0,133,0,132,0
4981.374305,104,0,112,0,133,0,132,0
4981.375965,104,0,112,0,133,0,132,0
4981.378160,104,0,112,0,133,0,132,0
4981.380124,104,0,112,0,133,0,132,0
4981.382155,104,0,112,0,133,0,132,0
4981.383943,104,0,112,0,133,0,132,0
4981.386152,104,0,112,0,133,0,132,0
4981.388118,104,0,112,0,133,0,132,0
4981.390174,104,0,112,0,133,0,132,0
4981.392168,104,0,112,0,133,0,132,0
4981.394147,104,0,112,0,133,0,132,0
4981.396132,104,0,112,0,133,0,132,0
4981.398132,104,0,112,0,133,0,132,0
4981.400103,104,0,112,0,133,0,132,0
4981.401867,104,0,112,0,133,0,132,0
4981.404174,104,0,112,0,133,0,132,0
4981.406156,104,0,112,0,133,0,132,0
4981.408142,104,0,112,0,133,0,132,0
4981.410143,104,0,112,0,133,0,132,0
4981.412136,104,0,112,0,133,0,132,0
4981.413946,104,0,112,0,133,0,132,0
4981.416151,104,0,112,0,133,0,132,0
4981.418165,104,0,112,0,133,0,132,0
4981.420124,104,0,112,0,133,0,132,0
4981.422145,104,0,112,0,133,0,132,0
4981.424250,104,0,112,0,133,0,132,0
4981.426128,104,0,112,0,133,0,132,0
4981.428145,104,0,112,0,133,0,132,0
4981.430131,104,0,112,0,133,0,132,0
4981.432010,104,0,112,0,133,0,132,0
4981.434174,104,0,112,0,133,0,132,0
4981.436181,104,0,112,0,133,0,132,0
4981.438218,104,0,112,0,133,0,132,0
4981.440172,104,0,112,0,133,0,132,0
4981.442185,104,0,112,0,133,0,132,0
4981.444058,104,0,112,0,133,0,132,0
4981.446100,104,0,112,0,133,0,132,0
4981.448125,104,0,112,0,133,0,132,0
4981.450106,104,0,112,0,133,0,132,0
4981.451979,104,0,112,0,133,0,132,0
4981.454283,104,0,112,0,133,0,132,0
4981.456150,104,0,112,0,133,0,132,0
4981.458160,104,0,112,0,133,0,132,0
4981.460150,104,0,112,0,133,0,132,0
4981.462144,104,0,112,0,133,0,132,0
4981.464157,104,0,112,0,133,0,132,0
4981.466059,104,0,112,0,133,0,132,0
4981.468226,104,0,112,0,133,0,132,0
4981.470166,104,0,112,0,133,0,132,0
4981.472152,104,0,112,0,133,0,132,0
4981.474149,104,0,112,0,133,0,132,0
4981.476087,104,0,112,0,133,0,132,0
4981.478085,104,0,112,0,133,0,132,0
4981.480001,104,0,112,0,133,0,132,0
4981.482009,104,0,112,0,133,0,132,0
4981.484012,104,0,112,0,133,0,132,0
4981.486088,104,0,112,0,133,0,132,0
4981.488115,104,0,112,0,133,0,132,0
4981.489971,104,0,112,0,133,0,132,0
4981.492043,104,0,112,0,133,0,132,0
4981.494038,104,0,112,0,133,0,132,0
4981.496093,104,0,112,0,133,0,132,0
4981.498171,104,0,112,0,133,0,132,0
4981.500007,104,0,112,0,133,0,132,0
4981.502088,104,0,112,0,133,0,132,0
4981.504093,104,0,112,0,133,0,132,0
4981.506088,104,0,112,0,133,0,132,0
4981.508093,104,0,112,0,133,0,132,0
4981.510019,104,0,112,0,133,0,132,0
4981.512079,104,0,112,0,133,0,132,0
4981.514086,104,0,112,0,133,0,132,0
4981.516027,104,0,112,0,133,0,132,0
4981.517924,104,0,112,0,133,0,132,0
4981.520006,104,0,112,0,133,0,132,0
4981.522038,104,0,112,0,133,0,132,0
4981.524040,104,0,112,0,133,0,132,0
4981.526085,104,0,112,0,133,0,132,0
4981.528191,104,0,112,0,133,0,132,0
4981.530127,104,0,112,0,133,0,132,0
4981.532130,104,0,112,0,133,0,132,0
4981.534139,104,0,112,0,133,0,132,0
4981.536086,104,0,112,0,133,0,132,0
4981.537982,104,0,112,0,133,0,132,0
4981.540108,104,0,112,0,133,0,132,0
4981.542041,104,0,112,0,133,0,132,0
4981.544115,104,0,112,0,133,0,132,0
4981.546098,104,0,112,0,133,0,132,0
4981.548131,104,0,112,0,133,0,132,0
4981.550102,104,0,112,0,133,0,132,0
4981.552082,104,0,112,0,133,0,132,0
4981.554073,104,0,112,0,133,0,132,0
4981.555940,104,0,112,0,133,0,132,0
4981.558113,104,0,112,0,133,0,132,0
4981.560040,104,0,112,0,133,0,132,0
4981.562025,104,0,112,0,133,0,132,0
4981.564038,104,0,112,0,133,0,132,0
4981.566148,104,0,112,0,133,0,132,0
4981.568115,104,0,112,0,133,0,132,0
4981.570093,104,0,112,0,133,0,132,0
4981.572088,104,0,112,0,133,0,132,0
4981.574131,104,0,112,0,133,0,132,0
4981.575994,104,0,112,0,133,0,132,0
4981.578104,104,0,112,0,133,0,132,0
4981.580044,104,0,112,0,133,0,132,0
4981.582016,104,0,112,0,133,0,132,0
4981.583999,104,0,112,0,133,0,132,0
4981.586066,104,0,112,0,133,0,132,0
4981.588164,104,0,112,0,133,0,132,0
4981.590090,104,0,112,0,133,0,132,0
4981.592037,104,0,112,0,133,0,132,0
4981.593996,104,0,112,0,133,0,132,0
4981.596098,104,0,112,0,133,0,132,0
4981.598043,104,0,112,0,133,0,132,0
4981.599918,104,0,112,0,133,0,132,0
4981.602057,104,0,112,0,133,0,132,0
4981.604024,104,0,112,0,133,0,132,0
4981.606034,104,0,112,0,133,0,132,0
4981.608038,104,0,112,0,133,0,132,0
4981.610090,104,0,112,0,133,0,132,0
4981.612108,104,0,112,0,133,0,132,0
4981.614095,104,0,112,0,133,0,132,0
4981.616117,104,0,112,0,133,0,132,0
4981.618107,104,0,112,0,133,0,132,0
4981.620159,104,0,112,0,133,0,132,0
4981.622097,104,0,112,0,133,0,132,0
4981.624036,104,0,112,0,133,0,132,0
4981.626028,104,0,112,0,133,0,132,0
4981.628139,104,0,112,0,133,0,132,0
4981.630085,104,0,112,0,133,0,132,0
4981.632089,104,0,112,0,133,0,132,0
4981.634115,104,0,112,0,133,0,132,0
4981.636104,104,0,112,0,133,0,132,0
4981.638104,104,0,112,0,133,0,132,0
4981.640090,104,0,112,0,133,0,132,0
4981.642009,104,0,112,0,133,0,132,0
4981.644086,104,0,112,0,133,0,132,0
4981.646071,104,0,112,0,133,0,132,0
4981.648064,104,0,112,0,133,0,132,0
4981.650019,104,0,112,0,133,0,132,0
4981.652058,104,0,112,0,133,0,132,0
4981.654016,104,0,112,0,133,0,132,0
4981.656064,104,0,112,0,133,0,132,0
4981.657972,104,0,112,0,133,0,132,0
4981.660092,104,0,112,0,133,0,132,0
4981.662082,104,0,112,0,133,0,132,0
4981.664097,104,0,112,0,133,0,132,0
4981.666081,104,0,112,0,133,0,132,0
4981.668055,104,0,112,0,133,0,132,0
4981.670036,104,0,112,0,133,0,132,0
4981.672083,104,0,112,0,133,0,132,0
4981.673857,104,0,112,0,133,0,132,0
4981.675861,104,0,112,0,133,0,132,0
4981.678017,104,0,112,0,133,0,132,0
4981.680060,104,0,112,0,133,0,132,0
4981.682084,104,0,112,0,133,0,132,0
4981.684097,104,0,112,0,133,0,132,0
4981.686079,104,0,112,0,133,0,132,0
4981.688097,104,0,112,0,133,0,132,0
4981.690103,104,0,112,0,133,0,132,0
4981.692013,104,0,112,0,133,0,132,0
4981.694026,104,0,112,0,133,0,132,0
4981.696032,104,0,112,0,133,0,132,0
4981.698092,104,0,112,0,133,0,132,0
4981.700096,104,0,112,0,133,0,132,0
4981.702195,104,0,112,0,133,0,132,0
4981.704114,104,0,112,0,133,0,132,0
4981.706121,104,0,112,0,133,0,132,0
4981.708119,104,0,112,0,133,0,132,0
4981.710081,104,0,112,0,133,0,132,0
4981.712080,104,0,112,0,133,0,132,0
4981.714093,104,0,112,0,133,0,132,0
4981.715972,104,0,112,0,133,0,132,0
4981.718083,104,0,112,0,133,0,132,0
4981.720028,104,0,112,0,133,0,132,0
4981.722041,104,0,112,0,133,0,132,0
4981.724033,104,0,112,0,133,0,132,0
4981.725962,104,0,112,0,133,0,132,0
4981.728031,104,0,112,0,133,0,132,0
4981.730102,104,0,112,0,133,0,132,0
4981.732120,104,0,112,0,133,0,132,0
4981.733966,104,0,112,0,133,0,132,0
4981.736139,104,0,112,0,133,0,132,0
4981.738201,104,0,112,0,133,0,132,0
4981.740043,104,0,112,0,133,0,132,0
4981.742043,104,0,112,0,133,0,132,0
4981.744051,104,0,112,0,133,0,132,0
4981.746122,104,0,112,0,133,0,132,0
4981.748119,104,0,112,0,133,0,132,0
4981.750127,104,0,112,0,133,0,132,0
4981.751965,104,0,112,0,133,0,132,0
4981.754127,104,0,112,0,133,0,132,0
4981.756070,104,0,112,0,133,0,132,0
4981.758135,104,0,112,0,133,0,132,0
4981.760125,104,0,112,0,133,0,132,0
4981.762074,104,0,112,0,133,0,132,0
4981.764108,104,0,112,0,133,0,132,0
4981.766109,104,0,112,0,133,0,132,0
4981.768174,104,0,112,0,133,0,132,0
4981.769967,104,0,112,0,133,0,132,0
4981.772089,104,0,112,0,133,0,132,0
4981.774071,104,0,112,0,133,0,132,0
4981.776020,104,0,112,0,133,0,132,0
4981.778128,104,0,112,0,133,0,132,0
4981.780198,104,0,112,0,133,0,132,0
4981.782100,104,0,112,0,133,0,132,0
4981.784154,104,0,112,0,133,0,132,0
4981.786140,104,0,112,0,133,0,132,0
4981.788142,104,0,112,0,133,0,132,0
4981.790087,104,0,112,0,133,0,132,0
4981.792039,104,0,112,0,133,0,132,0
4981.794082,104,0,112,0,133,0,132,0
4981.796071,104,0,112,0,133,0,132,0
4981.798088,104,0,112,0,133,0,132,0
4981.800126,104,0,112,0,133,0,132,0
4981.802150,104,0,112,0,133,0,132,0
4981.804112,104,0,112,0,133,0,132,0
4981.806107,104,0,112,0,133,0,132,0
4981.808130,104,0,112,0,133,0,132,0
4981.809961,104,0,112,0,133,0,132,0
4981.811988,104,0,112,0,133,0,132,0
4981.814082,104,0,112,0,133,0,132,0
4981.816077,104,0,112,0,133,0,132,0
4981.818108,104,0,112,0,133,0,132,0
4981.820089,104,0,112,0,133,0,132,0
4981.822120,104,0,112,0,133,0,132,0
4981.824104,104,0,112,0,133,0,132,0
4981.826016,104,0,112,0,133,0,132,0
4981.828146,104,0,112,0,133,0,132,0
4981.829971,104,0,112,0,133,0,132,0
4981.832126,104,0,112,0,133,0,132,0
4981.834120,104,0,112,0,133,0,132,0
4981.836086,104,0,112,0,133,0,132,0
4981.838150,104,0,112,0,133,0,132,0
4981.840080,104,0,112,0,133,0,132,0
4981.842041,104,0,112,0,133,0,132,0
4981.844047,104,0,112,0,133,0,132,0
4981.846063,104,0,112,0,133,0,132,0
4981.847957,104,0,112,0,133,0,132,0
4981.850085,104,0,112,0,133,0,132,0
4981.852113,104,0,112,0,133,0,132,0
4981.854120,104,0,112,0,133,0,132,0
4981.856101,104,0,112,0,133,0,132,0
4981.858147,104,0,112,0,133,0,132,0
4981.860091,104,0,112,0,133,0,132,0
4981.862067,104,0,112,0,133,0,132,0
4981.864028,104,0,112,0,133,0,132,0
4981.866144,104,0,112,0,133,0,132,0
4981.868119,104,0,112,0,133,0,132,0
4981.870123,104,0,112,0,133,0,132,0
4981.872155,104,0,112,0,133,0,132,0
4981.874118,104,0,112,0,133,0,132,0
4981.875982,104,0,112,0,133,0,132,0
4981.878040,104,0,112,0,133,0,132,0
4981.880010,104,0,112,0,133,0,132,0
4981.882128,104,0,112,0,133,0,132,0
4981.884108,104,0,112,0,133,0,132,0
4981.886098,104,0,112,0,133,0,132,0
4981.888151,104,0,112,0,133,0,132,0
4981.890068,104,0,112,0,133,0,132,0
4981.892056,104,0,112,0,133,0,132,0
4981.894118,104,0,112,0,133,0,132,0
4981.896114,104,0,112,0,133,0,132,0
4981.898114,104,0,112,0,133,0,132,0
4981.900122,104,0,112,0,133,0,132,0
4981.902090,104,0,112,0,133,0,132,0
4981.904120,104,0,112,0,133,0,132,0
4981.906095,104,0,112,0,133,0,132,0
4981.908089,104,0,112,0,133,0,132,0
4981.910104,104,0,112,0,133,0,132,0
4981.912082,104,0,112,0,133,0,132,0
4981.914079,104,0,112,0,133,0,132,0
4981.915961,104,0,112,0,133,0,132,0
4981.918133,104,0,112,0,133,0,132,0
4981.920113,104,0,112,0,133,0,132,0
4981.922069,104,0,112,0,133,0,132,0
4981.924081,104,0,112,0,133,0,132,0
4981.926002,104,0,112,0,133,0,132,0
4981.928123,104,0,112,0,133,0,132,0
4981.930112,104,0,112,0,133,0,132,0
4981.932055,104,0,112,0,133,0,132,0
4981.934071,104,0,112,0,133,0,132,0
4981.936058,104,0,112,0,133,0,132,0
4981.938100,104,0,112,0,133,0,132,0
4981.940096,104,0,112,0,133,0,132,0
4981.942051,104,0,112,0,133,0,132,0
4981.944087,104,0,112,0,133,0,132,0
4981.946123,104,0,112,0,133,0,132,0
4981.948149,104,0,112,0,133,0,132,0
4981.950108,104,0,112,0,133,0,132,0
4981.952098,104,0,112,0,133,0,132,0
4981.954073,104,0,112,0,133,0,132,0
4981.956072,104,0,112,0,133,0,132,0
4981.957960,104,0,112,0,133,0,132,0
4981.960069,104,0,112,0,133,0,132,0
4981.962162,104,0,112,0,133,0,132,0
4981.964119,104,0,112,0,133,0,132,0
4981.966087,104,0,112,0,133,0,132,0
4981.968162,104,0,112,0,133,0,132,0
4981.970102,104,0,112,0,133,0,132,0
4981.972114,104,0,112,0,133,0,132,0
4981.974115,104,0,112,0,133,0,132,0
4981.976026,104,0,112,0,133,0,132,0
4981.978144,104,0,112,0,133,0,132,0
4981.980129,104,0,112,0,133,0,132,0
4981.982086,104,0,112,0,133,0,132,0
4981.984145,104,0,112,0,133,0,132,0
4981.986123,104,0,112,0,133,0,132,0
4981.988161,104,0,112,0,133,0,132,0
4981.990094,104,0,112,0,133,0,132,0
4981.992140,104,0,112,0,133,0,132,0
4981.994165,104,0,112,0,133,0,132,0
4981.996119,104,0,112,0,133,0,132,0
4981.998084,104,0,112,0,133,0,132,0
4982.000118,104,0,112,0,133,0,132,0
4982.002069,104,0,112,0,133,0,132,0
4982.004057,104,0,112,0,133,0,132,0
4982.006089,104,0,112,0,133,0,132,0
4982.008085,104,0,112,0,133,0,132,0
4982.010064,104,0,112,0,133,0,132,0
4982.012092,104,0,112,0,133,0,132,0
4982.014086,104,0,112,0,133,0,132,0
4982.016136,104,0,112,0,133,0,132,0
4982.018219,104,0,112,0,133,0,132,0
4982.020113,104,0,112,0,133,0,132,0
4982.022156,104,0,112,0,133,0,132,0
4982.024033,104,0,112,0,133,0,132,0
4982.026125,104,0,112,0,133,0,132,0
4982.028112,104,0,112,0,133,0,132,0
4982.030103,104,0,112,0,133,0,132,0
4982.032090,104,0,112,0,133,0,132,0
4982.034054,104,0,112,0,133,0,132,0
4982.036204,104,0,112,0,133,0,132,0
4982.038181,104,0,112,0,133,0,132,0
4982.040085,104,0,112,0,133,0,132,0
4982.042029,104,0,112,0,133,0,132,0
4982.044169,104,0,112,0,133,0,132,0
4982.046116,104,0,112,0,133,0,132,0
4982.048098,104,0,112,0,133,0,132,0
4982.050066,104,0,112,0,133,0,132,0
4982.052119,104,0,112,0,133,0,132,0
4982.054066,104,0,112,0,133,0,132,0
4982.056126,104,0,112,0,133,0,132,0
4982.058166,104,0,112,0,133,0,132,0
4982.059963,104,0,112,0,133,0,132,0
4982.062129,104,0,112,0,133,0,132,0
4982.064111,104,0,112,0,133,0,132,0
4982.066126,104,0,112,0,133,0,132,0
4982.068251,104,0,112,0,133,0,132,0
4982.070158,104,0,112,0,133,0,132,0
4982.072121,104,0,112,0,133,0,132,0
4982.074221,104,0,112,0,133,0,132,0
4982.075982,104,0,112,0,133,0,132,0
4982.078140,104,0,112,0,133,0,132,0
4982.080126,104,0,112,0,133,0,132,0
4982.082111,104,0,112,0,133,0,132,0
4982.084141,104,0,112,0,133,0,132,0
4982.086090,104,0,112,0,133,0,132,0
4982.088125,104,0,112,0,133,0,132,0
4982.090070,104,0,112,0,133,0,132,0
4982.091964,104,0,112,0,133,0,132,0
4982.094107,104,0,112,0,133,0,132,0
4982.096114,104,0,112,0,133,0,132,0
4982.098180,104,0,112,0,133,0,132,0
4982.100148,104,0,112,0,133,0,132,0
4982.102132,104,0,112,0,133,0,132,0
4982.104130,104,0,112,0,133,0,132,0
4982.106110,104,0,112,0,133,0,132,0
4982.108157,104,0,112,0,133,0,132,0
4982.109972,104,0,112,0,133,0,132,0
4982.112102,104,0,112,0,133,0,132,0
4982.114113,104,0,112,0,133,0,132,0
4982.116103,104,0,112,0,133,0,132,0
4982.118121,104,0,112,0,133,0,132,0
4982.120125,104,0,112,0,133,0,132,0
4982.122134,104,0,112,0,133,0,132,0
4982.124196,104,0,112,0,133,0,132,0
4982.126057,104,0,112,0,133,0,132,0
4982.128061,104,0,112,0,133,0,132,0
4982.130141,104,0,112,0,133,0,132,0
4982.132119,104,0,112,0,133,0,132,0
4982.134088,104,0,112,0,133,0,132,0
4982.136045,104,0,112,0,133,0,132,0
4982.138131,104,0,112,0,133,0,132,0
4982.140101,104,0,112,0,133,0,132,0
4982.142027,104,0,112,0,133,0,132,0
4982.144066,104,0,112,0,133,0,132,0
4982.146039,104,0,112,0,133,0,132,0
4982.148157,104,0,112,0,133,0,132,0
4982.150082,104,0,112,0,133,0,132,0
4982.152168,104,0,112,0,133,0,132,0
4982.154152,104,0,112,0,133,0,132,0
4982.156115,104,0,112,0,133,0,132,0
4982.158150,104,0,112,0,133,0,132,0
4982.160106,104,0,112,0,133,0,132,0
4982.162134,104,0,112,0,133,0,132,0
4982.164025,104,0,112,0,133,0,132,0
4982.166166,104,0,112,0,133,0,132,0
4982.168194,104,0,112,0,133,0,132,0
4982.170164,104,0,112,0,133,0,132,0
4982.172159,104,0,112,0,133,0,132,0
4982.174060,104,0,112,0,133,0,132,0
4982.175920,104,0,112,0,133,0,132,0
4982.178092,104,0,112,0,133,0,132,0
4982.180095,104,0,112,0,133,0,132,0
4982.182094,104,0,112,0,133,0,132,0
4982.184093,104,0,112,0,133,0,132,0
4982.186069,104,0,112,0,133,0,132,0
4982.188104,104,0,112,0,133,0,132,0
4982.190131,104,0,112,0,133,0,132,0
4982.192034,104,0,112,0,133,0,132,0
4982.194072,104,0,112,0,133,0,132,0
4982.196336,104,0,112,0,133,0,132,0
4982.198201,104,0,112,0,133,0,132,0
4982.200193,104,0,112,0,133,0,132,0
4982.202183,104,0,112,0,133,0,132,0
4982.204171,104,0,112,0,133,0,132,0
4982.206144,104,0,112,0,133,0,132,0
4982.208156,104,0,112,0,133,0,132,0
4982.210115,104,0,112,0,133,0,132,0
4982.212104,104,0,112,0,133,0,132,0
4982.214172,104,0,112,0,133,0,132,0
4982.216120,104,0,112,0,133,0,132,0
4982.218134,104,0,112,0,133,0,132,0
4982.220111,104,0,112,0,133,0,132,0
4982.222111,104,0,112,0,133,0,132,0
4982.224173,104,0,112,0,133,0,132,0
4982.226174,104,0,112,0,133,0,132,0
4982.228190,104,0,112,0,133,0,132,0
4982.230156,104,0,112,0,133,0,132,0
4982.232033,104,0,112,0,133,0,132,0
4982.234147,104,0,112,0,133,0,132,0
4982.236152,104,0,112,0,133,0,132,0
4982.238165,104,0,112,0,133,0,132,0
4982.240148,104,0,112,0,133,0,132,0
4982.242127,104,0,112,0,133,0,132,0
4982.244136,104,0,112,0,133,0,132,0
4982.246095,104,0,112,0,133,0,132,0
4982.248084,104,0,112,0,133,0,132,0
4982.250034,104,0,112,0,133,0,132,0
4982.252138,104,0,112,0,133,0,132,0
4982.254111,104,0,112,0,133,0,132,0
4982.256160,104,0,112,0,133,0,132,0
4982.258184,104,0,112,0,133,0,132,0
4982.260147,104,0,112,0,133,0,132,0
4982.262174,104,0,112,0,133,0,132,0
4982.264168,104,0,112,0,133,0,132,0
4982.266116,104,0,112,0,133,0,132,0
4982.268035,104,0,112,0,133,0,132,0
4982.270189,104,0,112,0,133,0,132,0
4982.272119,104,0,112,0,133,0,132,0
4982.274107,104,0,112,0,133,0,132,0
4982.276028,104,0,112,0,133,0,132,0
4982.278105,104,0,112,0,133,0,132,0
4982.280068,104,0,112,0,133,0,132,0
4982.282075,104,0,112,0,133,0,132,0
4982.284107,104,0,112,0,133,0,132,0
4982.285974,104,0,112,0,133,0,132,0
4982.288127,104,0,112,0,133,0,132,0
4982.290072,104,0,112,0,133,0,132,0
4982.292032,104,0,112,0,133,0,132,0
4982.294051,104,0,112,0,133,0,132,0
4982.296144,104,0,112,0,133,0,132,0
4982.298174,104,0,112,0,133,0,132,0
4982.300097,104,0,112,0,133,0,132,0
4982.302140,104,0,112,0,133,0,132,0
4982.303962,104,0,112,0,133,0,132,0
4982.306151,104,0,112,0,133,0,132,0
4982.308122,104,0,112,0,133,0,132,0
4982.310129,104,0,112,0,133,0,132,0
4982.312142,104,0,112,0,133,0,132,0
4982.314129,104,0,112,0,133,0,132,0
4982.316158,104,0,112,0,133,0,132,0
4982.318126,104,0,112,0,133,0,132,0
4982.320123,104,0,112,0,133,0,132,0
4982.322085,104,0,112,0,133,0,132,0
4982.324235,104,0,112,0,133,0,132,0
4982.325824,104,0,112,0,133,0,132,0
4982.327835,104,0,112,0,133,0,132,0
4982.329862,104,0,112,0,133,0,132,0
4982.331828,104,0,112,0,133,0,132,0
4982.333874,104,0,112,0,133,0,132,0
4982.335875,104,0,112,0,133,0,132,0
4982.337934,104,0,112,0,133,0,132,0
4982.339884,104,0,112,0,133,0,132,0
4982.342053,104,0,112,0,133,0,132,0
4982.344107,104,0,112,0,133,0,132,0
4982.346086,104,0,112,0,133,0,132,0
4982.348197,104,0,112,0,133,0,132,0
4982.350111,104,0,112,0,133,0,132,0
4982.352100,104,0,112,0,133,0,132,0
4982.354114,104,0,112,0,133,0,132,0
4982.356036,104,0,112,0,133,0,132,0
4982.358114,104,0,112,0,133,0,132,0
4982.360079,104,0,112,0,133,0,132,0
4982.362062,104,0,112,0,133,0,132,0
4982.364058,104,0,112,0,133,0,132,0
4982.365916,104,0,112,0,133,0,132,0
4982.368221,104,0,112,0,133,0,132,0
4982.370103,104,0,112,0,133,0,132,0
4982.372135,104,0,112,0,133,0,132,0
4982.374045,104,0,112,0,133,0,132,0
4982.376041,104,0,112,0,133,0,132,0
4982.378106,104,0,112,0,133,0,132,0
4982.379944,104,0,112,0,133,0,132,0
4982.382116,104,0,112,0,133,0,132,0
4982.384115,104,0,112,0,133,0,132,0
4982.386109,104,0,112,0,133,0,132,0
4982.388179,104,0,112,0,133,0,132,0
4982.390053,104,0,112,0,133,0,132,0
4982.392016,104,0,112,0,133,0,132,0
4982.394119,104,0,112,0,133,0,132,0
4982.396136,104,0,112,0,133,0,132,0
4982.398152,104,0,112,0,133,0,132,0
4982.400129,104,0,112,0,133,0,132,0
4982.402133,104,0,112,0,133,0,132,0
4982.404142,104,0,112,0,133,0,132,0
4982.406129,104,0,112,0,133,0,132,0
4982.408122,104,0,112,0,133,0,132,0
4982.410175,104,0,112,0,133,0,132,0
4982.412170,104,0,112,0,133,0,132,0
4982.414222,104,0,112,0,133,0,132,0
4982.416102,104,0,112,0,133,0,132,0
4982.418091,104,0,112,0,133,0,132,0
4982.420154,104,0,112,0,133,0,132,0
4982.421963,104,0,112,0,133,0,132,0
4982.423836,104,0,112,0,133,0,132,0
4982.426048,104,0,112,0,133,0,132,0
4982.428134,104,0,112,0,133,0,132,0
4982.430161,104,0,112,0,133,0,132,0
4982.432165,104,0,112,0,133,0,132,0
4982.433995,104,0,112,0,133,0,132,0
4982.436194,104,0,112,0,133,0,132,0
4982.438183,104,0,112,0,133,0,132,0
4982.440185,104,0,112,0,133,0,132,0
4982.442035,104,0,112,0,133,0,132,0
4982.444210,104,0,112,0,133,0,132,0
4982.446151,104,0,112,0,133,0,132,0
4982.448227,104,0,112,0,133,0,132,0
4982.450129,104,0,112,0,133,0,132,0
4982.452132,104,0,112,0,133,0,132,0
4982.454107,104,0,112,0,133,0,132,0
4982.456128,104,0,112,0,133,0,132,0
4982.458156,104,0,112,0,133,0,132,0
4982.460152,104,0,112,0,133,0,132,0
4982.462162,104,0,112,0,133,0,132,0
4982.464148,104,0,112,0,133,0,132,0
4982.466172,104,0,112,0,133,0,132,0
4982.468227,104,0,112,0,133,0,132,0
4982.470131,104,0,112,0,133,0,132,0
4982.472033,104,0,112,0,133,0,132,0
4982.474271,104,0,112,0,133,0,132,0
4982.476023,104,0,112,0,133,0,132,0
4982.478107,104,0,112,0,133,0,132,0
4982.480105,104,0,112,0,133,0,132,0
4982.482126,104,0,112,0,133,0,132,0
4982.484171,104,0,112,0,133,0,132,0
4982.486182,104,0,112,0,133,0,132,0
4982.488083,104,0,112,0,133,0,132,0
4982.490031,104,0,112,0,133,0,132,0
4982.491958,104,0,112,0,133,0,132,0
4982.494159,104,0,112,0,133,0,132,0
4982.496148,104,0,112,0,133,0,132,0
4982.498185,104,0,112,0,133,0,132,0
4982.500186,104,0,112,0,133,0,132,0
4982.502182,104,0,112,0,133,0,132,0
4982.504214,104,0,112,0,133,0,132,0
4982.506176,104,0,112,0,133,0,132,0
4982.508199,104,0,112,0,133,0,132,0
4982.509961,104,0,112,0,133,0,132,0
4982.512134,104,0,112,0,133,0,132,0
4982.514120,104,0,112,0,133,0,132,0
4982.516133,104,0,112,0,133,0,132,0
4982.518144,104,0,112,0,133,0,132,0
4982.520097,104,0,112,0,133,0,132,0
4982.522097,104,0,112,0,133,0,132,0
4982.524088,104,0,112,0,133,0,132,0
4982.526119,104,0,112,0,133,0,132,0
4982.527965,104,0,112,0,133,0,132,0
4982.530178,104,0,112,0,133,0,132,0
4982.532139,104,0,112,0,133,0,132,0
4982.534135,104,0,112,0,133,0,132,0
4982.536135,104,0,112,0,133,0,132,0
4982.538156,104,0,112,0,133,0,132,0
4982.540133,104,0,112,0,133,0,132,0
4982.542146,104,0,112,0,133,0,132,0
4982.544166,104,0,112,0,133,0,132,0
4982.546042,104,0,112,0,133,0,132,0
4982.548240,104,0,112,0,133,0,132,0
4982.550172,104,0,112,0,133,0,132,0
4982.552097,104,0,112,0,133,0,132,0
4982.554107,104,0,112,0,133,0,132,0
4982.556107,104,0,112,0,133,0,132,0
4982.558169,104,0,112,0,133,0,132,0
4982.560090,104,0,112,0,133,0,132,0
4982.562148,104,0,112,0,133,0,132,0
4982.564039,104,0,112,0,133,0,132,0
4982.566093,104,0,112,0,133,0,132,0
4982.568120,104,0,112,0,133,0,132,0
4982.570121,104,0,112,0,133,0,132,0
4982.572149,104,0,112,0,133,0,132,0
4982.574168,104,0,112,0,133,0,132,0
4982.576203,104,0,112,0,133,0,132,0
4982.578190,104,0,112,0,133,0,132,0
4982.580039,104,0,112,0,133,0,132,0
4982.582004,104,0,112,0,133,0,132,0
4982.584136,104,0,112,0,133,0,132,0
4982.586126,104,0,112,0,133,0,132,0
4982.588047,104,0,112,0,133,0,132,0
4982.589995,104,0,112,0,133,0,132,0
4982.592053,104,0,112,0,133,0,132,0
4982.594085,104,0,112,0,133,0,132,0
4982.596091,104,0,112,0,133,0,132,0
4982.598086,104,0,112,0,133,0,132,0
4982.600104,104,0,112,0,133,0,132,0
4982.602100,104,0,112,0,133,0,132,0
4982.604221,104,0,112,0,133,0,132,0
4982.606243,104,0,112,0,133,0,132,0
4982.608222,104,0,112,0,133,0,132,0
4982.610222,104,0,112,0,133,0,132,0
4982.612226,104,0,112,0,133,0,132,0
4982.614092,104,0,112,0,133,0,132,0
4982.616109,104,0,112,0,133,0,132,0
4982.618162,104,0,112,0,133,0,132,0
4982.620105,104,0,112,0,133,0,132,0
4982.622177,104,0,112,0,133,0,132,0
4982.624113,104,0,112,0,133,0,132,0
4982.626119,104,0,112,0,133,0,132,0
4982.628145,104,0,112,0,133,0,132,0
4982.630000,104,0,112,0,133,0,132,0
4982.632048,104,0,112,0,133,0,132,0
4982.634125,104,0,112,0,133,0,132,0
4982.636131,104,0,112,0,133,0,132,0
4982.638197,104,0,112,0,133,0,132,0
4982.640132,104,0,112,0,133,0,132,0
4982.642167,104,0,112,0,133,0,132,0
4982.644200,104,0,112,0,133,0,132,0
4982.646169,104,0,112,0,133,0,132,0
4982.648042,104,0,112,0,133,0,132,0
4982.650194,104,0,112,0,133,0,132,0
4982.652181,104,0,112,0,133,0,132,0
4982.654155,104,0,112,0,133,0,132,0
4982.656130,104,0,112,0,133,0,132,0
4982.658142,104,0,112,0,133,0,132,0
4982.660143,104,0,112,0,133,0,132,0
4982.662188,104,0,112,0,133,0,132,0
4982.664036,104,0,112,0,133,0,132,0
4982.666061,104,0,112,0,133,0,132,0
4982.668205,104,0,112,0,133,0,132,0
4982.670078,104,0,112,0,133,0,132,0
4982.672055,104,0,112,0,133,0,132,0
4982.674306,104,0,112,0,133,0,132,0
4982.676140,104,0,112,0,133,0,132,0
4982.678113,104,0,112,0,133,0,132,0
4982.680118,104,0,112,0,133,0,132,0
4982.681995,104,0,112,0,133,0,132,0
4982.684049,104,0,112,0,133,0,132,0
4982.686194,104,0,112,0,133,0,132,0
4982.688242,104,0,112,0,133,0,132,0
4982.690176,104,0,112,0,133,0,132,0
4982.692141,104,0,112,0,133,0,132,0
4982.694154,104,0,112,0,133,0,132,0
4982.696150,104,0,112,0,133,0,132,0
4982.698202,104,0,112,0,133,0,132,0
4982.700124,104,0,112,0,133,0,132,0
4982.702049,104,0,112,0,133,0,132,0
4982.704152,104,0,112,0,133,0,132,0
4982.706143,104,0,112,0,133,0,132,0
4982.708197,104,0,112,0,133,0,132,0
4982.710150,104,0,112,0,133,0,132,0
4982.712180,104,0,112,0,133,0,132,0
4982.714160,104,0,112,0,133,0,132,0
4982.716182,104,0,112,0,133,0,132,0
4982.718208,104,0,112,0,133,0,132,0
4982.720061,104,0,112,0,133,0,132,0
4982.722123,104,0,112,0,133,0,132,0
4982.724169,104,0,112,0,133,0,132,0
4982.726171,104,0,112,0,133,0,132,0
4982.728016,104,0,112,0,133,0,132,0
4982.730133,104,0,112,0,133,0,132,0
4982.732169,104,0,112,0,133,0,132,0
4982.734218,104,0,112,0,133,0,132,0
4982.736171,104,0,112,0,133,0,132,0
4982.738177,104,0,112,0,133,0,132,0
4982.740154,104,0,112,0,133,0,132,0
4982.742125,104,0,112,0,133,0,132,0
4982.744123,104,0,112,0,133,0,132,0
4982.746197,104,0,112,0,133,0,132,0
4982.748198,104,0,112,0,133,0,132,0
4982.750143,104,0,112,0,133,0,132,0
4982.752217,104,0,112,0,133,0,132,0
4982.754136,104,0,112,0,133,0,132,0
4982.756153,104,0,112,0,133,0,132,0
4982.758181,104,0,112,0,133,0,132,0
4982.760084,104,0,112,0,133,0,132,0
4982.762191,104,0,112,0,133,0,132,0
4982.764174,104,0,112,0,133,0,132,0
4982.766138,104,0,112,0,133,0,132,0
4982.768072,104,0,112,0,133,0,132,0
4982.770190,104,0,112,0,133,0,132,0
4982.772199,104,0,112,0,133,0,132,0
4982.774170,104,0,112,0,133,0,132,0
4982.776162,104,0,112,0,133,0,132,0
4982.778171,104,0,112,0,133,0,132,0
4982.780158,104,0,112,0,133,0,132,0
4982.782162,104,0,112,0,133,0,132,0
4982.784179,104,0,112,0,133,0,132,0
4982.786172,104,0,112,0,133,0,132,0
4982.788218,104,0,112,0,133,0,132,0
4982.790177,104,0,112,0,133,0,132,0
4982.792018,104,0,112,0,133,0,132,0
4982.794086,104,0,112,0,133,0,132,0
4982.796053,104,0,112,0,133,0,132,0
4982.798225,104,0,112,0,133,0,132,0
4982.800193,104,0,112,0,133,0,132,0
4982.802194,104,0,112,0,133,0,132,0
4982.804195,104,0,112,0,133,0,132,0
4982.806217,104,0,112,0,133,0,132,0
4982.808247,104,0,112,0,133,0,132,0
4982.810193,104,0,112,0,133,0,132,0
4982.812174,104,0,112,0,133,0,132,0
4982.814197,104,0,112,0,133,0,132,0
4982.816032,104,0,112,0,133,0,132,0
4982.818206,104,0,112,0,133,0,132,0
4982.820172,104,0,112,0,133,0,132,0
4982.822134,104,0,112,0,133,0,132,0
4982.824125,104,0,112,0,133,0,132,0
4982.826182,104,0,112,0,133,0,132,0
4982.828191,104,0,112,0,133,0,132,0
4982.830150,104,0,112,0,133,0,132,0
4982.832194,104,0,112,0,133,0,132,0
4982.834164,104,0,112,0,133,0,132,0
4982.836210,104,0,112,0,133,0,132,0
4982.838180,104,0,112,0,133,0,132,0
4982.840034,104,0,112,0,133,0,132,0
4982.842177,104,0,112,0,133,0,132,0
4982.844126,104,0,112,0,133,0,132,0
4982.846092,104,0,112,0,133,0,132,0
4982.848127,104,0,112,0,133,0,132,0
4982.850109,104,0,112,0,133,0,132,0
4982.852117,104,0,112,0,133,0,132,0
4982.854153,104,0,112,0,133,0,132,0
4982.856185,104,0,112,0,133,0,132,0
4982.858078,104,0,112,0,133,0,132,0
4982.860236,104,0,112,0,133,0,132,0
4982.862213,104,0,112,0,133,0,132,0
4982.864214,104,0,112,0,133,0,132,0
4982.866132,104,0,112,0,133,0,132,0
4982.868198,104,0,112,0,133,0,132,0
4982.870187,104,0,112,0,133,0,132,0
4982.872168,104,0,112,0,133,0,132,0
4982.874162,104,0,112,0,133,0,132,0
4982.876033,104,0,112,0,133,0,132,0
4982.878184,104,0,112,0,133,0,132,0
4982.880168,104,0,112,0,133,0,132,0
4982.882167,104,0,112,0,133,0,132,0
4982.884130,104,0,112,0,133,0,132,0
4982.886201,104,0,112,0,133,0,132,0
4982.888219,104,0,112,0,133,0,132,0
4982.890170,104,0,112,0,133,0,132,0
4982.892191,104,0,112,0,133,0,132,0
4982.894038,104,0,112,0,133,0,132,0
4982.896140,104,0,112,0,133,0,132,0
4982.898116,104,0,112,0,133,0,132,0
4982.900117,104,0,112,0,133,0,132,0
4982.902152,104,0,112,0,133,0,132,0
4982.904171,104,0,112,0,133,0,132,0
4982.906226,104,0,112,0,133,0,132,0
4982.908260,104,0,112,0,133,0,132,0
4982.910113,104,0,112,0,133,0,132,0
4982.912045,104,0,112,0,133,0,132,0
4982.914205,104,0,112,0,133,0,132,0
4982.916097,104,0,112,0,133,0,132,0
4982.918153,104,0,112,0,133,0,132,0
4982.920112,104,0,112,0,133,0,132,0
4982.922115,104,0,112,0,133,0,132,0
4982.923969,104,0,112,0,133,0,132,0
4982.926145,104,0,112,0,133,0,132,0
4982.928127,104,0,112,0,133,0,132,0
4982.930103,104,0,112,0,133,0,132,0
4982.932206,104,0,112,0,133,0,132,0
4982.934224,104,0,112,0,133,0,132,0
4982.936197,104,0,112,0,133,0,132,0
4982.938231,104,0,112,0,133,0,132,0
4982.940228,104,0,112,0,133,0,132,0
4982.942008,104,0,112,0,133,0,132,0
4982.944080,104,0,112,0,133,0,132,0
4982.946142,104,0,112,0,133,0,132,0
4982.948205,104,0,112,0,133,0,132,0
4982.950198,104,0,112,0,133,0,132,0
4982.952195,104,0,112,0,133,0,132,0
4982.954179,104,0,112,0,133,0,132,0
4982.956202,104,0,112,0,133,0,132,0
4982.958210,104,0,112,0,133,0,132,0
4982.960207,104,0,112,0,133,0,132,0
4982.962179,104,0,112,0,133,0,132,0
4982.964195,104,0,112,0,133,0,132,0
4982.966240,104,0,112,0,133,0,132,0
4982.968286,104,0,112,0,133,0,132,0
4982.970260,104,0,112,0,133,0,132,0
4982.972132,104,0,112,0,133,0,132,0
4982.974575,104,0,112,0,133,0,132,0
4982.976067,104,0,112,0,133,0,132,0
4982.978153,104,0,112,0,133,0,132,0
4982.980148,104,0,112,0,133,0,132,0
4982.982127,104,0,112,0,133,0,132,0
4982.984120,104,0,112,0,133,0,132,0
4982.986116,104,0,112,0,133,0,132,0
4982.988107,104,0,112,0,133,0,132,0
4982.990134,104,0,112,0,133,0,132,0
4982.992178,104,0,112,0,133,0,132,0
4982.994191,104,0,112,0,133,0,132,0
4982.996178,104,0,112,0,133,0,132,0
4982.998129,104,0,112,0,133,0,132,0
4983.000002,104,0,112,0,133,0,132,0
4983.002035,104,0,112,0,133,0,132,0
4983.004060,104,0,112,0,133,0,132,0
4983.006133,104,0,112,0,133,0,132,0
4983.008196,104,0,112,0,133,0,132,0
4983.010103,104,0,112,0,133,0,132,0
4983.012160,104,0,112,0,133,0,132,0
4983.014133,104,0,112,0,133,0,132,0
4983.016114,104,0,112,0,133,0,132,0
4983.018143,104,0,112,0,133,0,132,0
4983.020102,104,0,112,0,133,0,132,0
4983.022148,104,0,112,0,133,0,132,0
4983.024218,104,0,112,0,133,0,132,0
4983.026172,104,0,112,0,133,0,132,0
4983.028089,104,0,112,0,133,0,132,0
4983.030037,104,0,112,0,133,0,132,0
4983.032042,104,0,112,0,133,0,132,0
4983.034192,104,0,112,0,133,0,132,0
4983.036212,104,0,112,0,133,0,132,0
4983.038245,104,0,112,0,133,0,132,0
4983.040262,104,0,112,0,133,0,132,0
4983.042224,104,0,112,0,133,0,132,0
4983.044238,104,0,112,0,133,0,132,0
4983.046276,104,0,112,0,133,0,132,0
4983.048186,104,0,112,0,133,0,132,0
4983.050037,104,0,112,0,133,0,132,0
4983.052169,104,0,112,0,133,0,132,0
4983.054141,104,0,112,0,133,0,132,0
4983.056205,104,0,112,0,133,0,132,0
4983.058245,104,0,112,0,133,0,132,0
4983.060211,104,0,112,0,133,0,132,0
4983.062197,104,0,112,0,133,0,132,0
4983.064216,104,0,112,0,133,0,132,0
4983.066199,104,0,112,0,133,0,132,0
4983.068087,104,0,112,0,133,0,132,0
4983.070052,104,0,112,0,133,0,132,0
4983.072121,104,0,112,0,133,0,132,0
4983.074222,104,0,112,0,133,0,132,0
4983.076207,104,0,112,0,133,0,132,0
4983.078201,104,0,112,0,133,0,132,0
4983.080220,104,0,112,0,133,0,132,0
4983.082199,104,0,112,0,133,0,132,0
4983.084208,104,0,112,0,133,0,132,0
4983.086038,104,0,112,0,133,0,132,0
4983.088275,104,0,112,0,133,0,132,0
4983.090224,104,0,112,0,133,0,132,0
4983.092191,104,0,112,0,133,0,132,0
4983.094101,104,0,112,0,133,0,132,0
4983.096237,104,0,112,0,133,0,132,0
4983.098229,104,0,112,0,133,0,132,0
4983.100182,104,0,112,0,133,0,132,0
4983.102198,104,0,112,0,133,0,132,0
4983.104044,104,0,112,0,133,0,132,0
4983.106220,104,0,112,0,133,0,132,0
4983.108223,104,0,112,0,133,0,132,0
4983.110190,104,0,112,0,133,0,132,0
4983.112218,104,0,112,0,133,0,132,0
4983.114182,104,0,112,0,133,0,132,0
4983.116217,104,0,112,0,133,0,132,0
4983.118214,104,0,112,0,133,0,132,0
4983.120187,104,0,112,0,133,0,132,0
4983.122035,104,0,112,0,133,0,132,0
4983.124349,104,0,112,0,133,0,132,0
4983.126211,104,0,112,0,133,0,132,0
4983.128296,104,0,112,0,133,0,132,0
4983.130216,104,0,112,0,133,0,132,0
4983.132210,104,0,112,0,133,0,132,0
4983.134223,104,0,112,0,133,0,132,0
4983.136205,104,0,112,0,133,0,132,0
4983.138237,104,0,112,0,133,0,132,0
4983.140029,104,0,112,0,133,0,132,0
4983.142126,104,0,112,0,133,0,132,0
4983.144158,104,0,112,0,133,0,132,0
4983.146161,104,0,112,0,133,0,132,0
4983.148185,104,0,112,0,133,0,132,0
4983.150191,104,0,112,0,133,0,132,0
4983.152204,104,0,112,0,133,0,132,0
4983.154207,104,0,112,0,133,0,132,0
4983.156216,104,0,112,0,133,0,132,0
4983.158300,104,0,112,0,133,0,132,0
4983.160010,104,0,112,0,133,0,132,0
4983.162149,104,0,112,0,133,0,132,0
4983.164150,104,0,112,0,133,0,132,0
4983.166177,104,0,112,0,133,0,132,0
4983.168207,104,0,112,0,133,0,132,0
4983.170087,104,0,112,0,133,0,132,0
4983.172043,104,0,112,0,133,0,132,0
4983.174408,104,0,112,0,133,0,132,0
4983.176140,104,0,112,0,133,0,132,0
4983.178104,104,0,112,0,133,0,132,0
4983.180106,104,0,112,0,133,0,132,0
4983.182192,104,0,112,0,133,0,132,0
4983.184111,104,0,112,0,133,0,132,0
4983.186151,104,0,112,0,133,0,132,0
4983.188367,104,0,112,0,133,0,132,0
4983.190238,104,0,112,0,133,0,132,0
4983.192110,104,0,112,0,133,0,132,0
4983.194158,104,0,112,0,133,0,132,0
4983.196168,104,0,112,0,133,0,132,0
4983.198128,104,0,112,0,133,0,132,0
4983.200391,104,0,112,0,133,0,132,0
4983.202036,104,0,112,0,133,0,132,0
4983.204327,104,0,112,0,133,0,132,0
4983.206196,104,0,112,0,133,0,132,0
4983.208364,104,0,112,0,133,0,132,0
4983.210192,104,0,112,0,133,0,132,0
4983.212391,104,0,112,0,133,0,132,0
4983.214294,104,0,112,0,133,0,132,0
4983.216397,104,0,112,0,133,0,132,0
4983.218237,104,0,112,0,133,0,132,0
4983.220017,104,0,112,0,133,0,132,0
4983.222352,104,0,112,0,133,0,132,0
4983.224333,104,0,112,0,133,0,132,0
4983.226360,104,0,112,0,133,0,132,0
4983.228390,104,0,112,0,133,0,132,0
4983.230176,104,0,112,0,133,0,132,0
4983.232410,104,0,112,0,133,0,132,0
4983.234210,104,0,112,0,133,0,132,0
4983.236408,104,0,112,0,133,0,132,0
4983.238130,104,0,112,0,133,0,132,0
4983.240417,104,0,112,0,133,0,132,0
4983.242016,104,0,112,0,133,0,132,0
4983.244402,104,0,112,0,133,0,132,0
4983.246366,104,0,112,0,133,0,132,0
4983.248415,104,0,112,0,133,0,132,0
4983.250401,104,0,112,0,133,0,132,0
4983.252433,104,0,112,0,133,0,132,0
4983.254421,104,0,112,0,133,0,132,0
4983.256413,104,0,112,0,133,0,132,0
4983.258438,104,0,112,0,133,0,132,0
4983.260080,104,0,112,0,133,0,132,0
4983.262395,104,0,112,0,133,0,132,0
4983.264380,104,0,112,0,133,0,132,0
4983.266400,104,0,112,0,133,0,132,0
4983.268405,104,0,112,0,133,0,132,0
4983.270304,104,0,112,0,133,0,132,0
4983.272356,104,0,112,0,133,0,132,0
4983.274196,104,0,112,0,133,0,132,0
4983.276233,104,0,112,0,133,0,132,0
4983.278044,104,0,112,0,133,0,132,0
4983.280275,104,0,112,0,133,0,132,0
4983.282369,104,0,112,0,133,0,132,0
4983.284121,104,0,112,0,133,0,132,0
4983.286150,104,0,112,0,133,0,132,0
4983.288356,104,0,112,0,133,0,132,0
4983.290316,104,0,112,0,133,0,132,0
4983.292303,104,0,112,0,133,0,132,0
4983.294369,104,0,112,0,133,0,132,0
4983.296042,104,0,112,0,133,0,132,0
4983.298369,104,0,112,0,133,0,132,0
4983.300373,104,0,112,0,133,0,132,0
4983.302385,104,0,112,0,133,0,132,0
4983.304208,104,0,112,0,133,0,132,0
4983.306442,104,0,112,0,133,0,132,0
4983.308463,104,0,112,0,133,0,132,0
4983.310433,104,0,112,0,133,0,132,0
4983.312415,104,0,112,0,133,0,132,0
4983.314100,104,0,112,0,133,0,132,0
4983.316257,104,0,112,0,133,0,132,0
4983.318452,104,0,112,0,133,0,132,0
4983.320371,104,0,112,0,133,0,132,0
4983.322369,104,0,112,0,133,0,132,0
4983.324406,104,0,112,0,133,0,132,0
4983.326093,104,0,112,0,133,0,132,0
4983.328395,104,0,112,0,133,0,132,0
4983.330373,104,0,112,0,133,0,132,0
4983.332077,104,0,112,0,133,0,132,0
4983.334164,104,0,112,0,133,0,132,0
4983.336442,104,0,112,0,133,0,132,0
4983.338103,104,0,112,0,133,0,132,0
4983.340368,104,0,112,0,133,0,132,0
4983.342309,104,0,112,0,133,0,132,0
4983.344401,104,0,112,0,133,0,132,0
4983.346418,104,0,112,0,133,0,132,0
4983.348457,104,0,112,0,133,0,132,0
4983.350102,104,0,112,0,133,0,132,0
4983.352425,104,0,112,0,133,0,132,0
4983.354422,104,0,112,0,133,0,132,0
4983.356316,104,0,112,0,133,0,132,0
4983.358410,104,0,112,0,133,0,132,0
4983.360386,104,0,112,0,133,0,132,0
4983.362382,104,0,112,0,133,0,132,0
4983.364387,104,0,112,0,133,0,132,0
4983.366420,104,0,112,0,133,0,132,0
4983.368059,104,0,112,0,133,0,132,0
4983.370239,104,0,112,0,133,0,132,0
4983.372416,104,0,112,0,133,0,132,0
4983.374507,104,0,112,0,133,0,132,0
4983.376135,104,0,112,0,133,0,132,0
4983.378094,104,0,112,0,133,0,132,0
4983.380052,104,0,112,0,133,0,132,0
4983.382042,104,0,112,0,133,0,132,0
4983.384058,104,0,112,0,133,0,132,0
4983.386134,104,0,112,0,133,0,132,0
4983.388128,104,0,112,0,133,0,132,0
4983.390125,104,0,112,0,133,0,132,0
4983.392084,104,0,112,0,133,0,132,0
4983.394202,104,0,112,0,133,0,132,0
4983.396110,104,0,112,0,133,0,132,0
4983.398120,104,0,112,0,133,0,132,0
4983.400167,104,0,112,0,133,0,132,0
4983.402121,104,0,112,0,133,0,132,0
4983.404329,104,0,112,0,133,0,132,0
4983.406297,104,0,112,0,133,0,132,0
4983.408362,104,0,112,0,133,0,132,0
4983.410479,104,0,112,0,133,0,132,0
4983.412290,104,0,112,0,133,0,132,0
4983.414257,104,0,112,0,133,0,132,0
4983.416363,104,0,112,0,133,0,132,0
4983.418154,104,0,112,0,133,0,132,0
4983.420259,104,0,112,0,133,0,132,0
4983.422161,104,0,112,0,133,0,132,0
4983.424109,104,0,112,0,133,0,132,0
4983.426143,104,0,112,0,133,0,132,0
4983.428118,104,0,112,0,133,0,132,0
4983.430157,104,0,112,0,133,0,132,0
4983.432177,104,0,112,0,133,0,132,0
4983.434152,104,0,112,0,133,0,132,0
4983.436127,104,0,112,0,133,0,132,0
4983.438044,104,0,112,0,133,0,132,0
4983.440074,104,0,112,0,133,0,132,0
4983.441960,104,0,112,0,133,0,132,0
4983.444341,104,0,112,0,133,0,132,0
4983.446442,104,0,112,0,133,0,132,0
4983.448421,104,0,112,0,133,0,132,0
4983.450175,104,0,112,0,133,0,132,0
4983.452215,104,0,112,0,133,0,132,0
4983.454206,104,0,112,0,133,0,132,0
4983.456412,104,0,112,0,133,0,132,0
4983.458341,104,0,112,0,133,0,132,0
4983.460090,104,0,112,0,133,0,132,0
4983.462218,104,0,112,0,133,0,132,0
4983.464426,104,0,112,0,133,0,132,0
4983.466088,104,0,112,0,133,0,132,0
4983.468408,104,0,112,0,133,0,132,0
4983.470191,104,0,112,0,133,0,132,0
4983.472384,104,0,112,0,133,0,132,0
4983.474409,104,0,112,0,133,0,132,0
4983.476405,104,0,112,0,133,0,132,0
4983.478519,104,0,112,0,133,0,132,0
4983.480530,104,0,112,0,133,0,132,0
4983.482393,104,0,112,0,133,0,132,0
4983.484010,104,0,112,0,133,0,132,0
4983.486132,104,0,112,0,133,0,132,0
4983.488148,104,0,112,0,133,0,132,0
4983.490260,104,0,112,0,133,0,132,0
4983.492184,104,0,112,0,133,0,132,0
4983.494185,104,0,112,0,133,0,132,0
4983.496436,104,0,112,0,133,0,132,0
4983.498516,104,0,112,0,133,0,132,0
4983.500280,104,0,112,0,133,0,132,0
4983.502169,104,0,112,0,133,0,132,0
4983.504363,104,0,112,0,133,0,132,0
4983.506164,104,0,112,0,133,0,132,0
4983.508253,104,0,112,0,133,0,132,0
4983.510410,104,0,112,0,133,0,132,0
4983.512092,104,0,112,0,133,0,132,0
4983.514584,104,0,112,0,133,0,132,0
4983.516399,104,0,112,0,133,0,132,0
4983.518356,104,0,112,0,133,0,132,0
4983.520038,104,0,112,0,133,0,132,0
4983.522206,104,0,112,0,133,0,132,0
4983.524408,104,0,112,0,133,0,132,0
4983.526173,104,0,112,0,133,0,132,0
4983.528158,104,0,112,0,133,0,132,0
4983.530105,104,0,112,0,133,0,132,0
4983.532248,104,0,112,0,133,0,132,0
4983.534185,104,0,112,0,133,0,132,0
4983.536385,104,0,112,0,133,0,132,0
4983.538135,104,0,112,0,133,0,132,0
4983.540210,104,0,112,0,133,0,132,0
4983.542182,104,0,112,0,133,0,132,0
4983.544404,104,0,112,0,133,0,132,0
4983.546391,104,0,112,0,133,0,132,0
4983.548439,104,0,112,0,133,0,132,0
4983.550407,104,0,112,0,133,0,132,0
4983.552414,104,0,112,0,133,0,132,0
4983.554483,104,0,112,0,133,0,132,0
4983.556147,104,0,112,0,133,0,132,0
4983.558511,104,0,112,0,133,0,132,0
4983.560481,104,0,112,0,133,0,132,0
4983.562468,104,0,112,0,133,0,132,0
4983.564357,104,0,112,0,133,0,132,0
4983.566435,104,0,112,0,133,0,132,0
4983.568455,104,0,112,0,133,0,132,0
4983.570431,104,0,112,0,133,0,132,0
4983.572413,104,0,112,0,133,0,132,0
4983.574689,104,0,112,0,133,0,132,0
4983.576104,104,0,112,0,133,0,132,0
4983.578483,104,0,112,0,133,0,132,0
4983.580442,104,0,112,0,133,0,132,0
4983.582135,104,0,112,0,133,0,132,0
4983.584389,104,0,112,0,133,0,132,0
4983.586303,104,0,112,0,133,0,132,0
4983.588382,104,0,112,0,133,0,132,0
4983.590364,104,0,112,0,133,0,132,0
4983.592302,104,0,112,0,133,0,132,0
4983.594118,104,0,112,0,133,0,132,0
4983.596034,104,0,112,0,133,0,132,0
4983.598065,104,0,112,0,133,0,132,0
4983.600388,104,0,112,0,133,0,132,0
4983.602325,104,0,112,0,133,0,132,0
4983.604396,104,0,112,0,133,0,132,0
4983.606403,104,0,112,0,133,0,132,0
4983.608272,104,0,112,0,133,0,132,0
4983.610373,104,0,112,0,133,0,132,0
4983.612375,104,0,112,0,133,0,132,0
4983.614174,104,0,112,0,133,0,132,0
4983.616042,104,0,112,0,133,0,132,0
4983.618242,104,0,112,0,133,0,132,0
4983.619947,104,0,112,0,133,0,132,0
4983.622046,104,0,112,0,133,0,132,0
4983.624207,104,0,112,0,133,0,132,0
4983.626172,104,0,112,0,133,0,132,0
4983.628363,104,0,112,0,133,0,132,0
4983.630432,104,0,112,0,133,0,132,0
4983.632216,104,0,112,0,133,0,132,0
4983.634230,104,0,112,0,133,0,132,0
4983.636255,104,0,112,0,133,0,132,0
4983.638801,104,0,112,0,133,0,132,0
4983.640461,104,0,112,0,133,0,132,0
4983.642231,104,0,112,0,133,0,132,0
4983.644461,104,0,112,0,133,0,132,0
4983.646284,104,0,112,0,133,0,132,0
4983.648400,104,0,112,0,133,0,132,0
4983.650279,104,0,112,0,133,0,132,0
4983.652404,104,0,112,0,133,0,132,0
4983.654068,104,0,112,0,133,0,132,0
4983.656101,104,0,112,0,133,0,132,0
4983.658160,104,0,112,0,133,0,132,0
4983.660147,104,0,112,0,133,0,132,0
4983.662319,104,0,112,0,133,0,132,0
4983.664387,104,0,112,0,133,0,132,0
4983.666213,104,0,112,0,133,0,132,0
4983.668403,104,0,112,0,133,0,132,0
4983.670452,104,0,112,0,133,0,132,0
4983.672224,104,0,112,0,133,0,132,0
4983.674476,104,0,112,0,133,0,132,0
4983.676182,104,0,112,0,133,0,132,0
4983.678121,104,0,112,0,133,0,132,0
4983.680273,104,0,112,0,133,0,132,0
4983.682398,104,0,112,0,133,0,132,0
4983.684390,104,0,112,0,133,0,132,0
4983.686384,104,0,112,0,133,0,132,0
4983.688420,104,0,112,0,133,0,132,0
4983.690208,104,0,112,0,133,0,132,0
4983.692288,104,0,112,0,133,0,132,0
4983.694436,104,0,112,0,133,0,132,0
4983.696227,104,0,112,0,133,0,132,0
4983.698129,104,0,112,0,133,0,132,0
4983.700139,104,0,112,0,133,0,132,0
4983.702059,104,0,112,0,133,0,132,0
4983.704034,104,0,112,0,133,0,132,0
4983.706078,104,0,112,0,133,0,132,0
4983.708091,104,0,112,0,133,0,132,0
4983.710116,104,0,112,0,133,0,132,0
4983.712074,104,0,112,0,133,0,132,0
4983.714016,104,0,112,0,133,0,132,0
4983.716163,104,0,112,0,133,0,132,0
4983.718167,104,0,112,0,133,0,132,0
4983.720182,104,0,112,0,133,0,132,0
4983.722185,104,0,112,0,133,0,132,0
4983.724818,104,0,112,0,133,0,132,0
4983.726244,104,0,112,0,133,0,132,0
4983.728277,104,0,112,0,133,0,132,0
4983.730080,104,0,112,0,133,0,132,0
4983.732135,104,0,112,0,133,0,132,0
4983.734149,104,0,112,0,133,0,132,0
4983.736170,104,0,112,0,133,0,132,0
4983.738163,104,0,112,0,133,0,132,0
4983.740181,104,0,112,0,133,0,132,0
4983.742093,104,0,112,0,133,0,132,0
4983.744076,104,0,112,0,133,0,132,0
4983.746031,104,0,112,0,133,0,132,0
4983.748094,104,0,112,0,133,0,132,0
4983.750162,104,0,112,0,133,0,132,0
4983.752166,104,0,112,0,133,0,132,0
4983.754217,104,0,112,0,133,0,132,0
4983.756247,104,0,112,0,133,0,132,0
4983.758311,104,0,112,0,133,0,132,0
4983.760219,104,0,112,0,133,0,132,0
4983.762314,104,0,112,0,133,0,132,0
4983.764063,104,0,112,0,133,0,132,0
4983.766396,104,0,112,0,133,0,132,0
4983.768301,104,0,112,0,133,0,132,0
4983.770150,104,0,112,0,133,0,132,0
4983.772271,104,0,112,0,133,0,132,0
4983.774645,104,0,112,0,133,0,132,0
4983.776448,104,0,112,0,133,0,132,0
4983.778268,104,0,112,0,133,0,132,0
4983.780460,104,0,112,0,133,0,132,0
4983.782078,104,0,112,0,133,0,132,0
4983.784393,104,0,112,0,133,0,132,0
4983.786432,104,0,112,0,133,0,132,0
4983.788438,104,0,112,0,133,0,132,0
4983.790259,104,0,112,0,133,0,132,0
4983.792169,104,0,112,0,133,0,132,0
4983.794198,104,0,112,0,133,0,132,0
4983.796208,104,0,112,0,133,0,132,0
4983.798236,104,0,112,0,133,0,132,0
4983.800095,104,0,112,0,133,0,132,0
4983.802155,104,0,112,0,133,0,132,0
4983.804453,104,0,112,0,133,0,132,0
4983.806219,104,0,112,0,133,0,132,0
4983.808273,104,0,112,0,133,0,132,0
4983.810192,104,0,112,0,133,0,132,0
4983.812472,104,0,112,0,133,0,132,0
4983.814280,104,0,112,0,133,0,132,0
4983.816288,104,0,112,0,133,0,132,0
4983.818162,104,0,112,0,133,0,132,0
4983.820205,104,0,112,0,133,0,132,0
4983.822210,104,0,112,0,133,0,132,0
4983.824216,104,0,112,0,133,0,132,0
4983.826399,104,0,112,0,133,0,132,0
4983.828161,104,0,112,0,133,0,132,0
4983.830211,104,0,112,0,133,0,132,0
4983.832411,104,0,112,0,133,0,132,0
4983.834063,104,0,112,0,133,0,132,0
4983.836280,104,0,112,0,133,0,132,0
4983.838182,104,0,112,0,133,0,132,0
4983.840276,104,0,112,0,133,0,132,0
4983.842301,104,0,112,0,133,0,132,0
4983.844190,104,0,112,0,133,0,132,0
4983.846237,104,0,112,0,133,0,132,0
4983.848153,104,0,112,0,133,0,132,0
4983.850148,104,0,112,0,133,0,132,0
4983.852426,104,0,112,0,133,0,132,0
4983.854181,104,0,112,0,133,0,132,0
4983.856253,104,0,112,0,133,0,132,0
4983.858463,104,0,112,0,133,0,132,0
4983.860433,104,0,112,0,133,0,132,0
4983.862370,104,0,112,0,133,0,132,0
4983.864268,104,0,112,0,133,0,132,0
4983.866395,104,0,112,0,133,0,132,0
4983.868062,104,0,112,0,133,0,132,0
4983.870383,104,0,112,0,133,0,132,0
4983.872167,104,0,112,0,133,0,132,0
4983.874486,104,0,112,0,133,0,132,0
4983.876486,104,0,112,0,133,0,132,0
4983.878299,104,0,112,0,133,0,132,0
4983.880268,104,0,112,0,133,0,132,0
4983.882446,104,0,112,0,133,0,132,0
4983.884155,104,0,112,0,133,0,132,0
4983.886373,104,0,112,0,133,0,132,0
4983.888047,104,0,112,0,133,0,132,0
4983.890378,104,0,112,0,133,0,132,0
4983.892150,104,0,112,0,133,0,132,0
4983.894466,104,0,112,0,133,0,132,0
4983.896255,104,0,112,0,133,0,132,0
4983.898507,104,0,112,0,133,0,132,0
4983.900187,104,0,112,0,133,0,132,0
4983.902257,104,0,112,0,133,0,132,0
4983.904232,104,0,112,0,133,0,132,0
4983.906161,104,0,112,0,133,0,132,0
4983.908098,104,0,112,0,133,0,132,0
4983.910226,104,0,112,0,133,0,132,0
4983.912440,104,0,112,0,133,0,132,0
4983.914262,104,0,112,0,133,0,132,0
4983.916269,104,0,112,0,133,0,132,0
4983.918341,104,0,112,0,133,0,132,0
4983.920453,104,0,112,0,133,0,132,0
4983.922390,104,0,112,0,133,0,132,0
4983.924042,104,0,112,0,133,0,132,0
4983.926132,104,0,112,0,133,0,132,0
4983.928132,104,0,112,0,133,0,132,0
4983.930109,104,0,112,0,133,0,132,0
4983.932478,104,0,112,0,133,0,132,0
4983.934488,104,0,112,0,133,0,132,0
4983.936422,104,0,112,0,133,0,132,0
4983.938263,104,0,112,0,133,0,132,0
4983.940422,104,0,112,0,133,0,132,0
4983.942188,104,0,112,0,133,0,132,0
4983.944449,104,0,112,0,133,0,132,0
4983.946139,104,0,112,0,133,0,132,0
4983.948160,104,0,112,0,133,0,132,0
4983.950164,104,0,112,0,133,0,132,0
4983.952202,104,0,112,0,133,0,132,0
4983.954152,104,0,112,0,133,0,132,0
4983.956150,104,0,112,0,133,0,132,0
4983.958482,104,0,112,0,133,0,132,0
4983.960372,104,0,112,0,133,0,132,0
4983.962354,104,0,112,0,133,0,132,0
4983.964270,104,0,112,0,133,0,132,0
4983.966283,104,0,112,0,133,0,132,0
4983.968200,104,0,112,0,133,0,132,0
4983.970432,104,0,112,0,133,0,132,0
4983.972256,104,0,112,0,133,0,132,0
4983.974393,104,0,112,0,133,0,132,0
4983.976403,104,0,112,0,133,0,132,0
4983.978142,104,0,112,0,133,0,132,0
4983.980362,104,0,112,0,133,0,132,0
4983.982184,104,0,112,0,133,0,132,0
4983.984376,104,0,112,0,133,0,132,0
4983.986476,104,0,112,0,133,0,132,0
4983.988288,104,0,112,0,133,0,132,0
4983.990466,104,0,112,0,133,0,132,0
4983.992224,104,0,112,0,133,0,132,0
4983.994156,104,0,112,0,133,0,132,0
4983.996079,104,0,112,0,133,0,132,0
4983.998138,104,0,112,0,133,0,132,0
4984.000403,104,0,112,0,133,0,132,0
4984.002210,104,0,112,0,133,0,132,0
4984.004391,104,0,112,0,133,0,132,0
4984.006274,104,0,112,0,133,0,132,0
4984.008316,104,0,112,0,133,0,132,0
4984.010456,104,0,112,0,133,0,132,0
4984.012279,104,0,112,0,133,0,132,0
4984.014475,104,0,112,0,133,0,132,0
4984.016464,104,0,112,0,133,0,132,0
4984.018481,104,0,112,0,133,0,132,0
4984.020462,104,0,112,0,133,0,132,0
4984.022484,104,0,112,0,133,0,132,0
4984.024055,104,0,112,0,133,0,132,0
4984.026403,104,0,112,0,133,0,132,0
4984.028405,104,0,112,0,133,0,132,0
4984.030392,104,0,112,0,133,0,132,0
4984.032445,104,0,112,0,133,0,132,0
4984.034472,104,0,112,0,133,0,132,0
4984.036471,104,0,112,0,133,0,132,0
4984.038493,104,0,112,0,133,0,132,0
4984.040504,104,0,112,0,133,0,132,0
4984.042111,104,0,112,0,133,0,132,0
4984.044465,104,0,112,0,133,0,132,0
4984.046445,104,0,112,0,133,0,132,0
4984.048432,104,0,112,0,133,0,132,0
4984.050417,104,0,112,0,133,0,132,0
4984.052418,104,0,112,0,133,0,132,0
4984.054429,104,0,112,0,133,0,132,0
4984.056456,104,0,112,0,133,0,132,0
4984.058174,104,0,112,0,133,0,132,0
4984.060466,104,0,112,0,133,0,132,0
4984.062467,104,0,112,0,133,0,132,0
4984.064472,104,0,112,0,133,0,132,0
4984.066373,104,0,112,0,133,0,132,0
4984.068393,104,0,112,0,133,0,132,0
4984.070034,104,0,112,0,133,0,132,0
4984.072039,104,0,112,0,133,0,132,0
4984.074031,104,0,112,0,133,0,132,0
4984.076525,104,0,112,0,133,0,132,0
4984.078542,104,0,112,0,133,0,132,0
4984.080527,104,0,112,0,133,0,132,0
4984.082522,104,0,112,0,133,0,132,0
4984.084198,104,0,112,0,133,0,132,0
4984.086037,104,0,112,0,133,0,132,0
4984.088111,104,0,112,0,133,0,132,0
4984.090119,104,0,112,0,133,0,132,0
4984.092306,104,0,112,0,133,0,132,0
4984.094232,104,0,112,0,133,0,132,0
4984.096167,104,0,112,0,133,0,132,0
4984.098418,104,0,112,0,133,0,132,0
4984.100453,104,0,112,0,133,0,132,0
4984.102251,104,0,112,0,133,0,132,0
4984.104239,104,0,112,0,133,0,132,0
4984.106161,104,0,112,0,133,0,132,0
4984.108186,104,0,112,0,133,0,132,0
4984.110257,104,0,112,0,133,0,132,0
4984.112310,104,0,112,0,133,0,132,0
4984.114464,104,0,112,0,133,0,132,0
4984.116452,104,0,112,0,133,0,132,0
4984.118330,104,0,112,0,133,0,132,0
4984.120475,104,0,112,0,133,0,132,0
4984.122419,104,0,112,0,133,0,132,0
4984.124317,104,0,112,0,133,0,132,0
4984.126105,104,0,112,0,133,0,132,0
4984.128433,104,0,112,0,133,0,132,0
4984.130408,104,0,112,0,133,0,132,0
4984.132234,104,0,112,0,133,0,132,0
4984.134235,104,0,112,0,133,0,132,0
4984.136384,104,0,112,0,133,0,132,0
4984.138496,104,0,112,0,133,0,132,0
4984.140469,104,0,112,0,133,0,132,0
4984.142308,104,0,112,0,133,0,132,0
4984.144141,104,0,112,0,133,0,132,0
4984.146454,104,0,112,0,133,0,132,0
4984.148467,104,0,112,0,133,0,132,0
4984.150423,104,0,112,0,133,0,132,0
4984.152391,104,0,112,0,133,0,132,0
4984.154098,104,0,112,0,133,0,132,0
4984.156171,104,0,112,0,133,0,132,0
4984.158535,104,0,112,0,133,0,132,0
4984.160480,104,0,112,0,133,0,132,0
4984.162117,104,0,112,0,133,0,132,0
4984.164464,104,0,112,0,133,0,132,0
4984.166466,104,0,112,0,133,0,132,0
4984.168502,104,0,112,0,133,0,132,0
4984.170421,104,0,112,0,133,0,132,0
4984.172409,104,0,112,0,133,0,132,0
4984.174180,104,0,112,0,133,0,132,0
4984.176093,104,0,112,0,133,0,132,0
4984.178126,104,0,112,0,133,0,132,0
4984.180105,104,0,112,0,133,0,132,0
4984.182463,104,0,112,0,133,0,132,0
4984.184441,104,0,112,0,133,0,132,0
4984.186200,104,0,112,0,133,0,132,0
4984.188197,104,0,112,0,133,0,132,0
4984.190132,104,0,112,0,133,0,132,0
4984.192092,104,0,112,0,133,0,132,0
4984.194149,104,0,112,0,133,0,132,0
4984.196367,104,0,112,0,133,0,132,0
4984.198330,104,0,112,0,133,0,132,0
4984.200239,104,0,112,0,133,0,132,0
4984.202472,104,0,112,0,133,0,132,0
4984.204455,104,0,112,0,133,0,132,0
4984.206321,104,0,112,0,133,0,132,0
4984.208444,104,0,112,0,133,0,132,0
4984.210413,104,0,112,0,133,0,132,0
4984.212465,104,0,112,0,133,0,132,0
4984.214254,104,0,112,0,133,0,132,0
4984.216456,104,0,112,0,133,0,132,0
4984.218240,104,0,112,0,133,0,132,0
4984.220438,104,0,112,0,133,0,132,0
4984.222416,104,0,112,0,133,0,132,0
4984.224108,104,0,112,0,133,0,132,0
4984.226388,104,0,112,0,133,0,132,0
4984.228425,104,0,112,0,133,0,132,0
4984.230094,104,0,112,0,133,0,132,0
4984.232120,104,0,112,0,133,0,132,0
4984.234101,104,0,112,0,133,0,132,0
4984.236243,104,0,112,0,133,0,132,0
4984.238187,104,0,112,0,133,0,132,0
4984.240088,104,0,112,0,133,0,132,0
4984.242298,104,0,112,0,133,0,132,0
4984.244382,104,0,112,0,133,0,132,0
4984.246394,104,0,112,0,133,0,132,0
4984.248459,104,0,112,0,133,0,132,0
4984.250432,104,0,112,0,133,0,132,0
4984.252428,104,0,112,0,133,0,132,0
4984.254430,104,0,112,0,133,0,132,0
4984.256415,104,0,112,0,133,0,132,0
4984.258172,104,0,112,0,133,0,132,0
4984.260419,104,0,112,0,133,0,132,0
4984.262406,104,0,112,0,133,0,132,0
4984.264410,104,0,112,0,133,0,132,0
4984.266425,104,0,112,0,133,0,132,0
4984.268444,104,0,112,0,133,0,132,0
4984.270478,104,0,112,0,133,0,132,0
4984.272471,104,0,112,0,133,0,132,0
4984.274340,104,0,112,0,133,0,132,0
4984.276179,104,0,112,0,133,0,132,0
4984.278196,104,0,112,0,133,0,132,0
4984.280109,104,0,112,0,133,0,132,0
4984.282142,104,0,112,0,133,0,132,0
4984.284128,104,0,112,0,133,0,132,0
4984.286203,104,0,112,0,133,0,132,0
4984.288430,104,0,112,0,133,0,132,0
4984.290354,104,0,112,0,133,0,132,0
4984.292279,104,0,112,0,133,0,132,0
4984.294365,104,0,112,0,133,0,132,0
4984.296314,104,0,112,0,133,0,132,0
4984.298115,104,0,112,0,133,0,132,0
4984.300471,104,0,112,0,133,0,132,0
4984.302464,104,0,112,0,133,0,132,0
4984.304484,104,0,112,0,133,0,132,0
4984.306501,104,0,112,0,133,0,132,0
4984.308514,104,0,112,0,133,0,132,0
4984.310483,104,0,112,0,133,0,132,0
4984.312171,104,0,112,0,133,0,132,0
4984.314460,104,0,112,0,133,0,132,0
4984.316470,104,0,112,0,133,0,132,0
4984.318609,104,0,112,0,133,0,132,0
4984.320075,104,0,112,0,133,0,132,0
4984.322093,104,0,112,0,133,0,132,0
4984.324047,104,0,112,0,133,0,132,0
4984.326217,104,0,112,0,133,0,132,0
4984.328403,104,0,112,0,133,0,132,0
4984.330356,104,0,112,0,133,0,132,0
4984.332486,104,0,112,0,133,0,132,0
4984.334125,104,0,112,0,133,0,132,0
4984.336142,104,0,112,0,133,0,132,0
4984.338289,104,0,112,0,133,0,132,0
4984.340247,104,0,112,0,133,0,132,0
4984.342219,104,0,112,0,133,0,132,0
4984.344289,104,0,112,0,133,0,132,0
4984.346537,104,0,112,0,133,0,132,0
4984.348338,104,0,112,0,133,0,132,0
4984.350289,104,0,112,0,133,0,132,0
4984.352159,104,0,112,0,133,0,132,0
4984.354442,104,0,112,0,133,0,132,0
4984.356147,104,0,112,0,133,0,132,0
4984.358228,104,0,112,0,133,0,132,0
4984.360106,104,0,112,0,133,0,132,0
4984.362122,104,0,112,0,133,0,132,0
4984.364494,104,0,112,0,133,0,132,0
4984.366486,104,0,112,0,133,0,132,0
4984.368532,104,0,112,0,133,0,132,0
4984.370447,104,0,112,0,133,0,132,0
4984.372450,104,0,112,0,133,0,132,0
4984.374542,104,0,112,0,133,0,132,0
4984.376207,104,0,112,0,133,0,132,0
4984.378403,104,0,112,0,133,0,132,0
4984.380113,104,0,112,0,133,0,132,0
4984.382098,104,0,112,0,133,0,132,0
4984.384118,104,0,112,0,133,0,132,0
4984.386091,104,0,112,0,133,0,132,0
4984.388106,104,0,112,0,133,0,132,0
4984.390359,104,0,112,0,133,0,132,0
4984.392276,104,0,112,0,133,0,132,0
4984.394428,104,0,112,0,133,0,132,0
4984.396132,104,0,112,0,133,0,132,0
4984.398126,104,0,112,0,133,0,132,0
4984.400137,104,0,112,0,133,0,132,0
4984.402473,104,0,112,0,133,0,132,0
4984.404294,104,0,112,0,133,0,132,0
4984.406333,104,0,112,0,133,0,132,0
4984.408306,104,0,112,0,133,0,132,0
4984.410112,104,0,112,0,133,0,132,0
4984.412179,104,0,112,0,133,0,132,0
4984.414412,104,0,112,0,133,0,132,0
4984.416413,104,0,112,0,133,0,132,0
4984.418413,104,0,112,0,133,0,132,0
4984.420424,104,0,112,0,133,0,132,0
4984.422405,104,0,112,0,133,0,132,0
4984.424116,104,0,112,0,133,0,132,0
4984.426081,104,0,112,0,133,0,132,0
4984.428288,104,0,112,0,133,0,132,0
4984.430458,104,0,112,0,133,0,132,0
4984.432541,104,0,112,0,133,0,132,0
4984.434549,104,0,112,0,133,0,132,0
4984.436562,104,0,112,0,133,0,132,0
4984.438594,104,0,112,0,133,0,132,0
4984.440573,104,0,112,0,133,0,132,0
4984.442348,104,0,112,0,133,0,132,0
4984.444184,104,0,112,0,133,0,132,0
4984.446521,104,0,112,0,133,0,132,0
4984.448215,104,0,112,0,133,0,132,0
4984.450543,104,0,112,0,133,0,132,0
4984.452486,104,0,112,0,133,0,132,0
4984.454336,104,0,112,0,133,0,132,0
4984.456464,104,0,112,0,133,0,132,0
4984.458495,104,0,112,0,133,0,132,0
4984.460424,104,0,112,0,133,0,132,0
4984.462440,104,0,112,0,133,0,132,0
4984.464424,104,0,112,0,133,0,132,0
4984.466545,104,0,112,0,133,0,132,0
4984.468267,104,0,112,0,133,0,132,0
4984.470494,104,0,112,0,133,0,132,0
4984.472514,104,0,112,0,133,0,132,0
4984.474240,104,0,112,0,133,0,132,0
4984.476451,104,0,112,0,133,0,132,0
4984.478200,104,0,112,0,133,0,132,0
4984.480470,104,0,112,0,133,0,132,0
4984.482352,104,0,112,0,133,0,132,0
4984.484375,104,0,112,0,133,0,132,0
4984.486168,104,0,112,0,133,0,132,0
4984.488527,104,0,112,0,133,0,132,0
4984.490182,104,0,112,0,133,0,132,0
4984.492310,104,0,112,0,133,0,132,0
4984.494311,104,0,112,0,133,0,132,0
4984.496372,104,0,112,0,133,0,132,0
4984.498532,104,0,112,0,133,0,132,0
4984.500506,104,0,112,0,133,0,132,0
4984.502514,104,0,112,0,133,0,132,0
4984.504158,104,0,112,0,133,0,132,0
4984.506489,104,0,112,0,133,0,132,0
4984.508498,104,0,112,0,133,0,132,0
4984.510281,104,0,112,0,133,0,132,0
4984.512412,104,0,112,0,133,0,132,0
4984.514472,104,0,112,0,133,0,132,0
4984.516465,104,0,112,0,133,0,132,0
4984.518453,104,0,112,0,133,0,132,0
4984.520433,104,0,112,0,133,0,132,0
4984.522138,104,0,112,0,133,0,132,0
4984.524417,104,0,112,0,133,0,132,0
4984.526445,104,0,112,0,133,0,132,0
4984.528440,104,0,112,0,133,0,132,0
4984.530440,104,0,112,0,133,0,132,0
4984.532509,104,0,112,0,133,0,132,0
4984.534491,104,0,112,0,133,0,132,0
4984.536510,104,0,112,0,133,0,132,0
4984.538526,104,0,112,0,133,0,132,0
4984.540166,104,0,112,0,133,0,132,0
4984.542277,104,0,112,0,133,0,132,0
4984.544451,104,0,112,0,133,0,132,0
4984.546435,104,0,112,0,133,0,132,0
4984.548440,104,0,112,0,133,0,132,0
4984.550426,104,0,112,0,133,0,132,0
4984.552487,104,0,112,0,133,0,132,0
4984.554509,104,0,112,0,133,0,132,0
4984.556549,104,0,112,0,133,0,132,0
4984.558193,104,0,112,0,133,0,132,0
4984.560250,104,0,112,0,133,0,132,0
4984.562484,104,0,112,0,133,0,132,0
4984.564455,104,0,112,0,133,0,132,0
4984.566456,104,0,112,0,133,0,132,0
4984.568409,104,0,112,0,133,0,132,0
4984.570488,104,0,112,0,133,0,132,0
4984.572488,104,0,112,0,133,0,132,0
4984.574344,104,0,112,0,133,0,132,0
4984.576538,104,0,112,0,133,0,132,0
4984.578556,104,0,112,0,133,0,132,0
4984.580508,104,0,112,0,133,0,132,0
4984.582494,104,0,112,0,133,0,132,0
4984.584443,104,0,112,0,133,0,132,0
4984.586478,104,0,112,0,133,0,132,0
4984.588486,104,0,112,0,133,0,132,0
4984.590471,104,0,112,0,133,0,132,0
4984.592102,104,0,112,0,133,0,132,0
4984.594151,104,0,112,0,133,0,132,0
4984.596169,104,0,112,0,133,0,132,0
4984.598176,104,0,112,0,133,0,132,0
4984.600151,104,0,112,0,133,0,132,0
4984.602234,104,0,112,0,133,0,132,0
4984.604231,104,0,112,0,133,0,132,0
4984.606232,104,0,112,0,133,0,132,0
4984.608316,104,0,112,0,133,0,132,0
4984.610452,104,0,112,0,133,0,132,0
4984.612265,104,0,112,0,133,0,132,0
4984.614495,104,0,112,0,133,0,132,0
4984.616503,104,0,112,0,133,0,132,0
4984.618268,104,0,112,0,133,0,132,0
4984.620365,104,0,112,0,133,0,132,0
4984.622320,104,0,112,0,133,0,132,0
4984.624735,104,0,112,0,133,0,132,0
4984.626474,104,0,112,0,133,0,132,0
4984.628305,104,0,112,0,133,0,132,0
4984.630484,104,0,112,0,133,0,132,0
4984.632477,104,0,112,0,133,0,132,0
4984.634462,104,0,112,0,133,0,132,0
4984.636506,104,0,112,0,133,0,132,0
4984.638586,104,0,112,0,133,0,132,0
4984.640503,104,0,112,0,133,0,132,0
4984.642271,104,0,112,0,133,0,132,0
4984.644245,104,0,112,0,133,0,132,0
4984.646473,104,0,112,0,133,0,132,0
4984.648466,104,0,112,0,133,0,132,0
4984.650449,104,0,112,0,133,0,132,0
4984.652437,104,0,112,0,133,0,132,0
4984.654491,104,0,112,0,133,0,132,0
4984.656499,104,0,112,0,133,0,132,0
4984.658580,104,0,112,0,133,0,132,0
4984.660516,104,0,112,0,133,0,132,0
4984.662513,104,0,112,0,133,0,132,0
4984.664450,104,0,112,0,133,0,132,0
4984.666452,104,0,112,0,133,0,132,0
4984.668471,104,0,112,0,133,0,132,0
4984.670458,104,0,112,0,133,0,132,0
4984.672462,104,0,112,0,133,0,132,0
4984.674261,104,0,112,0,133,0,132,0
4984.676320,104,0,112,0,133,0,132,0
4984.678162,104,0,112,0,133,0,132,0
4984.680131,104,0,112,0,133,0,132,0
4984.682188,104,0,112,0,133,0,132,0
4984.684471,104,0,112,0,133,0,132,0
4984.686466,104,0,112,0,133,0,132,0
4984.688222,104,0,112,0,133,0,132,0
4984.690448,104,0,112,0,133,0,132,0
4984.692291,104,0,112,0,133,0,132,0
4984.694331,104,0,112,0,133,0,132,0
4984.696550,104,0,112,0,133,0,132,0
4984.698270,104,0,112,0,133,0,132,0
4984.700494,104,0,112,0,133,0,132,0
4984.702199,104,0,112,0,133,0,132,0
4984.704216,104,0,112,0,133,0,132,0
4984.706158,104,0,112,0,133,0,132,0
4984.708496,104,0,112,0,133,0,132,0
4984.710237,104,0,112,0,133,0,132,0
4984.712497,104,0,112,0,133,0,132,0
4984.714294,104,0,112,0,133,0,132,0
4984.716503,104,0,112,0,133,0,132,0
4984.718360,104,0,112,0,133,0,132,0
4984.720544,104,0,112,0,133,0,132,0
4984.722378,104,0,112,0,133,0,132,0
4984.724214,104,0,112,0,133,0,132,0
4984.726536,104,0,112,0,133,0,132,0
4984.728361,104,0,112,0,133,0,132,0
4984.730472,104,0,112,0,133,0,132,0
4984.732440,104,0,112,0,133,0,132,0
4984.734465,104,0,112,0,133,0,132,0
4984.736471,104,0,112,0,133,0,132,0
4984.738481,104,0,112,0,133,0,132,0
4984.740166,104,0,112,0,133,0,132,0
4984.742276,104,0,112,0,133,0,132,0
4984.744509,104,0,112,0,133,0,132,0
4984.746484,104,0,112,0,133,0,132,0
4984.748172,104,0,112,0,133,0,132,0
4984.750297,104,0,112,0,133,0,132,0
4984.752559,104,0,112,0,133,0,132,0
4984.754531,104,0,112,0,133,0,132,0
4984.756520,104,0,112,0,133,0,132,0
4984.758521,104,0,112,0,133,0,132,0
4984.760473,104,0,112,0,133,0,132,0
4984.762513,104,0,112,0,133,0,132,0
4984.764496,104,0,112,0,133,0,132,0
4984.766227,104,0,112,0,133,0,132,0
4984.768532,104,0,112,0,133,0,132,0
4984.770528,104,0,112,0,133,0,132,0
4984.772510,104,0,112,0,133,0,132,0
4984.774544,104,0,112,0,133,0,132,0
4984.776509,104,0,112,0,133,0,132,0
4984.778554,104,0,112,0,133,0,132,0
4984.780484,104,0,112,0,133,0,132,0
4984.782159,104,0,112,0,133,0,132,0
4984.784492,104,0,112,0,133,0,132,0
4984.786452,104,0,112,0,133,0,132,0
4984.788519,104,0,112,0,133,0,132,0
4984.790479,104,0,112,0,133,0,132,0
4984.792270,104,0,112,0,133,0,132,0
4984.794505,104,0,112,0,133,0,132,0
4984.796368,104,0,112,0,133,0,132,0
4984.798205,104,0,112,0,133,0,132,0
4984.800215,104,0,112,0,133,0,132,0
4984.802507,104,0,112,0,133,0,132,0
4984.804525,104,0,112,0,133,0,132,0
4984.806525,104,0,112,0,133,0,132,0
4984.808520,104,0,112,0,133,0,132,0
4984.810509,104,0,112,0,133,0,132,0
4984.812507,104,0,112,0,133,0,132,0
4984.814535,104,0,112,0,133,0,132,0
4984.816534,104,0,112,0,133,0,132,0
4984.818554,104,0,112,0,133,0,132,0
4984.820530,104,0,112,0,133,0,132,0
4984.822224,104,0,112,0,133,0,132,0
4984.824431,104,0,112,0,133,0,132,0
4984.826469,104,0,112,0,133,0,132,0
4984.828470,104,0,112,0,133,0,132,0
4984.830456,104,0,112,0,133,0,132,0
4984.832481,104,0,112,0,133,0,132,0
4984.834492,104,0,112,0,133,0,132,0
4984.836524,104,0,112,0,133,0,132,0
4984.838498,104,0,112,0,133,0,132,0
4984.840167,104,0,112,0,133,0,132,0
4984.842282,104,0,112,0,133,0,132,0
4984.844248,104,0,112,0,133,0,132,0
4984.846537,104,0,112,0,133,0,132,0
4984.848543,104,0,112,0,133,0,132,0
4984.850512,104,0,112,0,133,0,132,0
4984.852537,104,0,112,0,133,0,132,0
4984.854488,104,0,112,0,133,0,132,0
4984.856484,104,0,112,0,133,0,132,0
4984.858559,104,0,112,0,133,0,132,0
4984.860489,104,0,112,0,133,0,132,0
4984.862508,104,0,112,0,133,0,132,0
4984.864505,104,0,112,0,133,0,132,0
4984.866526,104,0,112,0,133,0,132,0
4984.868538,104,0,112,0,133,0,132,0
4984.870566,104,0,112,0,133,0,132,0
4984.872571,104,0,112,0,133,0,132,0
4984.874699,104,0,112,0,133,0,132,0
4984.876535,104,0,112,0,133,0,132,0
4984.878503,104,0,112,0,133,0,132,0
4984.880167,104,0,112,0,133,0,132,0
4984.882504,104,0,112,0,133,0,132,0
4984.884524,104,0,112,0,133,0,132,0
4984.886513,104,0,112,0,133,0,132,0
4984.888363,104,0,112,0,133,0,132,0
4984.890540,104,0,112,0,133,0,132,0
4984.892269,104,0,112,0,133,0,132,0
4984.894509,104,0,112,0,133,0,132,0
4984.896305,104,0,112,0,133,0,132,0
4984.898233,104,0,112,0,133,0,132,0
4984.900307,104,0,112,0,133,0,132,0
4984.902284,104,0,112,0,133,0,132,0
4984.904292,104,0,112,0,133,0,132,0
4984.906192,104,0,112,0,133,0,132,0
4984.908302,104,0,112,0,133,0,132,0
4984.910339,104,0,112,0,133,0,132,0
4984.912487,104,0,112,0,133,0,132,0
4984.914385,104,0,112,0,133,0,132,0
4984.916306,104,0,112,0,133,0,132,0
4984.918508,104,0,112,0,133,0,132,0
4984.920494,104,0,112,0,133,0,132,0
4984.922478,104,0,112,0,133,0,132,0
4984.924142,104,0,112,0,133,0,132,0
4984.926238,104,0,112,0,133,0,132,0
4984.928183,104,0,112,0,133,0,132,0
4984.930260,104,0,112,0,133,0,132,0
4984.932226,104,0,112,0,133,0,132,0
4984.934129,104,0,112,0,133,0,132,0
4984.936130,104,0,112,0,133,0,132,0
4984.938154,104,0,112,0,133,0,132,0
4984.940234,104,0,112,0,133,0,132,0
4984.942297,104,0,112,0,133,0,132,0
4984.944463,104,0,112,0,133,0,132,0
4984.946562,104,0,112,0,133,0,132,0
4984.948409,104,0,112,0,133,0,132,0
4984.950216,104,0,112,0,133,0,132,0
4984.952517,104,0,112,0,133,0,132,0
4984.954479,104,0,112,0,133,0,132,0
4984.956478,104,0,112,0,133,0,132,0
4984.958422,104,0,112,0,133,0,132,0
4984.960568,104,0,112,0,133,0,132,0
4984.962551,104,0,112,0,133,0,132,0
4984.964557,104,0,112,0,133,0,132,0
4984.966511,104,0,112,0,133,0,132,0
4984.968530,104,0,112,0,133,0,132,0
4984.970485,104,0,112,0,133,0,132,0
4984.972487,104,0,112,0,133,0,132,0
4984.974422,104,0,112,0,133,0,132,0
4984.976507,104,0,112,0,133,0,132,0
4984.978276,104,0,112,0,133,0,132,0
4984.980317,104,0,112,0,133,0,132,0
4984.982306,104,0,112,0,133,0,132,0
4984.984482,104,0,112,0,133,0,132,0
4984.986490,104,0,112,0,133,0,132,0
4984.988356,104,0,112,0,133,0,132,0
4984.990468,104,0,112,0,133,0,132,0
4984.992097,104,0,112,0,133,0,132,0
4984.994282,104,0,112,0,133,0,132,0
4984.996223,104,0,112,0,133,0,132,0
4984.998298,104,0,112,0,133,0,132,0
4985.000188,104,0,112,0,133,0,132,0
4985.002188,104,0,112,0,133,0,132,0
4985.004260,104,0,112,0,133,0,132,0
4985.006277,104,0,112,0,133,0,132,0
4985.008340,104,0,112,0,133,0,132,0
4985.010316,104,0,112,0,133,0,132,0
4985.012377,104,0,112,0,133,0,132,0
4985.014516,104,0,112,0,133,0,132,0
4985.016225,104,0,112,0,133,0,132,0
4985.018291,104,0,112,0,133,0,132,0
4985.020117,104,0,112,0,133,0,132,0
4985.022326,104,0,112,0,133,0,132,0
4985.024593,104,0,112,0,133,0,132,0
4985.026471,104,0,112,0,133,0,132,0
4985.028272,104,0,112,0,133,0,132,0
4985.030457,104,0,112,0,133,0,132,0
4985.032452,104,0,112,0,133,0,132,0
4985.034288,104,0,112,0,133,0,132,0
4985.036281,104,0,112,0,133,0,132,0
4985.038544,104,0,112,0,133,0,132,0
4985.040495,104,0,112,0,133,0,132,0
4985.042069,104,0,112,0,133,0,132,0
4985.044384,104,0,112,0,133,0,132,0
4985.046516,104,0,112,0,133,0,132,0
4985.048602,104,0,112,0,133,0,132,0
4985.050497,104,0,112,0,133,0,132,0
4985.052510,104,0,112,0,133,0,132,0
4985.054506,104,0,112,0,133,0,132,0
4985.056284,104,0,112,0,133,0,132,0
4985.058537,104,0,112,0,133,0,132,0
4985.060492,104,0,112,0,133,0,132,0
4985.062147,104,0,112,0,133,0,132,0
4985.064169,104,0,112,0,133,0,132,0
4985.066164,104,0,112,0,133,0,132,0
4985.068433,104,0,112,0,133,0,132,0
4985.070534,104,0,112,0,133,0,132,0
4985.072495,104,0,112,0,133,0,132,0
4985.074329,104,0,112,0,133,0,132,0
4985.076344,104,0,112,0,133,0,132,0
4985.078516,104,0,112,0,133,0,132,0
4985.080527,104,0,112,0,133,0,132,0
4985.082602,104,0,112,0,133,0,132,0
4985.084281,104,0,112,0,133,0,132,0
4985.086525,104,0,112,0,133,0,132,0
4985.088574,104,0,112,0,133,0,132,0
4985.090525,104,0,112,0,133,0,132,0
4985.092263,104,0,112,0,133,0,132,0
4985.094593,104,0,112,0,133,0,132,0
4985.096571,104,0,112,0,133,0,132,0
4985.098497,104,0,112,0,133,0,132,0
4985.100176,104,0,112,0,133,0,132,0
4985.102503,104,0,112,0,133,0,132,0
4985.104499,104,0,112,0,133,0,132,0
4985.106497,104,0,112,0,133,0,132,0
4985.108288,104,0,112,0,133,0,132,0
4985.110257,104,0,112,0,133,0,132,0
4985.112233,104,0,112,0,133,0,132,0
4985.114370,104,0,112,0,133,0,132,0
4985.116505,104,0,112,0,133,0,132,0
4985.118565,104,0,112,0,133,0,132,0
4985.120501,104,0,112,0,133,0,132,0
4985.122499,104,0,112,0,133,0,132,0
4985.124511,104,0,112,0,133,0,132,0
4985.126499,104,0,112,0,133,0,132,0
4985.128198,104,0,112,0,133,0,132,0
4985.130256,104,0,112,0,133,0,132,0
4985.132504,104,0,112,0,133,0,132,0
4985.134513,104,0,112,0,133,0,132,0
4985.136512,104,0,112,0,133,0,132,0
4985.138528,104,0,112,0,133,0,132,0
4985.140497,104,0,112,0,133,0,132,0
4985.142098,104,0,112,0,133,0,132,0
4985.144360,104,0,112,0,133,0,132,0
4985.146286,104,0,112,0,133,0,132,0
4985.148376,104,0,112,0,133,0,132,0
4985.150380,104,0,112,0,133,0,132,0
4985.152511,104,0,112,0,133,0,132,0
4985.154509,104,0,112,0,133,0,132,0
4985.156515,104,0,112,0,133,0,132,0
4985.158538,104,0,112,0,133,0,132,0
4985.160527,104,0,112,0,133,0,132,0
4985.162534,104,0,112,0,133,0,132,0
4985.164374,104,0,112,0,133,0,132,0
4985.166552,104,0,112,0,133,0,132,0
4985.168607,104,0,112,0,133,0,132,0
4985.170507,104,0,112,0,133,0,132,0
4985.172685,104,0,112,0,133,0,132,0
4985.174622,104,0,112,0,133,0,132,0
4985.176275,104,0,112,0,133,0,132,0
4985.178260,104,0,112,0,133,0,132,0
4985.180138,104,0,112,0,133,0,132,0
4985.182376,104,0,112,0,133,0,132,0
4985.184226,104,0,112,0,133,0,132,0
4985.186128,104,0,112,0,133,0,132,0
4985.188327,104,0,112,0,133,0,132,0
4985.190369,104,0,112,0,133,0,132,0
4985.192233,104,0,112,0,133,0,132,0
4985.194503,104,0,112,0,133,0,132,0
4985.196459,104,0,112,0,133,0,132,0
4985.198396,104,0,112,0,133,0,132,0
4985.200224,104,0,112,0,133,0,132,0
4985.202192,104,0,112,0,133,0,132,0
4985.204193,104,0,112,0,133,0,132,0
4985.206502,104,0,112,0,133,0,132,0
4985.208362,104,0,112,0,133,0,132,0
4985.210469,104,0,112,0,133,0,132,0
4985.212318,104,0,112,0,133,0,132,0
4985.214289,104,0,112,0,133,0,132,0
4985.216278,104,0,112,0,133,0,132,0
4985.218278,104,0,112,0,133,0,132,0
4985.220517,104,0,112,0,133,0,132,0
4985.222514,104,0,112,0,133,0,132,0
4985.224601,104,0,112,0,133,0,132,0
4985.226320,104,0,112,0,133,0,132,0
4985.228456,104,0,112,0,133,0,132,0
4985.230321,104,0,112,0,133,0,132,0
4985.232200,104,0,112,0,133,0,132,0
4985.234290,104,0,112,0,133,0,132,0
4985.236542,104,0,112,0,133,0,132,0
4985.238361,104,0,112,0,133,0,132,0
4985.240181,104,0,112,0,133,0,132,0
4985.242076,104,0,112,0,133,0,132,0
4985.244504,104,0,112,0,133,0,132,0
4985.246275,104,0,112,0,133,0,132,0
4985.248569,104,0,112,0,133,0,132,0
4985.250560,104,0,112,0,133,0,132,0
4985.252509,104,0,112,0,133,0,132,0
4985.254537,104,0,112,0,133,0,132,0
4985.256563,104,0,112,0,133,0,132,0
4985.258279,104,0,112,0,133,0,132,0
4985.260556,104,0,112,0,133,0,132,0
4985.262537,104,0,112,0,133,0,132,0
4985.264505,104,0,112,0,133,0,132,0
4985.266512,104,0,112,0,133,0,132,0
4985.268585,104,0,112,0,133,0,132,0
4985.270506,104,0,112,0,133,0,132,0
4985.272548,104,0,112,0,133,0,132,0
4985.274149,104,0,112,0,133,0,132,0
4985.276407,104,0,112,0,133,0,132,0
4985.278506,104,0,112,0,133,0,132,0
4985.280485,104,0,112,0,133,0,132,0
4985.282546,104,0,112,0,133,0,132,0
4985.284570,104,0,112,0,133,0,132,0
4985.286548,104,0,112,0,133,0,132,0
4985.288412,104,0,112,0,133,0,132,0
4985.290560,104,0,112,0,133,0,132,0
4985.292263,104,0,112,0,133,0,132,0
4985.294283,104,0,112,0,133,0,132,0
4985.296359,104,0,112,0,133,0,132,0
4985.298189,104,0,112,0,133,0,132,0
4985.300349,104,0,112,0,133,0,132,0
4985.302346,104,0,112,0,133,0,132,0
4985.304330,104,0,112,0,133,0,132,0
4985.306536,104,0,112,0,133,0,132,0
4985.308466,104,0,112,0,133,0,132,0
4985.310265,104,0,112,0,133,0,132,0
4985.312481,104,0,112,0,133,0,132,0
4985.314550,104,0,112,0,133,0,132,0
4985.316401,104,0,112,0,133,0,132,0
4985.318636,104,0,112,0,133,0,132,0
4985.320542,104,0,112,0,133,0,132,0
4985.322186,104,0,112,0,133,0,132,0
4985.324280,104,0,112,0,133,0,132,0
4985.326242,104,0,112,0,133,0,132,0
4985.328161,104,0,112,0,133,0,132,0
4985.330141,104,0,112,0,133,0,132,0
4985.332164,104,0,112,0,133,0,132,0
4985.334272,104,0,112,0,133,0,132,0
4985.336123,104,0,112,0,133,0,132,0
4985.338187,104,0,112,0,133,0,132,0
4985.340434,104,0,112,0,133,0,132,0
4985.342256,104,0,112,0,133,0,132,0
4985.344497,104,0,112,0,133,0,132,0
4985.346330,104,0,112,0,133,0,132,0
4985.348550,104,0,112,0,133,0,132,0
4985.350484,104,0,112,0,133,0,132,0
4985.352433,104,0,112,0,133,0,132,0
4985.354497,104,0,112,0,133,0,132,0
4985.356547,104,0,112,0,133,0,132,0
4985.358531,104,0,112,0,133,0,132,0
4985.360465,104,0,112,0,133,0,132,0
4985.362550,104,0,112,0,133,0,132,0
4985.364534,104,0,112,0,133,0,132,0
4985.366297,104,0,112,0,133,0,132,0
4985.368589,104,0,112,0,133,0,132,0
4985.370547,104,0,112,0,133,0,132,0
4985.372596,104,0,112,0,133,0,132,0
4985.374752,104,0,112,0,133,0,132,0
4985.376629,104,0,112,0,133,0,132,0
4985.378312,104,0,112,0,133,0,132,0
4985.380233,104,0,112,0,133,0,132,0
4985.382357,104,0,112,0,133,0,132,0
4985.384243,104,0,112,0,133,0,132,0
4985.386379,104,0,112,0,133,0,132,0
4985.388389,104,0,112,0,133,0,132,0
4985.390533,104,0,112,0,133,0,132,0
4985.392280,104,0,112,0,133,0,132,0
4985.394237,104,0,112,0,133,0,132,0
4985.396207,104,0,112,0,133,0,132,0
4985.398279,104,0,112,0,133,0,132,0
4985.400226,104,0,112,0,133,0,132,0
4985.402375,104,0,112,0,133,0,132,0
4985.404369,104,0,112,0,133,0,132,0
4985.406380,104,0,112,0,133,0,132,0
4985.408555,104,0,112,0,133,0,132,0
4985.410511,104,0,112,0,133,0,132,0
4985.412511,104,0,112,0,133,0,132,0
4985.414328,104,0,112,0,133,0,132,0
4985.416541,104,0,112,0,133,0,132,0
4985.418597,104,0,112,0,133,0,132,0
4985.420352,104,0,112,0,133,0,132,0
4985.422499,104,0,112,0,133,0,132,0
4985.424486,104,0,112,0,133,0,132,0
4985.426305,104,0,112,0,133,0,132,0
4985.428335,104,0,112,0,133,0,132,0
4985.430354,104,0,112,0,133,0,132,0
4985.432173,104,0,112,0,133,0,132,0
4985.434594,104,0,112,0,133,0,132,0
4985.436591,104,0,112,0,133,0,132,0
4985.438425,104,0,112,0,133,0,132,0
4985.440418,104,0,112,0,133,0,132,0
4985.442301,104,0,112,0,133,0,132,0
4985.444573,104,0,112,0,133,0,132,0
4985.446450,104,0,112,0,133,0,132,0
4985.448405,104,0,112,0,133,0,132,0
4985.450411,104,0,112,0,133,0,132,0
4985.452389,104,0,112,0,133,0,132,0
4985.454597,104,0,112,0,133,0,132,0
4985.456380,104,0,112,0,133,0,132,0
4985.458419,104,0,112,0,133,0,132,0
4985.460420,104,0,112,0,133,0,132,0
4985.462620,104,0,112,0,133,0,132,0
4985.464591,104,0,112,0,133,0,132,0
4985.466651,104,0,112,0,133,0,132,0
4985.468577,104,0,112,0,133,0,132,0
4985.470557,104,0,112,0,133,0,132,0
4985.472579,104,0,112,0,133,0,132,0
4985.474471,104,0,112,0,133,0,132,0
4985.476557,104,0,112,0,133,0,132,0
4985.478571,104,0,112,0,133,0,132,0
4985.480551,104,0,112,0,133,0,132,0
4985.482505,104,0,112,0,133,0,132,0
4985.484494,104,0,112,0,133,0,132,0
4985.486508,104,0,112,0,133,0,132,0
4985.488518,104,0,112,0,133,0,132,0
4985.490490,104,0,112,0,133,0,132,0
4985.492178,104,0,112,0,133,0,132,0
4985.494681,104,0,112,0,133,0,132,0
4985.496650,104,0,112,0,133,0,132,0
4985.498678,104,0,112,0,133,0,132,0
4985.500526,104,0,112,0,133,0,132,0
4985.502504,104,0,112,0,133,0,132,0
4985.504506,104,0,112,0,133,0,132,0
4985.506513,104,0,112,0,133,0,132,0
4985.508546,104,0,112,0,133,0,132,0
4985.510365,104,0,112,0,133,0,132,0
4985.512573,104,0,112,0,133,0,132,0
4985.514317,104,0,112,0,133,0,132,0
4985.516602,104,0,112,0,133,0,132,0
4985.518638,104,0,112,0,133,0,132,0
4985.520567,104,0,112,0,133,0,132,0
4985.522547,104,0,112,0,133,0,132,0
4985.524651,104,0,112,0,133,0,132,0
4985.526525,104,0,112,0,133,0,132,0
4985.528371,104,0,112,0,133,0,132,0
4985.530549,104,0,112,0,133,0,132,0
4985.532570,104,0,112,0,133,0,132,0
4985.534569,104,0,112,0,133,0,132,0
4985.536576,104,0,112,0,133,0,132,0
4985.538564,104,0,112,0,133,0,132,0
4985.540585,104,0,112,0,133,0,132,0
4985.542263,104,0,112,0,133,0,132,0
4985.544582,104,0,112,0,133,0,132,0
4985.546388,104,0,112,0,133,0,132,0
4985.548623,104,0,112,0,133,0,132,0
4985.550584,104,0,112,0,133,0,132,0
4985.552574,104,0,112,0,133,0,132,0
4985.554521,104,0,112,0,133,0,132,0
4985.556544,104,0,112,0,133,0,132,0
4985.558558,104,0,112,0,133,0,132,0
4985.560555,104,0,112,0,133,0,132,0
4985.562544,104,0,112,0,133,0,132,0
4985.564426,104,0,112,0,133,0,132,0
4985.566597,104,0,112,0,133,0,132,0
4985.568680,104,0,112,0,133,0,132,0
4985.570598,104,0,112,0,133,0,132,0
4985.572550,104,0,112,0,133,0,132,0
4985.574802,104,0,112,0,133,0,132,0
4985.576598,104,0,112,0,133,0,132,0
4985.578603,104,0,112,0,133,0,132,0
4985.580599,104,0,112,0,133,0,132,0
4985.582358,104,0,112,0,133,0,132,0
4985.584529,104,0,112,0,133,0,132,0
4985.586527,104,0,112,0,133,0,132,0
4985.588580,104,0,112,0,133,0,132,0
4985.590204,104,0,112,0,133,0,132,0
4985.592268,104,0,112,0,133,0,132,0
4985.594620,104,0,112,0,133,0,132,0
4985.596544,104,0,112,0,133,0,132,0
4985.598585,104,0,112,0,133,0,132,0
4985.600294,104,0,112,0,133,0,132,0
4985.602245,104,0,112,0,133,0,132,0
4985.604526,104,0,112,0,133,0,132,0
4985.606308,104,0,112,0,133,0,132,0
4985.608431,104,0,112,0,133,0,132,0
4985.610560,104,0,112,0,133,0,132,0
4985.612509,104,0,112,0,133,0,132,0
4985.614575,104,0,112,0,133,0,132,0
4985.616540,104,0,112,0,133,0,132,0
4985.618564,104,0,112,0,133,0,132,0
4985.620545,104,0,112,0,133,0,132,0
4985.622519,104,0,112,0,133,0,132,0
4985.624364,104,0,112,0,133,0,132,0
4985.626527,104,0,112,0,133,0,132,0
4985.628518,104,0,112,0,133,0,132,0
4985.630508,104,0,112,0,133,0,132,0
4985.632524,104,0,112,0,133,0,132,0
4985.634566,104,0,112,0,133,0,132,0
4985.636325,104,0,112,0,133,0,132,0
4985.638539,104,0,112,0,133,0,132,0
4985.640509,104,0,112,0,133,0,132,0
4985.642058,104,0,112,0,133,0,132,0
4985.644558,104,0,112,0,133,0,132,0
4985.646567,104,0,112,0,133,0,132,0
4985.648563,104,0,112,0,133,0,132,0
4985.650520,104,0,112,0,133,0,132,0
4985.652589,104,0,112,0,133,0,132,0
4985.654545,104,0,112,0,133,0,132,0
4985.656616,104,0,112,0,133,0,132,0
4985.658553,104,0,112,0,133,0,132,0
4985.660236,104,0,112,0,133,0,132,0
4985.662533,104,0,112,0,133,0,132,0
4985.664573,104,0,112,0,133,0,132,0
4985.666564,104,0,112,0,133,0,132,0
4985.668606,104,0,112,0,133,0,132,0
4985.670614,104,0,112,0,133,0,132,0
4985.672600,104,0,112,0,133,0,132,0
4985.674768,104,0,112,0,133,0,132,0
4985.676220,104,0,112,0,133,0,132,0
4985.678292,104,0,112,0,133,0,132,0
4985.680258,104,0,112,0,133,0,132,0
4985.682563,104,0,112,0,133,0,132,0
4985.684334,104,0,112,0,133,0,132,0
4985.686374,104,0,112,0,133,0,132,0
4985.688416,104,0,112,0,133,0,132,0
4985.690206,104,0,112,0,133,0,132,0
4985.692243,104,0,112,0,133,0,132,0
4985.694550,104,0,112,0,133,0,132,0
4985.696526,104,0,112,0,133,0,132,0
4985.698408,104,0,112,0,133,0,132,0
4985.700446,104,0,112,0,133,0,132,0
4985.702378,104,0,112,0,133,0,132,0
4985.704381,104,0,112,0,133,0,132,0
4985.706323,104,0,112,0,133,0,132,0
4985.708609,104,0,112,0,133,0,132,0
4985.710499,104,0,112,0,133,0,132,0
4985.712611,104,0,112,0,133,0,132,0
4985.714577,104,0,112,0,133,0,132,0
4985.716515,104,0,112,0,133,0,132,0
4985.718511,104,0,112,0,133,0,132,0
4985.720546,104,0,112,0,133,0,132,0
4985.722209,104,0,112,0,133,0,132,0
4985.724151,104,0,112,0,133,0,132,0
4985.726524,104,0,112,0,133,0,132,0
4985.728529,104,0,112,0,133,0,132,0
4985.730512,104,0,112,0,133,0,132,0
4985.732511,104,0,112,0,133,0,132,0
4985.734492,104,0,112,0,133,0,132,0
4985.736596,104,0,112,0,133,0,132,0
4985.738544,104,0,112,0,133,0,132,0
4985.740440,104,0,112,0,133,0,132,0
4985.742035,104,0,112,0,133,0,132,0
4985.744486,104,0,112,0,133,0,132,0
4985.746525,104,0,112,0,133,0,132,0
4985.748651,104,0,112,0,133,0,132,0
4985.750533,104,0,112,0,133,0,132,0
4985.752573,104,0,112,0,133,0,132,0
4985.754514,104,0,112,0,133,0,132,0
4985.756504,104,0,112,0,133,0,132,0
4985.758666,104,0,112,0,133,0,132,0
4985.760755,104,0,112,0,133,0,132,0
4985.762532,104,0,112,0,133,0,132,0
4985.764488,104,0,112,0,133,0,132,0
4985.766953,104,0,112,0,133,0,132,0
4985.768345,104,0,112,0,133,0,132,0
4985.770242,104,0,112,0,133,0,132,0
4985.772543,104,0,112,0,133,0,132,0
4985.774552,104,0,112,0,133,0,132,0
4985.776596,104,0,112,0,133,0,132,0
4985.778389,104,0,112,0,133,0,132,0
4985.780514,104,0,112,0,133,0,132,0
4985.782393,104,0,112,0,133,0,132,0
4985.784401,104,0,112,0,133,0,132,0
4985.786355,104,0,112,0,133,0,132,0
4985.788594,104,0,112,0,133,0,132,0
4985.790364,104,0,112,0,133,0,132,0
4985.792228,104,0,112,0,133,0,132,0
4985.794349,104,0,112,0,133,0,132,0
4985.796397,104,0,112,0,133,0,132,0
4985.798314,104,0,112,0,133,0,132,0
4985.800388,104,0,112,0,133,0,132,0
4985.802377,104,0,112,0,133,0,132,0
4985.804311,104,0,112,0,133,0,132,0
4985.806383,104,0,112,0,133,0,132,0
4985.808576,104,0,112,0,133,0,132,0
4985.810422,104,0,112,0,133,0,132,0
4985.812581,104,0,112,0,133,0,132,0
4985.814501,104,0,112,0,133,0,132,0
4985.816355,104,0,112,0,133,0,132,0
4985.818544,104,0,112,0,133,0,132,0
4985.820296,104,0,112,0,133,0,132,0
4985.822343,104,0,112,0,133,0,132,0
4985.824738,104,0,112,0,133,0,132,0
4985.826559,104,0,112,0,133,0,132,0
4985.828624,104,0,112,0,133,0,132,0
4985.830402,104,0,112,0,133,0,132,0
4985.832595,104,0,112,0,133,0,132,0
4985.834624,104,0,112,0,133,0,132,0
4985.836579,104,0,112,0,133,0,132,0
4985.838545,104,0,112,0,133,0,132,0
4985.840570,104,0,112,0,133,0,132,0
4985.842405,104,0,112,0,133,0,132,0
4985.844573,104,0,112,0,133,0,132,0
4985.846321,104,0,112,0,133,0,132,0
4985.848151,104,0,112,0,133,0,132,0
4985.850590,104,0,112,0,133,0,132,0
4985.852423,104,0,112,0,133,0,132,0
4985.854290,104,0,112,0,133,0,132,0
4985.856544,104,0,112,0,133,0,132,0
4985.858502,104,0,112,0,133,0,132,0
4985.860518,104,0,112,0,133,0,132,0
4985.862509,104,0,112,0,133,0,132,0
4985.864509,104,0,112,0,133,0,132,0
4985.866638,104,0,112,0,133,0,132,0
4985.868678,104,0,112,0,133,0,132,0
4985.870576,104,0,112,0,133,0,132,0
4985.872514,104,0,112,0,133,0,132,0
4985.874666,104,0,112,0,133,0,132,0
4985.876569,104,0,112,0,133,0,132,0
4985.878405,104,0,112,0,133,0,132,0
4985.880390,104,0,112,0,133,0,132,0
4985.882601,104,0,112,0,133,0,132,0
4985.884607,104,0,112,0,133,0,132,0
4985.886607,104,0,112,0,133,0,132,0
4985.888591,104,0,112,0,133,0,132,0
4985.890535,104,0,112,0,133,0,132,0
4985.892195,104,0,112,0,133,0,132,0
4985.894223,104,0,112,0,133,0,132,0
4985.896273,104,0,112,0,133,0,132,0
4985.898485,104,0,112,0,133,0,132,0
4985.900497,104,0,112,0,133,0,132,0
4985.902324,104,0,112,0,133,0,132,0
4985.904369,104,0,112,0,133,0,132,0
4985.906349,104,0,112,0,133,0,132,0
4985.908479,104,0,112,0,133,0,132,0
4985.910592,104,0,112,0,133,0,132,0
4985.912560,104,0,112,0,133,0,132,0
4985.914632,104,0,112,0,133,0,132,0
4985.916293,104,0,112,0,133,0,132,0
4985.918557,104,0,112,0,133,0,132,0
4985.920521,104,0,112,0,133,0,132,0
4985.922520,104,0,112,0,133,0,132,0
4985.924352,104,0,112,0,133,0,132,0
4985.926362,104,0,112,0,133,0,132,0
4985.928242,104,0,112,0,133,0,132,0
4985.930537,104,0,112,0,133,0,132,0
4985.932352,104,0,112,0,133,0,132,0
4985.934353,104,0,112,0,133,0,132,0
4985.936512,104,0,112,0,133,0,132,0
4985.938430,104,0,112,0,133,0,132,0
4985.940406,104,0,112,0,133,0,132,0
4985.942226,104,0,112,0,133,0,132,0
4985.944475,104,0,112,0,133,0,132,0
4985.946463,104,0,112,0,133,0,132,0
4985.948459,104,0,112,0,133,0,132,0
4985.950402,104,0,112,0,133,0,132,0
4985.952410,104,0,112,0,133,0,132,0
4985.954596,104,0,112,0,133,0,132,0
4985.956564,104,0,112,0,133,0,132,0
4985.958598,104,0,112,0,133,0,132,0
4985.960568,104,0,112,0,133,0,132,0
4985.962275,104,0,112,0,133,0,132,0
4985.964567,104,0,112,0,133,0,132,0
4985.966608,104,0,112,0,133,0,132,0
4985.968619,104,0,112,0,133,0,132,0
4985.970608,104,0,112,0,133,0,132,0
4985.972609,104,0,112,0,133,0,132,0
4985.974834,104,0,112,0,133,0,132,0
4985.976380,104,0,112,0,133,0,132,0
4985.978578,104,0,112,0,133,0,132,0
4985.980589,104,0,112,0,133,0,132,0
4985.982417,104,0,112,0,133,0,132,0
4985.984436,104,0,112,0,133,0,132,0
4985.986151,104,0,112,0,133,0,132,0
4985.988643,104,0,112,0,133,0,132,0
4985.990637,104,0,112,0,133,0,132,0
4985.992265,104,0,112,0,133,0,132,0
4985.994627,104,0,112,0,133,0,132,0
4985.996581,104,0,112,0,133,0,132,0
4985.998577,104,0,112,0,133,0,132,0
4986.000313,104,0,112,0,133,0,132,0
4986.002324,104,0,112,0,133,0,132,0
4986.004350,104,0,112,0,133,0,132,0
4986.006298,104,0,112,0,133,0,132,0
4986.008468,104,0,112,0,133,0,132,0
4986.010606,104,0,112,0,133,0,132,0
4986.012403,104,0,112,0,133,0,132,0
4986.014416,104,0,112,0,133,0,132,0
4986.016391,104,0,112,0,133,0,132,0
4986.018369,104,0,112,0,133,0,132,0
4986.020518,104,0,112,0,133,0,132,0
4986.022551,104,0,112,0,133,0,132,0
4986.024520,104,0,112,0,133,0,132,0
4986.026556,104,0,112,0,133,0,132,0
4986.028597,104,0,112,0,133,0,132,0
4986.030305,104,0,112,0,133,0,132,0
4986.032564,104,0,112,0,133,0,132,0
4986.034599,104,0,112,0,133,0,132,0
4986.036587,104,0,112,0,133,0,132,0
4986.038630,104,0,112,0,133,0,132,0
4986.040591,104,0,112,0,133,0,132,0
4986.042250,104,0,112,0,133,0,132,0
4986.044668,104,0,112,0,133,0,132,0
4986.046575,104,0,112,0,133,0,132,0
4986.048574,104,0,112,0,133,0,132,0
4986.050528,104,0,112,0,133,0,132,0
4986.052536,104,0,112,0,133,0,132,0
4986.054540,104,0,112,0,133,0,132,0
4986.056558,104,0,112,0,133,0,132,0
4986.058592,104,0,112,0,133,0,132,0
4986.060615,104,0,112,0,133,0,132,0
4986.062616,104,0,112,0,133,0,132,0
4986.064601,104,0,112,0,133,0,132,0
4986.066593,104,0,112,0,133,0,132,0
4986.068674,104,0,112,0,133,0,132,0
4986.070597,104,0,112,0,133,0,132,0
4986.072398,104,0,112,0,133,0,132,0
4986.074659,104,0,112,0,133,0,132,0
4986.076599,104,0,112,0,133,0,132,0
4986.078674,104,0,112,0,133,0,132,0
4986.080586,104,0,112,0,133,0,132,0
4986.082606,104,0,112,0,133,0,132,0
4986.084582,104,0,112,0,133,0,132,0
4986.086528,104,0,112,0,133,0,132,0
4986.088593,104,0,112,0,133,0,132,0
4986.090573,104,0,112,0,133,0,132,0
4986.092265,104,0,112,0,133,0,132,0
4986.094607,104,0,112,0,133,0,132,0
4986.096640,104,0,112,0,133,0,132,0
4986.098717,104,0,112,0,133,0,132,0
4986.100625,104,0,112,0,133,0,132,0
4986.102569,104,0,112,0,133,0,132,0
4986.104558,104,0,112,0,133,0,132,0
4986.106555,104,0,112,0,133,0,132,0
4986.108369,104,0,112,0,133,0,132,0
4986.110208,104,0,112,0,133,0,132,0
4986.112682,104,0,112,0,133,0,132,0
4986.114656,104,0,112,0,133,0,132,0
4986.116662,104,0,112,0,133,0,132,0
4986.118702,104,0,112,0,133,0,132,0
4986.120702,104,0,112,0,133,0,132,0
4986.122347,104,0,112,0,133,0,132,0
4986.124724,104,0,112,0,133,0,132,0
4986.126586,104,0,112,0,133,0,132,0
4986.128380,104,0,112,0,133,0,132,0
4986.130564,104,0,112,0,133,0,132,0
4986.132570,104,0,112,0,133,0,132,0
4986.134564,104,0,112,0,133,0,132,0
4986.136636,104,0,112,0,133,0,132,0
4986.138685,104,0,112,0,133,0,132,0
4986.140561,104,0,112,0,133,0,132,0
4986.142255,104,0,112,0,133,0,132,0
4986.144629,104,0,112,0,133,0,132,0
4986.146630,104,0,112,0,133,0,132,0
4986.148611,104,0,112,0,133,0,132,0
4986.150416,104,0,112,0,133,0,132,0
4986.152617,104,0,112,0,133,0,132,0
4986.154233,104,0,112,0,133,0,132,0
4986.156274,104,0,112,0,133,0,132,0
4986.158546,104,0,112,0,133,0,132,0
4986.160548,104,0,112,0,133,0,132,0
4986.162544,104,0,112,0,133,0,132,0
4986.164681,104,0,112,0,133,0,132,0
4986.166652,104,0,112,0,133,0,132,0
4986.168445,104,0,112,0,133,0,132,0
4986.170470,104,0,112,0,133,0,132,0
4986.172630,104,0,112,0,133,0,132,0
4986.174780,104,0,112,0,133,0,132,0
4986.176600,104,0,112,0,133,0,132,0
4986.178345,104,0,112,0,133,0,132,0
4986.180334,104,0,112,0,133,0,132,0
4986.182321,104,0,112,0,133,0,132,0
4986.184353,104,0,112,0,133,0,132,0
4986.186352,104,0,112,0,133,0,132,0
4986.188388,104,0,112,0,133,0,132,0
4986.190306,104,0,112,0,133,0,132,0
4986.192262,104,0,112,0,133,0,132,0
4986.194624,104,0,112,0,133,0,132,0
4986.196643,104,0,112,0,133,0,132,0
4986.198533,104,0,112,0,133,0,132,0
4986.200420,104,0,112,0,133,0,132,0
4986.202403,104,0,112,0,133,0,132,0
4986.204461,104,0,112,0,133,0,132,0
4986.206615,104,0,112,0,133,0,132,0
4986.208476,104,0,112,0,133,0,132,0
4986.210625,104,0,112,0,133,0,132,0
4986.212438,104,0,112,0,133,0,132,0
4986.214601,104,0,112,0,133,0,132,0
4986.216663,104,0,112,0,133,0,132,0
4986.218474,104,0,112,0,133,0,132,0
4986.220507,104,0,112,0,133,0,132,0
4986.222337,104,0,112,0,133,0,132,0
4986.224721,104,0,112,0,133,0,132,0
4986.226606,104,0,112,0,133,0,132,0
4986.228403,104,0,112,0,133,0,132,0
4986.230535,104,0,112,0,133,0,132,0
4986.232401,104,0,112,0,133,0,132,0
4986.234452,104,0,112,0,133,0,132,0
4986.236581,104,0,112,0,133,0,132,0
4986.238643,104,0,112,0,133,0,132,0
4986.240426,104,0,112,0,133,0,132,0
4986.242248,104,0,112,0,133,0,132,0
4986.244584,104,0,112,0,133,0,132,0
4986.246628,104,0,112,0,133,0,132,0
4986.248660,104,0,112,0,133,0,132,0
4986.250589,104,0,112,0,133,0,132,0
4986.252610,104,0,112,0,133,0,132,0
4986.254605,104,0,112,0,133,0,132,0
4986.256579,104,0,112,0,133,0,132,0
4986.258431,104,0,112,0,133,0,132,0
4986.260630,104,0,112,0,133,0,132,0
4986.262613,104,0,112,0,133,0,132,0
4986.264544,104,0,112,0,133,0,132,0
4986.266569,104,0,112,0,133,0,132,0
4986.268584,104,0,112,0,133,0,132,0
4986.270564,104,0,112,0,133,0,132,0
4986.272582,104,0,112,0,133,0,132,0
4986.274821,104,0,112,0,133,0,132,0
4986.276485,104,0,112,0,133,0,132,0
4986.278532,104,0,112,0,133,0,132,0
4986.280450,104,0,112,0,133,0,132,0
4986.282477,104,0,112,0,133,0,132,0
4986.284570,104,0,112,0,133,0,132,0
4986.286460,104,0,112,0,133,0,132,0
4986.288473,104,0,112,0,133,0,132,0
4986.290445,104,0,112,0,133,0,132,0
4986.292408,104,0,112,0,133,0,132,0
4986.294177,104,0,112,0,133,0,132,0
4986.296638,104,0,112,0,133,0,132,0
4986.298406,104,0,112,0,133,0,132,0
4986.300611,104,0,112,0,133,0,132,0
4986.302447,104,0,112,0,133,0,132,0
4986.304604,104,0,112,0,133,0,132,0
4986.306629,104,0,112,0,133,0,132,0
4986.308596,104,0,112,0,133,0,132,0
4986.310344,104,0,112,0,133,0,132,0
4986.312192,104,0,112,0,133,0,132,0
4986.314516,104,0,112,0,133,0,132,0
4986.316424,104,0,112,0,133,0,132,0
4986.318502,104,0,112,0,133,0,132,0
4986.320227,104,0,112,0,133,0,132,0
4986.322725,104,0,112,0,133,0,132,0
4986.324584,104,0,112,0,133,0,132,0
4986.326195,104,0,112,0,133,0,132,0
4986.328412,104,0,112,0,133,0,132,0
4986.330561,104,0,112,0,133,0,132,0
4986.332611,104,0,112,0,133,0,132,0
4986.334644,104,0,112,0,133,0,132,0
4986.336596,104,0,112,0,133,0,132,0
4986.338437,104,0,112,0,133,0,132,0
4986.340559,104,0,112,0,133,0,132,0
4986.342260,104,0,112,0,133,0,132,0
4986.344296,104,0,112,0,133,0,132,0
4986.346249,104,0,112,0,133,0,132,0
4986.348732,104,0,112,0,133,0,132,0
4986.350619,104,0,112,0,133,0,132,0
4986.352622,104,0,112,0,133,0,132,0
4986.354579,104,0,112,0,133,0,132,0
4986.356609,104,0,112,0,133,0,132,0
4986.358463,104,0,112,0,133,0,132,0
4986.360588,104,0,112,0,133,0,132,0
4986.362530,104,0,112,0,133,0,132,0
4986.364526,104,0,112,0,133,0,132,0
4986.366591,104,0,112,0,133,0,132,0
4986.368643,104,0,112,0,133,0,132,0
4986.370582,104,0,112,0,133,0,132,0
4986.372614,104,0,112,0,133,0,132,0
4986.374762,104,0,112,0,133,0,132,0
4986.376648,104,0,112,0,133,0,132,0
4986.378664,104,0,112,0,133,0,132,0
4986.380469,104,0,112,0,133,0,132,0
4986.382251,104,0,112,0,133,0,132,0
4986.384342,104,0,112,0,133,0,132,0
4986.386295,104,0,112,0,133,0,132,0
4986.388358,104,0,112,0,133,0,132,0
4986.390586,104,0,112,0,133,0,132,0
4986.392256,104,0,112,0,133,0,132,0
4986.394632,104,0,112,0,133,0,132,0
4986.396491,104,0,112,0,133,0,132,0
4986.398629,104,0,112,0,133,0,132,0
4986.400233,104,0,112,0,133,0,132,0
4986.402222,104,0,112,0,133,0,132,0
4986.404169,104,0,112,0,133,0,132,0
4986.406295,104,0,112,0,133,0,132,0
4986.408616,104,0,112,0,133,0,132,0
4986.410376,104,0,112,0,133,0,132,0
4986.412554,104,0,112,0,133,0,132,0
4986.414578,104,0,112,0,133,0,132,0
4986.416397,104,0,112,0,133,0,132,0
4986.418211,104,0,112,0,133,0,132,0
4986.420383,104,0,112,0,133,0,132,0
4986.422399,104,0,112,0,133,0,132,0
4986.424375,104,0,112,0,133,0,132,0
4986.426372,104,0,112,0,133,0,132,0
4986.428435,104,0,112,0,133,0,132,0
4986.430405,104,0,112,0,133,0,132,0
4986.432401,104,0,112,0,133,0,132,0
4986.434422,104,0,112,0,133,0,132,0
4986.436469,104,0,112,0,133,0,132,0
4986.438451,104,0,112,0,133,0,132,0
4986.440404,104,0,112,0,133,0,132,0
4986.442214,104,0,112,0,133,0,132,0
4986.444370,104,0,112,0,133,0,132,0
4986.446430,104,0,112,0,133,0,132,0
4986.448485,104,0,112,0,133,0,132,0
4986.450441,104,0,112,0,133,0,132,0
4986.452448,104,0,112,0,133,0,132,0
4986.454521,104,0,112,0,133,0,132,0
4986.456454,104,0,112,0,133,0,132,0
4986.458408,104,0,112,0,133,0,132,0
4986.460321,104,0,112,0,133,0,132,0
4986.462360,104,0,112,0,133,0,132,0
4986.464438,104,0,112,0,133,0,132,0
4986.466350,104,0,112,0,133,0,132,0
4986.468489,104,0,112,0,133,0,132,0
4986.470454,104,0,112,0,133,0,132,0
4986.472481,104,0,112,0,133,0,132,0
4986.474703,104,0,112,0,133,0,132,0
4986.476449,104,0,112,0,133,0,132,0
4986.478404,104,0,112,0,133,0,132,0
4986.480292,104,0,112,0,133,0,132,0
4986.482255,104,0,112,0,133,0,132,0
4986.484372,104,0,112,0,133,0,132,0
4986.486313,104,0,112,0,133,0,132,0
4986.488331,104,0,112,0,133,0,132,0
4986.490361,104,0,112,0,133,0,132,0
4986.492419,104,0,112,0,133,0,132,0
4986.494350,104,0,112,0,133,0,132,0
4986.496415,104,0,112,0,133,0,132,0
4986.498490,104,0,112,0,133,0,132,0
4986.500440,104,0,112,0,133,0,132,0
4986.502440,104,0,112,0,133,0,132,0
4986.504377,104,0,112,0,133,0,132,0
4986.506444,104,0,112,0,133,0,132,0
4986.508471,104,0,112,0,133,0,132,0
4986.510373,104,0,112,0,133,0,132,0
4986.512448,104,0,112,0,133,0,132,0
4986.514475,104,0,112,0,133,0,132,0
4986.516430,104,0,112,0,133,0,132,0
4986.518381,104,0,112,0,133,0,132,0
4986.520418,104,0,112,0,133,0,132,0
4986.522417,104,0,112,0,133,0,132,0
4986.524378,104,0,112,0,133,0,132,0
4986.526415,104,0,112,0,133,0,132,0
4986.528429,104,0,112,0,133,0,132,0
4986.530594,104,0,112,0,133,0,132,0
4986.532514,104,0,112,0,133,0,132,0
4986.534555,104,0,112,0,133,0,132,0
4986.536567,104,0,112,0,133,0,132,0
4986.538546,104,0,112,0,133,0,132,0
4986.540601,104,0,112,0,133,0,132,0
4986.542590,104,0,112,0,133,0,132,0
4986.544617,104,0,112,0,133,0,132,0
4986.546578,104,0,112,0,133,0,132,0
4986.548560,104,0,112,0,133,0,132,0
4986.550463,104,0,112,0,133,0,132,0
4986.552625,104,0,112,0,133,0,132,0
4986.554623,104,0,112,0,133,0,132,0
4986.556484,104,0,112,0,133,0,132,0
4986.558632,104,0,112,0,133,0,132,0
4986.560645,104,0,112,0,133,0,132,0
4986.562660,104,0,112,0,133,0,132,0
4986.564638,104,0,112,0,133,0,132,0
4986.566601,104,0,112,0,133,0,132,0
4986.568465,104,0,112,0,133,0,132,0
4986.570624,104,0,112,0,133,0,132,0
4986.572629,104,0,112,0,133,0,132,0
4986.574560,104,0,112,0,133,0,132,0
4986.576603,104,0,112,0,133,0,132,0
4986.578640,104,0,112,0,133,0,132,0
4986.580479,104,0,112,0,133,0,132,0
4986.582636,104,0,112,0,133,0,132,0
4986.584596,104,0,112,0,133,0,132,0
4986.586364,104,0,112,0,133,0,132,0
4986.588417,104,0,112,0,133,0,132,0
4986.590646,104,0,112,0,133,0,132,0
4986.592636,104,0,112,0,133,0,132,0
4986.594659,104,0,112,0,133,0,132,0
4986.596645,104,0,112,0,133,0,132,0
4986.598679,104,0,112,0,133,0,132,0
4986.600412,104,0,112,0,133,0,132,0
4986.602395,104,0,112,0,133,0,132,0
4986.604321,104,0,112,0,133,0,132,0
4986.606598,104,0,112,0,133,0,132,0
4986.608617,104,0,112,0,133,0,132,0
4986.610632,104,0,112,0,133,0,132,0
4986.612661,104,0,112,0,133,0,132,0
4986.614528,104,0,112,0,133,0,132,0
4986.616526,104,0,112,0,133,0,132,0
4986.618571,104,0,112,0,133,0,132,0
4986.620577,104,0,112,0,133,0,132,0
4986.622661,104,0,112,0,133,0,132,0
4986.624782,104,0,112,0,133,0,132,0
4986.626598,104,0,112,0,133,0,132,0
4986.628415,104,0,112,0,133,0,132,0
4986.630590,104,0,112,0,133,0,132,0
4986.632594,104,0,112,0,133,0,132,0
4986.634594,104,0,112,0,133,0,132,0
4986.636603,104,0,112,0,133,0,132,0
4986.638638,104,0,112,0,133,0,132,0
4986.640650,104,0,112,0,133,0,132,0
4986.642635,104,0,112,0,133,0,132,0
4986.644673,104,0,112,0,133,0,132,0
4986.646521,104,0,112,0,133,0,132,0
4986.648674,104,0,112,0,133,0,132,0
4986.650489,104,0,112,0,133,0,132,0
4986.652638,104,0,112,0,133,0,132,0
4986.654659,104,0,112,0,133,0,132,0
4986.656675,104,0,112,0,133,0,132,0
4986.658711,104,0,112,0,133,0,132,0
4986.660437,104,0,112,0,133,0,132,0
4986.662521,104,0,112,0,133,0,132,0
4986.664502,104,0,112,0,133,0,132,0
4986.666396,104,0,112,0,133,0,132,0
4986.668648,104,0,112,0,133,0,132,0
4986.670616,104,0,112,0,133,0,132,0
4986.672614,104,0,112,0,133,0,132,0
4986.674729,104,0,112,0,133,0,132,0
4986.676327,104,0,112,0,133,0,132,0
4986.678440,104,0,112,0,133,0,132,0
4986.680590,104,0,112,0,133,0,132,0
4986.682656,104,0,112,0,133,0,132,0
4986.684665,104,0,112,0,133,0,132,0
4986.686653,104,0,112,0,133,0,132,0
4986.688705,104,0,112,0,133,0,132,0
4986.690308,104,0,112,0,133,0,132,0
4986.692477,104,0,112,0,133,0,132,0
4986.694655,104,0,112,0,133,0,132,0
4986.696638,104,0,112,0,133,0,132,0
4986.698338,104,0,112,0,133,0,132,0
4986.700451,104,0,112,0,133,0,132,0
4986.702625,104,0,112,0,133,0,132,0
4986.704589,104,0,112,0,133,0,132,0
4986.706388,104,0,112,0,133,0,132,0
4986.708709,104,0,112,0,133,0,132,0
4986.710686,104,0,112,0,133,0,132,0
4986.712681,104,0,112,0,133,0,132,0
4986.714678,104,0,112,0,133,0,132,0
4986.716720,104,0,112,0,133,0,132,0
4986.718743,104,0,112,0,133,0,132,0
4986.720480,104,0,112,0,133,0,132,0
4986.722496,104,0,112,0,133,0,132,0
4986.724753,104,0,112,0,133,0,132,0
4986.726426,104,0,112,0,133,0,132,0
4986.728521,104,0,112,0,133,0,132,0
4986.730452,104,0,112,0,133,0,132,0
4986.732487,104,0,112,0,133,0,132,0
4986.734456,104,0,112,0,133,0,132,0
4986.736595,104,0,112,0,133,0,132,0
4986.738733,104,0,112,0,133,0,132,0
4986.740625,104,0,112,0,133,0,132,0
4986.742632,104,0,112,0,133,0,132,0
4986.744587,104,0,112,0,133,0,132,0
4986.746472,104,0,112,0,133,0,132,0
4986.748670,104,0,112,0,133,0,132,0
4986.750659,104,0,112,0,133,0,132,0
4986.752644,104,0,112,0,133,0,132,0
4986.754591,104,0,112,0,133,0,132,0
4986.756674,104,0,112,0,133,0,132,0
4986.758676,104,0,112,0,133,0,132,0
4986.760649,104,0,112,0,133,0,132,0
4986.762651,104,0,112,0,133,0,132,0
4986.764541,104,0,112,0,133,0,132,0
4986.766697,104,0,112,0,133,0,132,0
4986.768714,104,0,112,0,133,0,132,0
4986.770652,104,0,112,0,133,0,132,0
4986.772646,104,0,112,0,133,0,132,0
4986.774638,104,0,112,0,133,0,132,0
4986.776647,104,0,112,0,133,0,132,0
4986.778593,104,0,112,0,133,0,132,0
4986.780616,104,0,112,0,133,0,132,0
4986.782467,104,0,112,0,133,0,132,0
4986.784396,104,0,112,0,133,0,132,0
4986.786630,104,0,112,0,133,0,132,0
4986.788701,104,0,112,0,133,0,132,0
4986.790672,104,0,112,0,133,0,132,0
4986.792649,104,0,112,0,133,0,132,0
4986.794473,104,0,112,0,133,0,132,0
4986.796629,104,0,112,0,133,0,132,0
4986.798682,104,0,112,0,133,0,132,0
4986.800196,104,0,112,0,133,0,132,0
4986.802477,104,0,112,0,133,0,132,0
4986.804474,104,0,112,0,133,0,132,0
4986.806469,104,0,112,0,133,0,132,0
4986.808418,104,0,112,0,133,0,132,0
4986.810469,104,0,112,0,133,0,132,0
4986.812456,104,0,112,0,133,0,132,0
4986.814649,104,0,112,0,133,0,132,0
4986.816513,104,0,112,0,133,0,132,0
4986.818499,104,0,112,0,133,0,132,0
4986.820506,104,0,112,0,133,0,132,0
4986.822634,104,0,112,0,133,0,132,0
4986.824821,104,0,112,0,133,0,132,0
4986.826447,104,0,112,0,133,0,132,0
4986.828598,104,0,112,0,133,0,132,0
4986.830523,104,0,112,0,133,0,132,0
4986.832437,104,0,112,0,133,0,132,0
4986.834509,104,0,112,0,133,0,132,0
4986.836642,104,0,112,0,133,0,132,0
4986.838670,104,0,112,0,133,0,132,0
4986.840679,104,0,112,0,133,0,132,0
4986.842657,104,0,112,0,133,0,132,0
4986.844515,104,0,112,0,133,0,132,0
4986.846650,104,0,112,0,133,0,132,0
4986.848593,104,0,112,0,133,0,132,0
4986.850679,104,0,112,0,133,0,132,0
4986.852702,104,0,112,0,133,0,132,0
4986.854661,104,0,112,0,133,0,132,0
4986.856664,104,0,112,0,133,0,132,0
4986.858342,104,0,112,0,133,0,132,0
4986.860605,104,0,112,0,133,0,132,0
4986.862422,104,0,112,0,133,0,132,0
4986.864696,104,0,112,0,133,0,132,0
4986.866430,104,0,112,0,133,0,132,0
4986.868716,104,0,112,0,133,0,132,0
4986.870658,104,0,112,0,133,0,132,0
4986.872663,104,0,112,0,133,0,132,0
4986.874841,104,0,112,0,133,0,132,0
4986.876454,104,0,112,0,133,0,132,0
4986.878704,104,0,112,0,133,0,132,0
4986.880687,104,0,112,0,133,0,132,0
4986.882505,104,0,112,0,133,0,132,0
4986.884714,104,0,112,0,133,0,132,0
4986.886655,104,0,112,0,133,0,132,0
4986.888650,104,0,112,0,133,0,132,0
4986.890619,104,0,112,0,133,0,132,0
4986.892576,104,0,112,0,133,0,132,0
4986.894635,104,0,112,0,133,0,132,0
4986.896638,104,0,112,0,133,0,132,0
4986.898519,104,0,112,0,133,0,132,0
4986.900677,104,0,112,0,133,0,132,0
4986.902695,104,0,112,0,133,0,132,0
4986.904706,104,0,112,0,133,0,132,0
4986.906368,104,0,112,0,133,0,132,0
4986.908661,104,0,112,0,133,0,132,0
4986.910640,104,0,112,0,133,0,132,0
4986.912657,104,0,112,0,133,0,132,0
4986.914661,104,0,112,0,133,0,132,0
4986.916454,104,0,112,0,133,0,132,0
4986.918534,104,0,112,0,133,0,132,0
4986.920501,104,0,112,0,133,0,132,0
4986.922324,104,0,112,0,133,0,132,0
4986.924515,104,0,112,0,133,0,132,0
4986.926437,104,0,112,0,133,0,132,0
4986.928466,104,0,112,0,133,0,132,0
4986.930421,104,0,112,0,133,0,132,0
4986.932654,104,0,112,0,133,0,132,0
4986.934478,104,0,112,0,133,0,132,0
4986.936654,104,0,112,0,133,0,132,0
4986.938466,104,0,112,0,133,0,132,0
4986.940402,104,0,112,0,133,0,132,0
4986.942627,104,0,112,0,133,0,132,0
4986.944432,104,0,112,0,133,0,132,0
4986.946281,104,0,112,0,133,0,132,0
4986.948270,104,0,112,0,133,0,132,0
4986.950349,104,0,112,0,133,0,132,0
4986.952691,104,0,112,0,133,0,132,0
4986.954683,104,0,112,0,133,0,132,0
4986.956516,104,0,112,0,133,0,132,0
4986.958411,104,0,112,0,133,0,132,0
4986.960545,104,0,112,0,133,0,132,0
4986.962641,104,0,112,0,133,0,132,0
4986.964597,104,0,112,0,133,0,132,0
4986.966482,104,0,112,0,133,0,132,0
4986.968673,104,0,112,0,133,0,132,0
4986.970630,104,0,112,0,133,0,132,0
4986.972620,104,0,112,0,133,0,132,0
4986.974719,104,0,112,0,133,0,132,0
4986.976633,104,0,112,0,133,0,132,0
4986.978660,104,0,112,0,133,0,132,0
4986.980681,104,0,112,0,133,0,132,0
4986.982664,104,0,112,0,133,0,132,0
4986.984542,104,0,112,0,133,0,132,0
4986.986718,104,0,112,0,133,0,132,0
4986.988655,104,0,112,0,133,0,132,0
4986.990685,104,0,112,0,133,0,132,0
4986.992674,104,0,112,0,133,0,132,0
4986.994443,104,0,112,0,133,0,132,0
4986.996663,104,0,112,0,133,0,132,0
4986.998703,104,0,112,0,133,0,132,0
4987.000673,104,0,112,0,133,0,132,0
4987.002451,104,0,112,0,133,0,132,0
4987.004494,104,0,112,0,133,0,132,0
4987.006372,104,0,112,0,133,0,132,0
4987.008486,104,0,112,0,133,0,132,0
4987.010359,104,0,112,0,133,0,132,0
4987.012476,104,0,112,0,133,0,132,0
4987.014478,104,0,112,0,133,0,132,0
4987.016390,104,0,112,0,133,0,132,0
4987.018736,104,0,112,0,133,0,132,0
4987.020353,104,0,112,0,133,0,132,0
4987.022377,104,0,112,0,133,0,132,0
4987.024303,104,0,112,0,133,0,132,0
4987.026350,104,0,112,0,133,0,132,0
4987.028468,104,0,112,0,133,0,132,0
4987.030585,104,0,112,0,133,0,132,0
4987.032586,104,0,112,0,133,0,132,0
4987.034598,104,0,112,0,133,0,132,0
4987.036396,104,0,112,0,133,0,132,0
4987.038442,104,0,112,0,133,0,132,0
4987.040616,104,0,112,0,133,0,132,0
4987.042405,104,0,112,0,133,0,132,0
4987.044406,104,0,112,0,133,0,132,0
4987.046412,104,0,112,0,133,0,132,0
4987.048609,104,0,112,0,133,0,132,0
4987.050538,104,0,112,0,133,0,132,0
4987.052544,104,0,112,0,133,0,132,0
4987.054570,104,0,112,0,133,0,132,0
4987.056706,104,0,112,0,133,0,132,0
4987.058776,104,0,112,0,133,0,132,0
4987.060643,104,0,112,0,133,0,132,0
4987.062643,104,0,112,0,133,0,132,0
4987.064657,104,0,112,0,133,0,132,0
4987.066651,104,0,112,0,133,0,132,0
4987.068717,104,0,112,0,133,0,132,0
4987.070671,104,0,112,0,133,0,132,0
4987.072539,104,0,112,0,133,0,132,0
4987.074878,104,0,112,0,133,0,132,0
4987.076689,104,0,112,0,133,0,132,0
4987.078725,104,0,112,0,133,0,132,0
4987.080695,104,0,112,0,133,0,132,0
4987.082494,104,0,112,0,133,0,132,0
4987.084675,104,0,112,0,133,0,132,0
4987.086681,104,0,112,0,133,0,132,0
4987.088702,104,0,112,0,133,0,132,0
4987.090682,104,0,112,0,133,0,132,0
4987.092483,104,0,112,0,133,0,132,0
4987.094546,104,0,112,0,133,0,132,0
4987.096716,104,0,112,0,133,0,132,0
4987.098710,104,0,112,0,133,0,132,0
4987.100561,104,0,112,0,133,0,132,0
4987.102605,104,0,112,0,133,0,132,0
4987.104640,104,0,112,0,133,0,132,0
4987.106604,104,0,112,0,133,0,132,0
4987.108644,104,0,112,0,133,0,132,0
4987.110664,104,0,112,0,133,0,132,0
4987.112611,104,0,112,0,133,0,132,0
4987.114621,104,0,112,0,133,0,132,0
4987.116623,104,0,112,0,133,0,132,0
4987.118702,104,0,112,0,133,0,132,0
4987.120759,104,0,112,0,133,0,132,0
4987.122697,104,0,112,0,133,0,132,0
4987.124938,104,0,112,0,133,0,132,0
4987.126498,104,0,112,0,133,0,132,0
4987.128723,104,0,112,0,133,0,132,0
4987.130702,104,0,112,0,133,0,132,0
4987.132694,104,0,112,0,133,0,132,0
4987.134634,104,0,112,0,133,0,132,0
4987.136653,104,0,112,0,133,0,132,0
4987.138632,104,0,112,0,133,0,132,0
4987.140716,104,0,112,0,133,0,132,0
4987.142710,104,0,112,0,133,0,132,0
4987.144568,104,0,112,0,133,0,132,0
4987.146701,104,0,112,0,133,0,132,0
4987.148661,104,0,112,0,133,0,132,0
4987.150690,104,0,112,0,133,0,132,0
4987.152673,104,0,112,0,133,0,132,0
4987.154671,104,0,112,0,133,0,132,0
4987.156687,104,0,112,0,133,0,132,0
4987.158735,104,0,112,0,133,0,132,0
4987.160677,104,0,112,0,133,0,132,0
4987.162458,104,0,112,0,133,0,132,0
4987.164697,104,0,112,0,133,0,132,0
4987.166706,104,0,112,0,133,0,132,0
4987.168724,104,0,112,0,133,0,132,0
4987.170677,104,0,112,0,133,0,132,0
4987.172691,104,0,112,0,133,0,132,0
4987.174728,104,0,112,0,133,0,132,0
4987.176367,104,0,112,0,133,0,132,0
4987.178264,104,0,112,0,133,0,132,0
4987.180473,104,0,112,0,133,0,132,0
4987.182322,104,0,112,0,133,0,132,0
4987.184670,104,0,112,0,133,0,132,0
4987.186615,104,0,112,0,133,0,132,0
4987.188665,104,0,112,0,133,0,132,0
4987.190635,104,0,112,0,133,0,132,0
4987.192647,104,0,112,0,133,0,132,0
4987.194636,104,0,112,0,133,0,132,0
4987.196690,104,0,112,0,133,0,132,0
4987.198715,104,0,112,0,133,0,132,0
4987.200744,104,0,112,0,133,0,132,0
4987.202486,104,0,112,0,133,0,132,0
4987.204456,104,0,112,0,133,0,132,0
4987.206422,104,0,112,0,133,0,132,0
4987.208562,104,0,112,0,133,0,132,0
4987.210452,104,0,112,0,133,0,132,0
4987.212452,104,0,112,0,133,0,132,0
4987.214469,104,0,112,0,133,0,132,0
4987.216531,104,0,112,0,133,0,132,0
4987.218524,104,0,112,0,133,0,132,0
4987.220501,104,0,112,0,133,0,132,0
4987.222522,104,0,112,0,133,0,132,0
4987.224987,104,0,112,0,133,0,132,0
4987.226504,104,0,112,0,133,0,132,0
4987.228542,104,0,112,0,133,0,132,0
4987.230476,104,0,112,0,133,0,132,0
4987.232568,104,0,112,0,133,0,132,0
4987.234493,104,0,112,0,133,0,132,0
4987.236592,104,0,112,0,133,0,132,0
4987.238656,104,0,112,0,133,0,132,0
4987.240641,104,0,112,0,133,0,132,0
4987.242263,104,0,112,0,133,0,132,0
4987.244729,104,0,112,0,133,0,132,0
4987.246623,104,0,112,0,133,0,132,0
4987.248697,104,0,112,0,133,0,132,0
4987.250698,104,0,112,0,133,0,132,0
4987.252350,104,0,112,0,133,0,132,0
4987.254688,104,0,112,0,133,0,132,0
4987.256907,104,0,112,0,133,0,132,0
4987.258615,104,0,112,0,133,0,132,0
4987.260626,104,0,112,0,133,0,132,0
4987.262703,104,0,112,0,133,0,132,0
4987.264682,104,0,112,0,133,0,132,0
4987.266662,104,0,112,0,133,0,132,0
4987.268669,104,0,112,0,133,0,132,0
4987.270718,104,0,112,0,133,0,132,0
4987.272719,104,0,112,0,133,0,132,0
4987.274895,104,0,112,0,133,0,132,0
4987.276585,104,0,112,0,133,0,132,0
4987.278761,104,0,112,0,133,0,132,0
4987.280614,104,0,112,0,133,0,132,0
4987.282654,104,0,112,0,133,0,132,0
4987.284647,104,0,112,0,133,0,132,0
4987.286643,104,0,112,0,133,0,132,0
4987.288631,104,0,112,0,133,0,132,0
4987.290610,104,0,112,0,133,0,132,0
4987.292630,104,0,112,0,133,0,132,0
4987.294442,104,0,112,0,133,0,132,0
4987.296658,104,0,112,0,133,0,132,0
4987.298600,104,0,112,0,133,0,132,0
4987.300379,104,0,112,0,133,0,132,0
4987.302389,104,0,112,0,133,0,132,0
4987.304466,104,0,112,0,133,0,132,0
4987.306228,104,0,112,0,133,0,132,0
4987.308528,104,0,112,0,133,0,132,0
4987.310624,104,0,112,0,133,0,132,0
4987.312776,104,0,112,0,133,0,132,0
4987.314657,104,0,112,0,133,0,132,0
4987.316681,104,0,112,0,133,0,132,0
4987.318528,104,0,112,0,133,0,132,0
4987.320651,104,0,112,0,133,0,132,0
4987.322482,104,0,112,0,133,0,132,0
4987.324653,104,0,112,0,133,0,132,0
4987.326687,104,0,112,0,133,0,132,0
4987.328718,104,0,112,0,133,0,132,0
4987.330694,104,0,112,0,133,0,132,0
4987.332666,104,0,112,0,133,0,132,0
4987.334674,104,0,112,0,133,0,132,0
4987.336643,104,0,112,0,133,0,132,0
4987.338677,104,0,112,0,133,0,132,0
4987.340460,104,0,112,0,133,0,132,0
4987.342654,104,0,112,0,133,0,132,0
4987.344687,104,0,112,0,133,0,132,0
4987.346583,104,0,112,0,133,0,132,0
4987.348690,104,0,112,0,133,0,132,0
4987.350644,104,0,112,0,133,0,132,0
4987.352631,104,0,112,0,133,0,132,0
4987.354654,104,0,112,0,133,0,132,0
4987.356603,104,0,112,0,133,0,132,0
4987.358539,104,0,112,0,133,0,132,0
4987.360702,104,0,112,0,133,0,132,0
4987.362698,104,0,112,0,133,0,132,0
4987.364654,104,0,112,0,133,0,132,0
4987.366694,104,0,112,0,133,0,132,0
4987.368728,104,0,112,0,133,0,132,0
4987.370560,104,0,112,0,133,0,132,0
4987.372706,104,0,112,0,133,0,132,0
4987.374936,104,0,112,0,133,0,132,0
4987.376568,104,0,112,0,133,0,132,0
4987.378738,104,0,112,0,133,0,132,0
4987.380738,104,0,112,0,133,0,132,0
4987.382397,104,0,112,0,133,0,132,0
4987.384495,104,0,112,0,133,0,132,0
4987.386589,104,0,112,0,133,0,132,0
4987.388597,104,0,112,0,133,0,132,0
4987.390506,104,0,112,0,133,0,132,0
4987.392474,104,0,112,0,133,0,132,0
4987.394699,104,0,112,0,133,0,132,0
4987.396511,104,0,112,0,133,0,132,0
4987.398552,104,0,112,0,133,0,132,0
4987.400696,104,0,112,0,133,0,132,0
4987.402779,104,0,112,0,133,0,132,0
4987.404550,104,0,112,0,133,0,132,0
4987.406514,104,0,112,0,133,0,132,0
4987.408568,104,0,112,0,133,0,132,0
4987.410524,104,0,112,0,133,0,132,0
4987.412578,104,0,112,0,133,0,132,0
4987.414697,104,0,112,0,133,0,132,0
4987.416724,104,0,112,0,133,0,132,0
4987.418564,104,0,112,0,133,0,132,0
4987.420519,104,0,112,0,133,0,132,0
4987.422722,104,0,112,0,133,0,132,0
4987.424914,104,0,112,0,133,0,132,0
4987.426560,104,0,112,0,133,0,132,0
4987.428543,104,0,112,0,133,0,132,0
4987.430530,104,0,112,0,133,0,132,0
4987.432471,104,0,112,0,133,0,132,0
4987.434499,104,0,112,0,133,0,132,0
4987.436512,104,0,112,0,133,0,132,0
4987.438552,104,0,112,0,133,0,132,0
4987.440491,104,0,112,0,133,0,132,0
4987.442597,104,0,112,0,133,0,132,0
4987.444684,104,0,112,0,133,0,132,0
4987.446611,104,0,112,0,133,0,132,0
4987.448703,104,0,112,0,133,0,132,0
4987.450490,104,0,112,0,133,0,132,0
4987.452661,104,0,112,0,133,0,132,0
4987.454635,104,0,112,0,133,0,132,0
4987.456661,104,0,112,0,133,0,132,0
4987.458669,104,0,112,0,133,0,132,0
4987.460645,104,0,112,0,133,0,132,0
4987.462736,104,0,112,0,133,0,132,0
4987.464669,104,0,112,0,133,0,132,0
4987.466374,104,0,112,0,133,0,132,0
4987.468756,104,0,112,0,133,0,132,0
4987.470723,104,0,112,0,133,0,132,0
4987.472763,104,0,112,0,133,0,132,0
4987.475071,104,0,112,0,133,0,132,0
4987.476746,104,0,112,0,133,0,132,0
4987.478950,104,0,112,0,133,0,132,0
4987.480760,104,0,112,0,133,0,132,0
4987.482513,104,0,112,0,133,0,132,0
4987.484643,104,0,112,0,133,0,132,0
4987.486624,104,0,112,0,133,0,132,0
4987.488675,104,0,112,0,133,0,132,0
4987.490588,104,0,112,0,133,0,132,0
4987.492666,104,0,112,0,133,0,132,0
4987.494769,104,0,112,0,133,0,132,0
4987.496773,104,0,112,0,133,0,132,0
4987.498562,104,0,112,0,133,0,132,0
4987.500768,104,0,112,0,133,0,132,0
4987.502746,104,0,112,0,133,0,132,0
4987.504570,104,0,112,0,133,0,132,0
4987.506619,104,0,112,0,133,0,132,0
4987.508644,104,0,112,0,133,0,132,0
4987.510639,104,0,112,0,133,0,132,0
4987.512453,104,0,112,0,133,0,132,0
4987.514378,104,0,112,0,133,0,132,0
4987.516681,104,0,112,0,133,0,132,0
4987.518718,104,0,112,0,133,0,132,0
4987.520710,104,0,112,0,133,0,132,0
4987.522501,104,0,112,0,133,0,132,0
4987.524663,104,0,112,0,133,0,132,0
4987.526662,104,0,112,0,133,0,132,0
4987.528662,104,0,112,0,133,0,132,0
4987.530468,104,0,112,0,133,0,132,0
4987.532656,104,0,112,0,133,0,132,0
4987.534690,104,0,112,0,133,0,132,0
4987.536700,104,0,112,0,133,0,132,0
4987.538716,104,0,112,0,133,0,132,0
4987.540681,104,0,112,0,133,0,132,0
4987.542682,104,0,112,0,133,0,132,0
4987.544668,104,0,112,0,133,0,132,0
4987.546728,104,0,112,0,133,0,132,0
4987.548740,104,0,112,0,133,0,132,0
4987.550729,104,0,112,0,133,0,132,0
4987.552703,104,0,112,0,133,0,132,0
4987.554719,104,0,112,0,133,0,132,0
4987.556577,104,0,112,0,133,0,132,0
4987.558643,104,0,112,0,133,0,132,0
4987.560472,104,0,112,0,133,0,132,0
4987.562631,104,0,112,0,133,0,132,0
4987.564655,104,0,112,0,133,0,132,0
4987.566774,104,0,112,0,133,0,132,0
4987.568771,104,0,112,0,133,0,132,0
4987.570745,104,0,112,0,133,0,132,0
4987.572776,104,0,112,0,133,0,132,0
4987.575091,104,0,112,0,133,0,132,0
4987.576650,104,0,112,0,133,0,132,0
4987.578491,104,0,112,0,133,0,132,0
4987.580574,104,0,112,0,133,0,132,0
4987.582631,104,0,112,0,133,0,132,0
4987.584667,104,0,112,0,133,0,132,0
4987.586695,104,0,112,0,133,0,132,0
4987.588812,104,0,112,0,133,0,132,0
4987.590760,104,0,112,0,133,0,132,0
4987.592786,104,0,112,0,133,0,132,0
4987.594784,104,0,112,0,133,0,132,0
4987.596425,104,0,112,0,133,0,132,0
4987.598720,104,0,112,0,133,0,132,0
4987.600706,104,0,112,0,133,0,132,0
4987.602429,104,0,112,0,133,0,132,0
4987.604629,104,0,112,0,133,0,132,0
4987.606549,104,0,112,0,133,0,132,0
4987.608576,104,0,112,0,133,0,132,0
4987.610719,104,0,112,0,133,0,132,0
4987.612721,104,0,112,0,133,0,132,0
4987.614506,104,0,112,0,133,0,132,0
4987.616667,104,0,112,0,133,0,132,0
4987.618681,104,0,112,0,133,0,132,0
4987.620657,104,0,112,0,133,0,132,0
4987.622612,104,0,112,0,133,0,132,0
4987.624647,104,0,112,0,133,0,132,0
4987.626667,104,0,112,0,133,0,132,0
4987.628675,104,0,112,0,133,0,132,0
4987.630445,104,0,112,0,133,0,132,0
4987.632640,104,0,112,0,133,0,132,0
4987.634642,104,0,112,0,133,0,132,0
4987.636762,104,0,112,0,133,0,132,0
4987.638794,104,0,112,0,133,0,132,0
4987.640760,104,0,112,0,133,0,132,0
4987.642604,104,0,112,0,133,0,132,0
4987.644709,104,0,112,0,133,0,132,0
4987.646700,104,0,112,0,133,0,132,0
4987.648599,104,0,112,0,133,0,132,0
4987.650703,104,0,112,0,133,0,132,0
4987.652696,104,0,112,0,133,0,132,0
4987.654685,104,0,112,0,133,0,132,0
4987.656753,104,0,112,0,133,0,132,0
4987.658754,104,0,112,0,133,0,132,0
4987.660718,104,0,112,0,133,0,132,0
4987.662655,104,0,112,0,133,0,132,0
4987.664738,104,0,112,0,133,0,132,0
4987.666695,104,0,112,0,133,0,132,0
4987.668736,104,0,112,0,133,0,132,0
4987.670688,104,0,112,0,133,0,132,0
4987.672699,104,0,112,0,133,0,132,0
4987.674825,104,0,112,0,133,0,132,0
4987.676500,104,0,112,0,133,0,132,0
4987.678555,104,0,112,0,133,0,132,0
4987.680520,104,0,112,0,133,0,132,0
4987.682512,104,0,112,0,133,0,132,0
4987.684530,104,0,112,0,133,0,132,0
4987.686531,104,0,112,0,133,0,132,0
4987.688516,104,0,112,0,133,0,132,0
4987.690526,104,0,112,0,133,0,132,0
4987.692493,104,0,112,0,133,0,132,0
4987.694684,104,0,112,0,133,0,132,0
4987.696447,104,0,112,0,133,0,132,0
4987.698559,104,0,112,0,133,0,132,0
4987.700461,104,0,112,0,133,0,132,0
4987.702457,104,0,112,0,133,0,132,0
4987.704661,104,0,112,0,133,0,132,0
4987.706478,104,0,112,0,133,0,132,0
4987.708591,104,0,112,0,133,0,132,0
4987.710532,104,0,112,0,133,0,132,0
4987.712720,104,0,112,0,133,0,132,0
4987.714716,104,0,112,0,133,0,132,0
4987.716758,104,0,112,0,133,0,132,0
4987.718757,104,0,112,0,133,0,132,0
4987.720683,104,0,112,0,133,0,132,0
4987.722582,104,0,112,0,133,0,132,0
4987.724823,104,0,112,0,133,0,132,0
4987.726686,104,0,112,0,133,0,132,0
4987.728635,104,0,112,0,133,0,132,0
4987.730686,104,0,112,0,133,0,132,0
4987.732690,104,0,112,0,133,0,132,0
4987.734753,104,0,112,0,133,0,132,0
4987.736730,104,0,112,0,133,0,132,0
4987.738735,104,0,112,0,133,0,132,0
4987.740552,104,0,112,0,133,0,132,0
4987.742567,104,0,112,0,133,0,132,0
4987.744290,104,0,112,0,133,0,132,0
4987.746298,104,0,112,0,133,0,132,0
4987.748214,104,0,112,0,133,0,132,0
4987.750311,104,0,112,0,133,0,132,0
4987.752296,104,0,112,0,133,0,132,0
4987.754325,104,0,112,0,133,0,132,0
4987.756337,104,0,112,0,133,0,132,0
4987.758508,104,0,112,0,133,0,132,0
4987.760391,104,0,112,0,133,0,132,0
4987.762391,104,0,112,0,133,0,132,0
4987.764386,104,0,112,0,133,0,132,0
4987.766388,104,0,112,0,133,0,132,0
4987.768440,104,0,112,0,133,0,132,0
4987.770432,104,0,112,0,133,0,132,0
4987.772430,104,0,112,0,133,0,132,0
4987.775158,104,0,112,0,133,0,132,0
4987.776698,104,0,112,0,133,0,132,0
4987.778746,104,0,112,0,133,0,132,0
4987.780578,104,0,112,0,133,0,132,0
4987.782726,104,0,112,0,133,0,132,0
4987.784412,104,0,112,0,133,0,132,0
4987.786558,104,0,112,0,133,0,132,0
4987.788788,104,0,112,0,133,0,132,0
4987.790766,104,0,112,0,133,0,132,0
4987.792614,104,0,112,0,133,0,132,0
4987.794771,104,0,112,0,133,0,132,0
4987.796790,104,0,112,0,133,0,132,0
4987.798551,104,0,112,0,133,0,132,0
4987.800771,104,0,112,0,133,0,132,0
4987.802739,104,0,112,0,133,0,132,0
4987.804566,104,0,112,0,133,0,132,0
4987.806613,104,0,112,0,133,0,132,0
4987.808780,104,0,112,0,133,0,132,0
4987.810733,104,0,112,0,133,0,132,0
4987.812767,104,0,112,0,133,0,132,0
4987.814743,104,0,112,0,133,0,132,0
4987.816587,104,0,112,0,133,0,132,0
4987.818818,104,0,112,0,133,0,132,0
4987.820788,104,0,112,0,133,0,132,0
4987.822813,104,0,112,0,133,0,132,0
4987.825022,104,0,112,0,133,0,132,0
4987.826698,104,0,112,0,133,0,132,0
4987.828743,104,0,112,0,133,0,132,0
4987.830714,104,0,112,0,133,0,132,0
4987.832703,104,0,112,0,133,0,132,0
4987.834509,104,0,112,0,133,0,132,0
4987.836842,104,0,112,0,133,0,132,0
4987.838884,104,0,112,0,133,0,132,0
4987.840609,104,0,112,0,133,0,132,0
4987.842770,104,0,112,0,133,0,132,0
4987.844751,104,0,112,0,133,0,132,0
4987.846608,104,0,112,0,133,0,132,0
4987.848833,104,0,112,0,133,0,132,0
4987.850775,104,0,112,0,133,0,132,0
4987.852676,104,0,112,0,133,0,132,0
4987.854817,104,0,112,0,133,0,132,0
4987.856811,104,0,112,0,133,0,132,0
4987.858843,104,0,112,0,133,0,132,0
4987.860628,104,0,112,0,133,0,132,0
4987.862700,104,0,112,0,133,0,132,0
4987.864720,104,0,112,0,133,0,132,0
4987.866716,104,0,112,0,133,0,132,0
4987.868528,104,0,112,0,133,0,132,0
4987.870696,104,0,112,0,133,0,132,0
4987.872727,104,0,112,0,133,0,132,0
4987.874700,104,0,112,0,133,0,132,0
4987.876723,104,0,112,0,133,0,132,0
4987.878727,104,0,112,0,133,0,132,0
4987.880754,104,0,112,0,133,0,132,0
4987.882774,104,0,112,0,133,0,132,0
4987.884457,104,0,112,0,133,0,132,0
4987.886552,104,0,112,0,133,0,132,0
4987.888384,104,0,112,0,133,0,132,0
4987.890753,104,0,112,0,133,0,132,0
4987.892826,104,0,112,0,133,0,132,0
4987.894524,104,0,112,0,133,0,132,0
4987.896737,104,0,112,0,133,0,132,0
4987.898498,104,0,112,0,133,0,132,0
4987.900785,104,0,112,0,133,0,132,0
4987.902605,104,0,112,0,133,0,132,0
4987.904783,104,0,112,0,133,0,132,0
4987.906785,104,0,112,0,133,0,132,0
4987.908819,104,0,112,0,133,0,132,0
4987.910834,104,0,112,0,133,0,132,0
4987.912646,104,0,112,0,133,0,132,0
4987.914818,104,0,112,0,133,0,132,0
4987.916825,104,0,112,0,133,0,132,0
4987.918819,104,0,112,0,133,0,132,0
4987.920558,104,0,112,0,133,0,132,0
4987.922867,104,0,112,0,133,0,132,0
4987.925033,104,0,112,0,133,0,132,0
4987.926626,104,0,112,0,133,0,132,0
4987.928625,104,0,112,0,133,0,132,0
4987.930548,104,0,112,0,133,0,132,0
4987.932528,104,0,112,0,133,0,132,0
4987.934719,104,0,112,0,133,0,132,0
4987.936592,104,0,112,0,133,0,132,0
4987.938577,104,0,112,0,133,0,132,0
4987.940519,104,0,112,0,133,0,132,0
4987.942574,104,0,112,0,133,0,132,0
4987.944538,104,0,112,0,133,0,132,0
4987.946505,104,0,112,0,133,0,132,0
4987.948559,104,0,112,0,133,0,132,0
4987.950598,104,0,112,0,133,0,132,0
4987.952600,104,0,112,0,133,0,132,0
4987.954651,104,0,112,0,133,0,132,0
4987.956773,104,0,112,0,133,0,132,0
4987.958816,104,0,112,0,133,0,132,0
4987.960660,104,0,112,0,133,0,132,0
4987.962787,104,0,112,0,133,0,132,0
4987.964653,104,0,112,0,133,0,132,0
4987.966598,104,0,112,0,133,0,132,0
4987.968824,104,0,112,0,133,0,132,0
4987.970600,104,0,112,0,133,0,132,0
4987.972619,104,0,112,0,133,0,132,0
4987.975017,104,0,112,0,133,0,132,0
4987.976821,104,0,112,0,133,0,132,0
4987.978816,104,0,112,0,133,0,132,0
4987.980795,104,0,112,0,133,0,132,0
4987.982731,104,0,112,0,133,0,132,0
4987.984617,104,0,112,0,133,0,132,0
4987.986600,104,0,112,0,133,0,132,0
4987.988589,104,0,112,0,133,0,132,0
4987.990528,104,0,112,0,133,0,132,0
4987.992546,104,0,112,0,133,0,132,0
4987.994529,104,0,112,0,133,0,132,0
4987.996536,104,0,112,0,133,0,132,0
4987.998729,104,0,112,0,133,0,132,0
4988.000587,104,0,112,0,133,0,132,0
4988.002564,104,0,112,0,133,0,132,0
4988.004562,104,0,112,0,133,0,132,0
4988.006609,104,0,112,0,133,0,132,0
4988.008594,104,0,112,0,133,0,132,0
4988.010612,104,0,112,0,133,0,132,0
4988.012709,104,0,112,0,133,0,132,0
4988.014519,104,0,112,0,133,0,132,0
4988.016737,104,0,112,0,133,0,132,0
4988.018530,104,0,112,0,133,0,132,0
4988.020583,104,0,112,0,133,0,132,0
4988.022550,104,0,112,0,133,0,132,0
4988.024540,104,0,112,0,133,0,132,0
4988.026584,104,0,112,0,133,0,132,0
4988.028563,104,0,112,0,133,0,132,0
4988.030702,104,0,112,0,133,0,132,0
4988.032667,104,0,112,0,133,0,132,0
4988.034725,104,0,112,0,133,0,132,0
4988.036755,104,0,112,0,133,0,132,0
4988.038552,104,0,112,0,133,0,132,0
4988.040696,104,0,112,0,133,0,132,0
4988.042904,104,0,112,0,133,0,132,0
4988.044858,104,0,112,0,133,0,132,0
4988.046601,104,0,112,0,133,0,132,0
4988.048877,104,0,112,0,133,0,132,0
4988.050838,104,0,112,0,133,0,132,0
4988.052856,104,0,112,0,133,0,132,0
4988.054537,104,0,112,0,133,0,132,0
4988.056673,104,0,112,0,133,0,132,0
4988.058887,104,0,112,0,133,0,132,0
4988.060842,104,0,112,0,133,0,132,0
4988.062919,104,0,112,0,133,0,132,0
4988.064833,104,0,112,0,133,0,132,0
4988.066825,104,0,112,0,133,0,132,0
4988.068881,104,0,112,0,133,0,132,0
4988.070844,104,0,112,0,133,0,132,0
4988.072831,104,0,112,0,133,0,132,0
4988.075029,104,0,112,0,133,0,132,0
4988.076632,104,0,112,0,133,0,132,0
4988.078593,104,0,112,0,133,0,132,0
4988.080587,104,0,112,0,133,0,132,0
4988.082668,104,0,112,0,133,0,132,0
4988.084615,104,0,112,0,133,0,132,0
4988.086844,104,0,112,0,133,0,132,0
4988.088609,104,0,112,0,133,0,132,0
4988.090739,104,0,112,0,133,0,132,0
4988.092566,104,0,112,0,133,0,132,0
4988.094551,104,0,112,0,133,0,132,0
4988.096589,104,0,112,0,133,0,132,0
4988.098647,104,0,112,0,133,0,132,0
4988.100560,104,0,112,0,133,0,132,0
4988.102623,104,0,112,0,133,0,132,0
4988.104729,104,0,112,0,133,0,132,0
4988.106599,104,0,112,0,133,0,132,0
4988.108841,104,0,112,0,133,0,132,0
4988.110623,104,0,112,0,133,0,132,0
4988.112721,104,0,112,0,133,0,132,0
4988.114556,104,0,112,0,133,0,132,0
4988.116679,104,0,112,0,133,0,132,0
4988.118617,104,0,112,0,133,0,132,0
4988.120572,104,0,112,0,133,0,132,0
4988.122756,104,0,112,0,133,0,132,0
4988.124835,104,0,112,0,133,0,132,0
4988.126627,104,0,112,0,133,0,132,0
4988.128791,104,0,112,0,133,0,132,0
4988.130608,104,0,112,0,133,0,132,0
4988.132625,104,0,112,0,133,0,132,0
4988.134857,104,0,112,0,133,0,132,0
4988.136718,104,0,112,0,133,0,132,0
4988.138679,104,0,112,0,133,0,132,0
4988.140905,104,0,112,0,133,0,132,0
4988.142851,104,0,112,0,133,0,132,0
4988.144556,104,0,112,0,133,0,132,0
4988.146643,104,0,112,0,133,0,132,0
4988.148894,104,0,112,0,133,0,132,0
4988.150862,104,0,112,0,133,0,132,0
4988.152753,104,0,112,0,133,0,132,0
4988.154715,104,0,112,0,133,0,132,0
4988.156697,104,0,112,0,133,0,132,0
4988.158879,104,0,112,0,133,0,132,0
4988.160852,104,0,112,0,133,0,132,0
4988.162658,104,0,112,0,133,0,132,0
4988.164590,104,0,112,0,133,0,132,0
4988.166617,104,0,112,0,133,0,132,0
4988.168598,104,0,112,0,133,0,132,0
4988.170566,104,0,112,0,133,0,132,0
4988.172587,104,0,112,0,133,0,132,0
4988.174980,104,0,112,0,133,0,132,0
4988.176693,104,0,112,0,133,0,132,0
4988.178921,104,0,112,0,133,0,132,0
4988.180634,104,0,112,0,133,0,132,0
4988.182752,104,0,112,0,133,0,132,0
4988.184588,104,0,112,0,133,0,132,0
4988.186610,104,0,112,0,133,0,132,0
4988.188502,104,0,112,0,133,0,132,0
4988.190653,104,0,112,0,133,0,132,0
4988.192651,104,0,112,0,133,0,132,0
4988.194485,104,0,112,0,133,0,132,0
4988.196420,104,0,112,0,133,0,132,0
4988.198429,104,0,112,0,133,0,132,0
4988.200423,104,0,112,0,133,0,132,0
4988.202405,104,0,112,0,133,0,132,0
4988.204825,104,0,112,0,133,0,132,0
4988.206685,104,0,112,0,133,0,132,0
4988.208638,104,0,112,0,133,0,132,0
4988.210603,104,0,112,0,133,0,132,0
4988.212806,104,0,112,0,133,0,132,0
4988.214807,104,0,112,0,133,0,132,0
4988.216913,104,0,112,0,133,0,132,0
4988.218886,104,0,112,0,133,0,132,0
4988.220640,104,0,112,0,133,0,132,0
4988.222833,104,0,112,0,133,0,132,0
4988.225046,104,0,112,0,133,0,132,0
4988.226577,104,0,112,0,133,0,132,0
4988.228793,104,0,112,0,133,0,132,0
4988.230549,104,0,112,0,133,0,132,0
4988.232580,104,0,112,0,133,0,132,0
4988.234600,104,0,112,0,133,0,132,0
4988.236572,104,0,112,0,133,0,132,0
4988.238556,104,0,112,0,133,0,132,0
4988.240543,104,0,112,0,133,0,132,0
4988.242595,104,0,112,0,133,0,132,0
4988.244588,104,0,112,0,133,0,132,0
4988.246794,104,0,112,0,133,0,132,0
4988.248719,104,0,112,0,133,0,132,0
4988.250767,104,0,112,0,133,0,132,0
4988.252633,104,0,112,0,133,0,132,0
4988.254774,104,0,112,0,133,0,132,0
4988.256706,104,0,112,0,133,0,132,0
4988.258690,104,0,112,0,133,0,132,0
4988.260905,104,0,112,0,133,0,132,0
4988.262644,104,0,112,0,133,0,132,0
4988.264668,104,0,112,0,133,0,132,0
4988.266619,104,0,112,0,133,0,132,0
4988.268843,104,0,112,0,133,0,132,0
4988.270607,104,0,112,0,133,0,132,0
4988.272594,104,0,112,0,133,0,132,0
4988.274744,104,0,112,0,133,0,132,0
4988.276671,104,0,112,0,133,0,132,0
4988.278764,104,0,112,0,133,0,132,0
4988.280550,104,0,112,0,133,0,132,0
4988.282663,104,0,112,0,133,0,132,0
4988.284778,104,0,112,0,133,0,132,0
4988.286897,104,0,112,0,133,0,132,0
4988.288908,104,0,112,0,133,0,132,0
4988.290896,104,0,112,0,133,0,132,0
4988.292897,104,0,112,0,133,0,132,0
4988.294887,104,0,112,0,133,0,132,0
4988.296822,104,0,112,0,133,0,132,0
4988.298637,104,0,112,0,133,0,132,0
4988.300730,104,0,112,0,133,0,132,0
4988.302837,104,0,112,0,133,0,132,0
4988.304824,104,0,112,0,133,0,132,0
4988.306703,104,0,112,0,133,0,132,0
4988.308852,104,0,112,0,133,0,132,0
4988.310766,104,0,112,0,133,0,132,0
4988.312824,104,0,112,0,133,0,132,0
4988.314818,104,0,112,0,133,0,132,0
4988.316704,104,0,112,0,133,0,132,0
4988.318878,104,0,112,0,133,0,132,0
4988.320870,104,0,112,0,133,0,132,0
4988.322964,104,0,112,0,133,0,132,0
4988.324819,104,0,112,0,133,0,132,0
4988.326792,104,0,112,0,133,0,132,0
4988.328677,104,0,112,0,133,0,132,0
4988.330594,104,0,112,0,133,0,132,0
4988.332771,104,0,112,0,133,0,132,0
4988.334652,104,0,112,0,133,0,132,0
4988.336833,104,0,112,0,133,0,132,0
4988.338538,104,0,112,0,133,0,132,0
4988.340856,104,0,112,0,133,0,132,0
4988.342833,104,0,112,0,133,0,132,0
4988.344856,104,0,112,0,133,0,132,0
4988.346818,104,0,112,0,133,0,132,0
4988.348839,104,0,112,0,133,0,132,0
4988.350820,104,0,112,0,133,0,132,0
4988.352627,104,0,112,0,133,0,132,0
4988.354833,104,0,112,0,133,0,132,0
4988.356854,104,0,112,0,133,0,132,0
4988.358929,104,0,112,0,133,0,132,0
4988.360857,104,0,112,0,133,0,132,0
4988.362844,104,0,112,0,133,0,132,0
4988.364882,104,0,112,0,133,0,132,0
4988.366844,104,0,112,0,133,0,132,0
4988.368820,104,0,112,0,133,0,132,0
4988.370573,104,0,112,0,133,0,132,0
4988.372628,104,0,112,0,133,0,132,0
4988.374580,104,0,112,0,133,0,132,0
4988.376637,104,0,112,0,133,0,132,0
4988.378675,104,0,112,0,133,0,132,0
4988.380551,104,0,112,0,133,0,132,0
4988.382492,104,0,112,0,133,0,132,0
4988.384841,104,0,112,0,133,0,132,0
4988.386859,104,0,112,0,133,0,132,0
4988.388616,104,0,112,0,133,0,132,0
4988.390533,104,0,112,0,133,0,132,0
4988.392818,104,0,112,0,133,0,132,0
4988.394630,104,0,112,0,133,0,132,0
4988.396815,104,0,112,0,133,0,132,0
4988.398823,104,0,112,0,133,0,132,0
4988.400661,104,0,112,0,133,0,132,0
4988.402865,104,0,112,0,133,0,132,0
4988.404509,104,0,112,0,133,0,132,0
4988.406576,104,0,112,0,133,0,132,0
4988.408948,104,0,112,0,133,0,132,0
4988.410900,104,0,112,0,133,0,132,0
4988.412864,104,0,112,0,133,0,132,0
4988.414720,104,0,112,0,133,0,132,0
4988.416688,104,0,112,0,133,0,132,0
4988.418863,104,0,112,0,133,0,132,0
4988.420620,104,0,112,0,133,0,132,0
4988.422645,104,0,112,0,133,0,132,0
4988.425004,104,0,112,0,133,0,132,0
4988.426568,104,0,112,0,133,0,132,0
4988.428735,104,0,112,0,133,0,132,0
4988.430562,104,0,112,0,133,0,132,0
4988.432714,104,0,112,0,133,0,132,0
4988.434548,104,0,112,0,133,0,132,0
4988.436452,104,0,112,0,133,0,132,0
4988.438747,104,0,112,0,133,0,132,0
4988.440726,104,0,112,0,133,0,132,0
4988.442721,104,0,112,0,133,0,132,0
4988.444782,104,0,112,0,133,0,132,0
4988.446763,104,0,112,0,133,0,132,0
4988.448627,104,0,112,0,133,0,132,0
4988.450718,104,0,112,0,133,0,132,0
4988.452734,104,0,112,0,133,0,132,0
4988.454736,104,0,112,0,133,0,132,0
4988.456761,104,0,112,0,133,0,132,0
4988.458900,104,0,112,0,133,0,132,0
4988.460634,104,0,112,0,133,0,132,0
4988.462807,104,0,112,0,133,0,132,0
4988.464790,104,0,112,0,133,0,132,0
4988.466564,104,0,112,0,133,0,132,0
4988.468756,104,0,112,0,133,0,132,0
4988.470727,104,0,112,0,133,0,132,0
4988.472734,104,0,112,0,133,0,132,0
4988.474859,104,0,112,0,133,0,132,0
4988.476696,104,0,112,0,133,0,132,0
4988.478786,104,0,112,0,133,0,132,0
4988.480788,104,0,112,0,133,0,132,0
4988.482773,104,0,112,0,133,0,132,0
4988.484769,104,0,112,0,133,0,132,0
4988.486534,104,0,112,0,133,0,132,0
4988.488809,104,0,112,0,133,0,132,0
4988.490771,104,0,112,0,133,0,132,0
4988.492827,104,0,112,0,133,0,132,0
4988.494786,104,0,112,0,133,0,132,0
4988.496813,104,0,112,0,133,0,132,0
4988.498854,104,0,112,0,133,0,132,0
4988.500607,104,0,112,0,133,0,132,0
4988.502736,104,0,112,0,133,0,132,0
4988.504713,104,0,112,0,133,0,132,0
4988.506712,104,0,112,0,133,0,132,0
4988.508753,104,0,112,0,133,0,132,0
4988.510754,104,0,112,0,133,0,132,0
4988.512772,104,0,112,0,133,0,132,0
4988.514702,104,0,112,0,133,0,132,0
4988.516751,104,0,112,0,133,0,132,0
4988.518638,104,0,112,0,133,0,132,0
4988.520772,104,0,112,0,133,0,132,0
4988.522497,104,0,112,0,133,0,132,0
4988.524852,104,0,112,0,133,0,132,0
4988.526751,104,0,112,0,133,0,132,0
4988.528764,104,0,112,0,133,0,132,0
4988.530752,104,0,112,0,133,0,132,0
4988.532676,104,0,112,0,133,0,132,0
4988.534738,104,0,112,0,133,0,132,0
4988.536783,104,0,112,0,133,0,132,0
4988.538822,104,0,112,0,133,0,132,0
4988.540822,104,0,112,0,133,0,132,0
4988.542782,104,0,112,0,133,0,132,0
4988.544773,104,0,112,0,133,0,132,0
4988.546803,104,0,112,0,133,0,132,0
4988.548768,104,0,112,0,133,0,132,0
4988.550653,104,0,112,0,133,0,132,0
4988.552783,104,0,112,0,133,0,132,0
4988.554828,104,0,112,0,133,0,132,0
4988.556809,104,0,112,0,133,0,132,0
4988.558515,104,0,112,0,133,0,132,0
4988.560801,104,0,112,0,133,0,132,0
4988.562825,104,0,112,0,133,0,132,0
4988.564794,104,0,112,0,133,0,132,0
4988.566831,104,0,112,0,133,0,132,0
4988.568846,104,0,112,0,133,0,132,0
4988.570778,104,0,112,0,133,0,132,0
4988.572751,104,0,112,0,133,0,132,0
4988.574818,104,0,112,0,133,0,132,0
4988.576746,104,0,112,0,133,0,132,0
4988.578973,104,0,112,0,133,0,132,0
4988.580744,104,0,112,0,133,0,132,0
4988.582712,104,0,112,0,133,0,132,0
4988.584793,104,0,112,0,133,0,132,0
4988.586513,104,0,112,0,133,0,132,0
4988.588775,104,0,112,0,133,0,132,0
4988.590569,104,0,112,0,133,0,132,0
4988.592846,104,0,112,0,133,0,132,0
4988.594895,104,0,112,0,133,0,132,0
4988.596829,104,0,112,0,133,0,132,0
4988.598614,104,0,112,0,133,0,132,0
4988.600635,104,0,112,0,133,0,132,0
4988.602801,104,0,112,0,133,0,132,0
4988.604785,104,0,112,0,133,0,132,0
4988.606793,104,0,112,0,133,0,132,0
4988.608687,104,0,112,0,133,0,132,0
4988.610832,104,0,112,0,133,0,132,0
4988.612820,104,0,112,0,133,0,132,0
4988.614739,104,0,112,0,133,0,132,0
4988.616802,104,0,112,0,133,0,132,0
4988.618651,104,0,112,0,133,0,132,0
4988.620641,104,0,112,0,133,0,132,0
4988.622808,104,0,112,0,133,0,132,0
4988.624943,104,0,112,0,133,0,132,0
4988.626693,104,0,112,0,133,0,132,0
4988.628874,104,0,112,0,133,0,132,0
4988.630850,104,0,112,0,133,0,132,0
4988.632841,104,0,112,0,133,0,132,0
4988.634815,104,0,112,0,133,0,132,0
4988.636651,104,0,112,0,133,0,132,0
4988.638809,104,0,112,0,133,0,132,0
4988.640785,104,0,112,0,133,0,132,0
4988.642705,104,0,112,0,133,0,132,0
4988.644589,104,0,112,0,133,0,132,0
4988.646656,104,0,112,0,133,0,132,0
4988.648623,104,0,112,0,133,0,132,0
4988.650815,104,0,112,0,133,0,132,0
4988.652716,104,0,112,0,133,0,132,0
4988.654744,104,0,112,0,133,0,132,0
4988.656687,104,0,112,0,133,0,132,0
4988.658514,104,0,112,0,133,0,132,0
4988.660761,104,0,112,0,133,0,132,0
4988.662836,104,0,112,0,133,0,132,0
4988.664852,104,0,112,0,133,0,132,0
4988.666825,104,0,112,0,133,0,132,0
4988.668908,104,0,112,0,133,0,132,0
4988.670817,104,0,112,0,133,0,132,0
4988.672753,104,0,112,0,133,0,132,0
4988.674745,104,0,112,0,133,0,132,0
4988.676753,104,0,112,0,133,0,132,0
4988.678773,104,0,112,0,133,0,132,0
4988.680804,104,0,112,0,133,0,132,0
4988.682799,104,0,112,0,133,0,132,0
4988.684727,104,0,112,0,133,0,132,0
4988.686826,104,0,112,0,133,0,132,0
4988.688807,104,0,112,0,133,0,132,0
4988.690731,104,0,112,0,133,0,132,0
4988.692762,104,0,112,0,133,0,132,0
4988.694683,104,0,112,0,133,0,132,0
4988.696744,104,0,112,0,133,0,132,0
4988.698943,104,0,112,0,133,0,132,0
4988.700753,104,0,112,0,133,0,132,0
4988.702835,104,0,112,0,133,0,132,0
4988.704860,104,0,112,0,133,0,132,0
4988.706855,104,0,112,0,133,0,132,0
4988.708897,104,0,112,0,133,0,132,0
4988.710858,104,0,112,0,133,0,132,0
4988.712671,104,0,112,0,133,0,132,0
4988.714566,104,0,112,0,133,0,132,0
4988.716615,104,0,112,0,133,0,132,0
4988.718773,104,0,112,0,133,0,132,0
4988.720746,104,0,112,0,133,0,132,0
4988.722609,104,0,112,0,133,0,132,0
4988.724746,104,0,112,0,133,0,132,0
4988.726724,104,0,112,0,133,0,132,0
4988.728766,104,0,112,0,133,0,132,0
4988.730744,104,0,112,0,133,0,132,0
4988.732545,104,0,112,0,133,0,132,0
4988.734752,104,0,112,0,133,0,132,0
4988.736765,104,0,112,0,133,0,132,0
4988.738778,104,0,112,0,133,0,132,0
4988.740753,104,0,112,0,133,0,132,0
4988.742623,104,0,112,0,133,0,132,0
4988.744827,104,0,112,0,133,0,132,0
4988.746822,104,0,112,0,133,0,132,0
4988.748857,104,0,112,0,133,0,132,0
4988.750675,104,0,112,0,133,0,132,0
4988.752736,104,0,112,0,133,0,132,0
4988.754731,104,0,112,0,133,0,132,0
4988.756758,104,0,112,0,133,0,132,0
4988.758814,104,0,112,0,133,0,132,0
4988.760821,104,0,112,0,133,0,132,0
4988.762845,104,0,112,0,133,0,132,0
4988.764804,104,0,112,0,133,0,132,0
4988.766562,104,0,112,0,133,0,132,0
4988.768820,104,0,112,0,133,0,132,0
4988.770808,104,0,112,0,133,0,132,0
4988.772784,104,0,112,0,133,0,132,0
4988.774915,104,0,112,0,133,0,132,0
4988.776784,104,0,112,0,133,0,132,0
4988.779018,104,0,112,0,133,0,132,0
4988.780831,104,0,112,0,133,0,132,0
4988.782663,104,0,112,0,133,0,132,0
4988.784671,104,0,112,0,133,0,132,0
4988.786937,104,0,112,0,133,0,132,0
4988.788818,104,0,112,0,133,0,132,0
4988.790807,104,0,112,0,133,0,132,0
4988.792752,104,0,112,0,133,0,132,0
4988.794752,104,0,112,0,133,0,132,0
4988.796729,104,0,112,0,133,0,132,0
4988.798768,104,0,112,0,133,0,132,0
4988.800743,104,0,112,0,133,0,132,0
4988.802847,104,0,112,0,133,0,132,0
4988.804706,104,0,112,0,133,0,132,0
4988.806777,104,0,112,0,133,0,132,0
4988.808777,104,0,112,0,133,0,132,0
4988.810590,104,0,112,0,133,0,132,0
4988.812621,104,0,112,0,133,0,132,0
4988.814648,104,0,112,0,133,0,132,0
4988.816850,104,0,112,0,133,0,132,0
4988.818703,104,0,112,0,133,0,132,0
4988.820875,104,0,112,0,133,0,132,0
4988.822523,104,0,112,0,133,0,132,0
4988.824731,104,0,112,0,133,0,132,0
4988.826714,104,0,112,0,133,0,132,0
4988.828726,104,0,112,0,133,0,132,0
4988.830553,104,0,112,0,133,0,132,0
4988.832713,104,0,112,0,133,0,132,0
4988.834571,104,0,112,0,133,0,132,0
4988.836635,104,0,112,0,133,0,132,0
4988.838827,104,0,112,0,133,0,132,0
4988.840812,104,0,112,0,133,0,132,0
4988.842831,104,0,112,0,133,0,132,0
4988.844565,104,0,112,0,133,0,132,0
4988.846802,104,0,112,0,133,0,132,0
4988.848849,104,0,112,0,133,0,132,0
4988.850555,104,0,112,0,133,0,132,0
4988.852661,104,0,112,0,133,0,132,0
4988.854718,104,0,112,0,133,0,132,0
4988.856649,104,0,112,0,133,0,132,0
4988.858796,104,0,112,0,133,0,132,0
4988.860775,104,0,112,0,133,0,132,0
4988.862612,104,0,112,0,133,0,132,0
4988.864677,104,0,112,0,133,0,132,0
4988.866833,104,0,112,0,133,0,132,0
4988.868710,104,0,112,0,133,0,132,0
4988.870503,104,0,112,0,133,0,132,0
4988.872673,104,0,112,0,133,0,132,0
4988.874717,104,0,112,0,133,0,132,0
4988.876581,104,0,112,0,133,0,132,0
4988.878735,104,0,112,0,133,0,132,0
4988.880765,104,0,112,0,133,0,132,0
4988.882781,104,0,112,0,133,0,132,0
4988.884744,104,0,112,0,133,0,132,0
4988.886847,104,0,112,0,133,0,132,0
4988.888905,104,0,112,0,133,0,132,0
4988.890817,104,0,112,0,133,0,132,0
4988.892815,104,0,112,0,133,0,132,0
4988.894753,104,0,112,0,133,0,132,0
4988.896700,104,0,112,0,133,0,132,0
4988.898839,104,0,112,0,133,0,132,0
4988.900854,104,0,112,0,133,0,132,0
4988.902800,104,0,112,0,133,0,132,0
4988.904770,104,0,112,0,133,0,132,0
4988.906773,104,0,112,0,133,0,132,0
4988.908611,104,0,112,0,133,0,132,0
4988.910599,104,0,112,0,133,0,132,0
4988.912775,104,0,112,0,133,0,132,0
4988.914611,104,0,112,0,133,0,132,0
4988.916631,104,0,112,0,133,0,132,0
4988.918688,104,0,112,0,133,0,132,0
4988.920601,104,0,112,0,133,0,132,0
4988.922594,104,0,112,0,133,0,132,0
4988.925108,104,0,112,0,133,0,132,0
4988.926852,104,0,112,0,133,0,132,0
4988.928902,104,0,112,0,133,0,132,0
4988.930625,104,0,112,0,133,0,132,0
4988.932615,104,0,112,0,133,0,132,0
4988.934617,104,0,112,0,133,0,132,0
4988.936685,104,0,112,0,133,0,132,0
4988.938623,104,0,112,0,133,0,132,0
4988.940757,104,0,112,0,133,0,132,0
4988.942628,104,0,112,0,133,0,132,0
4988.944553,104,0,112,0,133,0,132,0
4988.946624,104,0,112,0,133,0,132,0
4988.948704,104,0,112,0,133,0,132,0
4988.950616,104,0,112,0,133,0,132,0
4988.952805,104,0,112,0,133,0,132,0
4988.954564,104,0,112,0,133,0,132,0
4988.956705,104,0,112,0,133,0,132,0
4988.958840,104,0,112,0,133,0,132,0
4988.960841,104,0,112,0,133,0,132,0
4988.962822,104,0,112,0,133,0,132,0
4988.964828,104,0,112,0,133,0,132,0
4988.966807,104,0,112,0,133,0,132,0
4988.968826,104,0,112,0,133,0,132,0
4988.971042,104,0,112,0,133,0,132,0
4988.972824,104,0,112,0,133,0,132,0
4988.974884,104,0,112,0,133,0,132,0
4988.976760,104,0,112,0,133,0,132,0
4988.978461,104,0,112,0,133,0,132,0
4988.980617,104,0,112,0,133,0,132,0
4988.982628,104,0,112,0,133,0,132,0
4988.984753,104,0,112,0,133,0,132,0
4988.986870,104,0,112,0,133,0,132,0
4988.988881,104,0,112,0,133,0,132,0
4988.991163,104,0,112,0,133,0,132,0
4988.992897,104,0,112,0,133,0,132,0
4988.994867,104,0,112,0,133,0,132,0
4988.996817,104,0,112,0,133,0,132,0
4988.998799,104,0,112,0,133,0,132,0
4989.000550,104,0,112,0,133,0,132,0
4989.002829,104,0,112,0,133,0,132,0
4989.004792,104,0,112,0,133,0,132,0
4989.006446,104,0,112,0,133,0,132,0
4989.008614,104,0,112,0,133,0,132,0
4989.010777,104,0,112,0,133,0,132,0
4989.012658,104,0,112,0,133,0,132,0
4989.014857,104,0,112,0,133,0,132,0
4989.016849,104,0,112,0,133,0,132,0
4989.018848,104,0,112,0,133,0,132,0
4989.020874,104,0,112,0,133,0,132,0
4989.022844,104,0,112,0,133,0,132,0
4989.024975,104,0,112,0,133,0,132,0
4989.026882,104,0,112,0,133,0,132,0
4989.028858,104,0,112,0,133,0,132,0
4989.030590,104,0,112,0,133,0,132,0
4989.032818,104,0,112,0,133,0,132,0
4989.034715,104,0,112,0,133,0,132,0
4989.036640,104,0,112,0,133,0,132,0
4989.038856,104,0,112,0,133,0,132,0
4989.040819,104,0,112,0,133,0,132,0
4989.042801,104,0,112,0,133,0,132,0
4989.044472,104,0,112,0,133,0,132,0
4989.046578,104,0,112,0,133,0,132,0
4989.048533,104,0,112,0,133,0,132,0
4989.050743,104,0,112,0,133,0,132,0
4989.052709,104,0,112,0,133,0,132,0
4989.054848,104,0,112,0,133,0,132,0
4989.056840,104,0,112,0,133,0,132,0
4989.058883,104,0,112,0,133,0,132,0
4989.060864,104,0,112,0,133,0,132,0
4989.062819,104,0,112,0,133,0,132,0
4989.064776,104,0,112,0,133,0,132,0
4989.066821,104,0,112,0,133,0,132,0
4989.068870,104,0,112,0,133,0,132,0
4989.070845,104,0,112,0,133,0,132,0
4989.072830,104,0,112,0,133,0,132,0
4989.075049,104,0,112,0,133,0,132,0
4989.076775,104,0,112,0,133,0,132,0
4989.078834,104,0,112,0,133,0,132,0
4989.080817,104,0,112,0,133,0,132,0
4989.082828,104,0,112,0,133,0,132,0
4989.084819,104,0,112,0,133,0,132,0
4989.086824,104,0,112,0,133,0,132,0
4989.088861,104,0,112,0,133,0,132,0
4989.090873,104,0,112,0,133,0,132,0
4989.092845,104,0,112,0,133,0,132,0
4989.094838,104,0,112,0,133,0,132,0
4989.096906,104,0,112,0,133,0,132,0
4989.098872,104,0,112,0,133,0,132,0
4989.100742,104,0,112,0,133,0,132,0
4989.102814,104,0,112,0,133,0,132,0
4989.104827,104,0,112,0,133,0,132,0
4989.106839,104,0,112,0,133,0,132,0
4989.108531,104,0,112,0,133,0,132,0
4989.110670,104,0,112,0,133,0,132,0
4989.112663,104,0,112,0,133,0,132,0
4989.114833,104,0,112,0,133,0,132,0
4989.116536,104,0,112,0,133,0,132,0
4989.118927,104,0,112,0,133,0,132,0
4989.120907,104,0,112,0,133,0,132,0
4989.122829,104,0,112,0,133,0,132,0
4989.124887,104,0,112,0,133,0,132,0
4989.126866,104,0,112,0,133,0,132,0
4989.128875,104,0,112,0,133,0,132,0
4989.130797,104,0,112,0,133,0,132,0
4989.132823,104,0,112,0,133,0,132,0
4989.134868,104,0,112,0,133,0,132,0
4989.136813,104,0,112,0,133,0,132,0
4989.138870,104,0,112,0,133,0,132,0
4989.140806,104,0,112,0,133,0,132,0
4989.142797,104,0,112,0,133,0,132,0
4989.144764,104,0,112,0,133,0,132,0
4989.146783,104,0,112,0,133,0,132,0
4989.148812,104,0,112,0,133,0,132,0
4989.150812,104,0,112,0,133,0,132,0
4989.152811,104,0,112,0,133,0,132,0
4989.154800,104,0,112,0,133,0,132,0
4989.156815,104,0,112,0,133,0,132,0
4989.158890,104,0,112,0,133,0,132,0
4989.160820,104,0,112,0,133,0,132,0
4989.162840,104,0,112,0,133,0,132,0
4989.164842,104,0,112,0,133,0,132,0
4989.166840,104,0,112,0,133,0,132,0
4989.168870,104,0,112,0,133,0,132,0
4989.170773,104,0,112,0,133,0,132,0
4989.172783,104,0,112,0,133,0,132,0
4989.175102,104,0,112,0,133,0,132,0
4989.176861,104,0,112,0,133,0,132,0
4989.178842,104,0,112,0,133,0,132,0
4989.180786,104,0,112,0,133,0,132,0
4989.182380,104,0,112,0,133,0,132,0
4989.184345,104,0,112,0,133,0,132,0
4989.186746,104,0,112,0,133,0,132,0
4989.188515,104,0,112,0,133,0,132,0
4989.190742,104,0,112,0,133,0,132,0
4989.192842,104,0,112,0,133,0,132,0
4989.194491,104,0,112,0,133,0,132,0
4989.196901,104,0,112,0,133,0,132,0
4989.198860,104,0,112,0,133,0,132,0
4989.200832,104,0,112,0,133,0,132,0
4989.202871,104,0,112,0,133,0,132,0
4989.204878,104,0,112,0,133,0,132,0
4989.206780,104,0,112,0,133,0,132,0
4989.208571,104,0,112,0,133,0,132,0
4989.210795,104,0,112,0,133,0,132,0
4989.212779,104,0,112,0,133,0,132,0
4989.214787,104,0,112,0,133,0,132,0
4989.216850,104,0,112,0,133,0,132,0
4989.218942,104,0,112,0,133,0,132,0
4989.220864,104,0,112,0,133,0,132,0
4989.222826,104,0,112,0,133,0,132,0
4989.224954,104,0,112,0,133,0,132,0
4989.226660,104,0,112,0,133,0,132,0
4989.228833,104,0,112,0,133,0,132,0
4989.230819,104,0,112,0,133,0,132,0
4989.232808,104,0,112,0,133,0,132,0
4989.234867,104,0,112,0,133,0,132,0
4989.236860,104,0,112,0,133,0,132,0
4989.238927,104,0,112,0,133,0,132,0
4989.240863,104,0,112,0,133,0,132,0
4989.242866,104,0,112,0,133,0,132,0
4989.244830,104,0,112,0,133,0,132,0
4989.246763,104,0,112,0,133,0,132,0
4989.248956,104,0,112,0,133,0,132,0
4989.250885,104,0,112,0,133,0,132,0
4989.252877,104,0,112,0,133,0,132,0
4989.254794,104,0,112,0,133,0,132,0
4989.256865,104,0,112,0,133,0,132,0
4989.258832,104,0,112,0,133,0,132,0
4989.260757,104,0,112,0,133,0,132,0
4989.262824,104,0,112,0,133,0,132,0
4989.264812,104,0,112,0,133,0,132,0
4989.266846,104,0,112,0,133,0,132,0
4989.268839,104,0,112,0,133,0,132,0
4989.270856,104,0,112,0,133,0,132,0
4989.272839,104,0,112,0,133,0,132,0
4989.275065,104,0,112,0,133,0,132,0
4989.276847,104,0,112,0,133,0,132,0
4989.278781,104,0,112,0,133,0,132,0
4989.280479,104,0,112,0,133,0,132,0
4989.282644,104,0,112,0,133,0,132,0
4989.284784,104,0,112,0,133,0,132,0
4989.286737,104,0,112,0,133,0,132,0
4989.288777,104,0,112,0,133,0,132,0
4989.290640,104,0,112,0,133,0,132,0
4989.292827,104,0,112,0,133,0,132,0
4989.294720,104,0,112,0,133,0,132,0
4989.296790,104,0,112,0,133,0,132,0
4989.298693,104,0,112,0,133,0,132,0
4989.300832,104,0,112,0,133,0,132,0
4989.302845,104,0,112,0,133,0,132,0
4989.304860,104,0,112,0,133,0,132,0
4989.306832,104,0,112,0,133,0,132,0
4989.308802,104,0,112,0,133,0,132,0
4989.310775,104,0,112,0,133,0,132,0
4989.312636,104,0,112,0,133,0,132,0
4989.314836,104,0,112,0,133,0,132,0
4989.316864,104,0,112,0,133,0,132,0
4989.318902,104,0,112,0,133,0,132,0
4989.320821,104,0,112,0,133,0,132,0
4989.322855,104,0,112,0,133,0,132,0
4989.324967,104,0,112,0,133,0,132,0
4989.326832,104,0,112,0,133,0,132,0
4989.328819,104,0,112,0,133,0,132,0
4989.330831,104,0,112,0,133,0,132,0
4989.332810,104,0,112,0,133,0,132,0
4989.335175,104,0,112,0,133,0,132,0
4989.336828,104,0,112,0,133,0,132,0
4989.338846,104,0,112,0,133,0,132,0
4989.340805,104,0,112,0,133,0,132,0
4989.342811,104,0,112,0,133,0,132,0
4989.344840,104,0,112,0,133,0,132,0
4989.346865,104,0,112,0,133,0,132,0
4989.348868,104,0,112,0,133,0,132,0
4989.350756,104,0,112,0,133,0,132,0
4989.352767,104,0,112,0,133,0,132,0
4989.354769,104,0,112,0,133,0,132,0
4989.356788,104,0,112,0,133,0,132,0
4989.358795,104,0,112,0,133,0,132,0
4989.360871,104,0,112,0,133,0,132,0
4989.362600,104,0,112,0,133,0,132,0
4989.364871,104,0,112,0,133,0,132,0
4989.366898,104,0,112,0,133,0,132,0
4989.368914,104,0,112,0,133,0,132,0
4989.370806,104,0,112,0,133,0,132,0
4989.372807,104,0,112,0,133,0,132,0
4989.374922,104,0,112,0,133,0,132,0
4989.376857,104,0,112,0,133,0,132,0
4989.378885,104,0,112,0,133,0,132,0
4989.380827,104,0,112,0,133,0,132,0
4989.382805,104,0,112,0,133,0,132,0
4989.384416,104,0,112,0,133,0,132,0
4989.386654,104,0,112,0,133,0,132,0
4989.388706,104,0,112,0,133,0,132,0
4989.390714,104,0,112,0,133,0,132,0
4989.392469,104,0,112,0,133,0,132,0
4989.394664,104,0,112,0,133,0,132,0
4989.396712,104,0,112,0,133,0,132,0
4989.398725,104,0,112,0,133,0,132,0
4989.400777,104,0,112,0,133,0,132,0
4989.402757,104,0,112,0,133,0,132,0
4989.404549,104,0,112,0,133,0,132,0
4989.406726,104,0,112,0,133,0,132,0
4989.408809,104,0,112,0,133,0,132,0
4989.410496,104,0,112,0,133,0,132,0
4989.412655,104,0,112,0,133,0,132,0
4989.414672,104,0,112,0,133,0,132,0
4989.416673,104,0,112,0,133,0,132,0
4989.418576,104,0,112,0,133,0,132,0
4989.420670,104,0,112,0,133,0,132,0
4989.422672,104,0,112,0,133,0,132,0
4989.424822,104,0,112,0,133,0,132,0
4989.426690,104,0,112,0,133,0,132,0
4989.428710,104,0,112,0,133,0,132,0
4989.430698,104,0,112,0,133,0,132,0
4989.432698,104,0,112,0,133,0,132,0
4989.434352,104,0,112,0,133,0,132,0
4989.436671,104,0,112,0,133,0,132,0
4989.438717,104,0,112,0,133,0,132,0
4989.440668,104,0,112,0,133,0,132,0
4989.442646,104,0,112,0,133,0,132,0
4989.444646,104,0,112,0,133,0,132,0
4989.446523,104,0,112,0,133,0,132,0
4989.448605,104,0,112,0,133,0,132,0
4989.450506,104,0,112,0,133,0,132,0
4989.452716,104,0,112,0,133,0,132,0
4989.454554,104,0,112,0,133,0,132,0
4989.456539,104,0,112,0,133,0,132,0
4989.458444,104,0,112,0,133,0,132,0
4989.460511,104,0,112,0,133,0,132,0
4989.462620,104,0,112,0,133,0,132,0
4989.464539,104,0,112,0,133,0,132,0
4989.466708,104,0,112,0,133,0,132,0
4989.468781,104,0,112,0,133,0,132,0
4989.470711,104,0,112,0,133,0,132,0
4989.472707,104,0,112,0,133,0,132,0
4989.474887,104,0,112,0,133,0,132,0
4989.476715,104,0,112,0,133,0,132,0
4989.478727,104,0,112,0,133,0,132,0
4989.480711,104,0,112,0,133,0,132,0
4989.482506,104,0,112,0,133,0,132,0
4989.484681,104,0,112,0,133,0,132,0
4989.486679,104,0,112,0,133,0,132,0
4989.488491,104,0,112,0,133,0,132,0
4989.490715,104,0,112,0,133,0,132,0
4989.492634,104,0,112,0,133,0,132,0
4989.494641,104,0,112,0,133,0,132,0
4989.496621,104,0,112,0,133,0,132,0
4989.498785,104,0,112,0,133,0,132,0
4989.500769,104,0,112,0,133,0,132,0
4989.502733,104,0,112,0,133,0,132,0
4989.504764,104,0,112,0,133,0,132,0
4989.506758,104,0,112,0,133,0,132,0
4989.508697,104,0,112,0,133,0,132,0
4989.510763,104,0,112,0,133,0,132,0
4989.512704,104,0,112,0,133,0,132,0
4989.514705,104,0,112,0,133,0,132,0
4989.516729,104,0,112,0,133,0,132,0
4989.518717,104,0,112,0,133,0,132,0
4989.520739,104,0,112,0,133,0,132,0
4989.522730,104,0,112,0,133,0,132,0
4989.525022,104,0,112,0,133,0,132,0
4989.526769,104,0,112,0,133,0,132,0
4989.528838,104,0,112,0,133,0,132,0
4989.530676,104,0,112,0,133,0,132,0
4989.532681,104,0,112,0,133,0,132,0
4989.534675,104,0,112,0,133,0,132,0
4989.536658,104,0,112,0,133,0,132,0
4989.538723,104,0,112,0,133,0,132,0
4989.540706,104,0,112,0,133,0,132,0
4989.542660,104,0,112,0,133,0,132,0
4989.544701,104,0,112,0,133,0,132,0
4989.546688,104,0,112,0,133,0,132,0
4989.548735,104,0,112,0,133,0,132,0
4989.550679,104,0,112,0,133,0,132,0
4989.552687,104,0,112,0,133,0,132,0
4989.554699,104,0,112,0,133,0,132,0
4989.556720,104,0,112,0,133,0,132,0
4989.558393,104,0,112,0,133,0,132,0
4989.560751,104,0,112,0,133,0,132,0
4989.562713,104,0,112,0,133,0,132,0
4989.564734,104,0,112,0,133,0,132,0
4989.566699,104,0,112,0,133,0,132,0
4989.568777,104,0,112,0,133,0,132,0
4989.570706,104,0,112,0,133,0,132,0
4989.572671,104,0,112,0,133,0,132,0
4989.574935,104,0,112,0,133,0,132,0
4989.576712,104,0,112,0,133,0,132,0
4989.578767,104,0,112,0,133,0,132,0
4989.580716,104,0,112,0,133,0,132,0
4989.582695,104,0,112,0,133,0,132,0
4989.584720,104,0,112,0,133,0,132,0
4989.586720,104,0,112,0,133,0,132,0
4989.588936,104,0,112,0,133,0,132,0
4989.590706,104,0,112,0,133,0,132,0
4989.592463,104,0,112,0,133,0,132,0
4989.594551,104,0,112,0,133,0,132,0
4989.596722,104,0,112,0,133,0,132,0
4989.598733,104,0,112,0,133,0,132,0
4989.600687,104,0,112,0,133,0,132,0
4989.602530,104,0,112,0,133,0,132,0
4989.604774,104,0,112,0,133,0,132,0
4989.606700,104,0,112,0,133,0,132,0
4989.608745,104,0,112,0,133,0,132,0
4989.610568,104,0,112,0,133,0,132,0
4989.612943,104,0,112,0,133,0,132,0
4989.614775,104,0,112,0,133,0,132,0
4989.616792,104,0,112,0,133,0,132,0
4989.619074,104,0,112,0,133,0,132,0
4989.620821,104,0,112,0,133,0,132,0
4989.622692,104,0,112,0,133,0,132,0
4989.624882,104,0,112,0,133,0,132,0
4989.626735,104,0,112,0,133,0,132,0
4989.628734,104,0,112,0,133,0,132,0
4989.630653,104,0,112,0,133,0,132,0
4989.632683,104,0,112,0,133,0,132,0
4989.634661,104,0,112,0,133,0,132,0
4989.636669,104,0,112,0,133,0,132,0
4989.638725,104,0,112,0,133,0,132,0
4989.640714,104,0,112,0,133,0,132,0
4989.642687,104,0,112,0,133,0,132,0
4989.644682,104,0,112,0,133,0,132,0
4989.646351,104,0,112,0,133,0,132,0
4989.648736,104,0,112,0,133,0,132,0
4989.650718,104,0,112,0,133,0,132,0
4989.652720,104,0,112,0,133,0,132,0
4989.654725,104,0,112,0,133,0,132,0
4989.656727,104,0,112,0,133,0,132,0
4989.658722,104,0,112,0,133,0,132,0
4989.660793,104,0,112,0,133,0,132,0
4989.662741,104,0,112,0,133,0,132,0
4989.664714,104,0,112,0,133,0,132,0
4989.666726,104,0,112,0,133,0,132,0
4989.668817,104,0,112,0,133,0,132,0
4989.670699,104,0,112,0,133,0,132,0
4989.672684,104,0,112,0,133,0,132,0
4989.674859,104,0,112,0,133,0,132,0
4989.676672,104,0,112,0,133,0,132,0
4989.678727,104,0,112,0,133,0,132,0
4989.680703,104,0,112,0,133,0,132,0
4989.682660,104,0,112,0,133,0,132,0
4989.684778,104,0,112,0,133,0,132,0
4989.686803,104,0,112,0,133,0,132,0
4989.688829,104,0,112,0,133,0,132,0
4989.690744,104,0,112,0,133,0,132,0
4989.692772,104,0,112,0,133,0,132,0
4989.694835,104,0,112,0,133,0,132,0
4989.696727,104,0,112,0,133,0,132,0
4989.698787,104,0,112,0,133,0,132,0
4989.700736,104,0,112,0,133,0,132,0
4989.702481,104,0,112,0,133,0,132,0
4989.704706,104,0,112,0,133,0,132,0
4989.706551,104,0,112,0,133,0,132,0
4989.708619,104,0,112,0,133,0,132,0
4989.710685,104,0,112,0,133,0,132,0
4989.712710,104,0,112,0,133,0,132,0
4989.714700,104,0,112,0,133,0,132,0
4989.716713,104,0,112,0,133,0,132,0
4989.718755,104,0,112,0,133,0,132,0
4989.720710,104,0,112,0,133,0,132,0
4989.722455,104,0,112,0,133,0,132,0
4989.724485,104,0,112,0,133,0,132,0
4989.726634,104,0,112,0,133,0,132,0
4989.728693,104,0,112,0,133,0,132,0
4989.730646,104,0,112,0,133,0,132,0
4989.732645,104,0,112,0,133,0,132,0
4989.734653,104,0,112,0,133,0,132,0
4989.736659,104,0,112,0,133,0,132,0
4989.738508,104,0,112,0,133,0,132,0
4989.740700,104,0,112,0,133,0,132,0
4989.742657,104,0,112,0,133,0,132,0
4989.744688,104,0,112,0,133,0,132,0
4989.746769,104,0,112,0,133,0,132,0
4989.748786,104,0,112,0,133,0,132,0
4989.750715,104,0,112,0,133,0,132,0
4989.752740,104,0,112,0,133,0,132,0
4989.754731,104,0,112,0,133,0,132,0
4989.756739,104,0,112,0,133,0,132,0
4989.758801,104,0,112,0,133,0,132,0
4989.760754,104,0,112,0,133,0,132,0
4989.762734,104,0,112,0,133,0,132,0
4989.764702,104,0,112,0,133,0,132,0
4989.766558,104,0,112,0,133,0,132,0
4989.768795,104,0,112,0,133,0,132,0
4989.770707,104,0,112,0,133,0,132,0
4989.772536,104,0,112,0,133,0,132,0
4989.774699,104,0,112,0,133,0,132,0
4989.776667,104,0,112,0,133,0,132,0
4989.778696,104,0,112,0,133,0,132,0
4989.780648,104,0,112,0,133,0,132,0
4989.782679,104,0,112,0,133,0,132,0
4989.784781,104,0,112,0,133,0,132,0
4989.786678,104,0,112,0,133,0,132,0
4989.788751,104,0,112,0,133,0,132,0
4989.790513,104,0,112,0,133,0,132,0
4989.792711,104,0,112,0,133,0,132,0
4989.794734,104,0,112,0,133,0,132,0
4989.796715,104,0,112,0,133,0,132,0
4989.798756,104,0,112,0,133,0,132,0
4989.800775,104,0,112,0,133,0,132,0
4989.802491,104,0,112,0,133,0,132,0
4989.804716,104,0,112,0,133,0,132,0
4989.806731,104,0,112,0,133,0,132,0
4989.808759,104,0,112,0,133,0,132,0
4989.810559,104,0,112,0,133,0,132,0
4989.812683,104,0,112,0,133,0,132,0
4989.814718,104,0,112,0,133,0,132,0
4989.816670,104,0,112,0,133,0,132,0
4989.818714,104,0,112,0,133,0,132,0
4989.820469,104,0,112,0,133,0,132,0
4989.822583,104,0,112,0,133,0,132,0
4989.824503,104,0,112,0,133,0,132,0
4989.826665,104,0,112,0,133,0,132,0
4989.828520,104,0,112,0,133,0,132,0
4989.830693,104,0,112,0,133,0,132,0
4989.832653,104,0,112,0,133,0,132,0
4989.834744,104,0,112,0,133,0,132,0
4989.836721,104,0,112,0,133,0,132,0
4989.838789,104,0,112,0,133,0,132,0
4989.840824,104,0,112,0,133,0,132,0
4989.842862,104,0,112,0,133,0,132,0
4989.844997,104,0,112,0,133,0,132,0
4989.846717,104,0,112,0,133,0,132,0
4989.848758,104,0,112,0,133,0,132,0
4989.850671,104,0,112,0,133,0,132,0
4989.852678,104,0,112,0,133,0,132,0
4989.854620,104,0,112,0,133,0,132,0
4989.856714,104,0,112,0,133,0,132,0
4989.858826,104,0,112,0,133,0,132,0
4989.860691,104,0,112,0,133,0,132,0
4989.862703,104,0,112,0,133,0,132,0
4989.864697,104,0,112,0,133,0,132,0
4989.866764,104,0,112,0,133,0,132,0
4989.868743,104,0,112,0,133,0,132,0
4989.870738,104,0,112,0,133,0,132,0
4989.872777,104,0,112,0,133,0,132,0
4989.875197,104,0,112,0,133,0,132,0
4989.876870,104,0,112,0,133,0,132,0
4989.878919,104,0,112,0,133,0,132,0
4989.880816,104,0,112,0,133,0,132,0
4989.882856,104,0,112,0,133,0,132,0
4989.884884,104,0,112,0,133,0,132,0
4989.886846,104,0,112,0,133,0,132,0
4989.888589,104,0,112,0,133,0,132,0
4989.890712,104,0,112,0,133,0,132,0
4989.892786,104,0,112,0,133,0,132,0
4989.894811,104,0,112,0,133,0,132,0
4989.896881,104,0,112,0,133,0,132,0
4989.898982,104,0,112,0,133,0,132,0
4989.900946,104,0,112,0,133,0,132,0
4989.902938,104,0,112,0,133,0,132,0
4989.904900,104,0,112,0,133,0,132,0
4989.906883,104,0,112,0,133,0,132,0
4989.908931,104,0,112,0,133,0,132,0
4989.910865,104,0,112,0,133,0,132,0
4989.912912,104,0,112,0,133,0,132,0
4989.914845,104,0,112,0,133,0,132,0
4989.916877,104,0,112,0,133,0,132,0
4989.918920,104,0,112,0,133,0,132,0
4989.920834,104,0,112,0,133,0,132,0
4989.922867,104,0,112,0,133,0,132,0
4989.925141,104,0,112,0,133,0,132,0
4989.926945,104,0,112,0,133,0,132,0
4989.928960,104,0,112,0,133,0,132,0
4989.931000,104,0,112,0,133,0,132,0
4989.932954,104,0,112,0,133,0,132,0
4989.934863,104,0,112,0,133,0,132,0
4989.936879,104,0,112,0,133,0,132,0
4989.938928,104,0,112,0,133,0,132,0
4989.940711,104,0,112,0,133,0,132,0
4989.942860,104,0,112,0,133,0,132,0
4989.944989,104,0,112,0,133,0,132,0
4989.946927,104,0,112,0,133,0,132,0
4989.948782,104,0,112,0,133,0,132,0
4989.950716,104,0,112,0,133,0,132,0
4989.952722,104,0,112,0,133,0,132,0
4989.954711,104,0,112,0,133,0,132,0
4989.956775,104,0,112,0,133,0,132,0
4989.958959,104,0,112,0,133,0,132,0
4989.960641,104,0,112,0,133,0,132,0
4989.962763,104,0,112,0,133,0,132,0
4989.964710,104,0,112,0,133,0,132,0
4989.966795,104,0,112,0,133,0,132,0
4989.968747,104,0,112,0,133,0,132,0
4989.970948,104,0,112,0,133,0,132,0
4989.972938,104,0,112,0,133,0,132,0
4989.975228,104,0,112,0,133,0,132,0
4989.976915,104,0,112,0,133,0,132,0
4989.978655,104,0,112,0,133,0,132,0
4989.980728,104,0,112,0,133,0,132,0
4989.982735,104,0,112,0,133,0,132,0
4989.984724,104,0,112,0,133,0,132,0
4989.986722,104,0,112,0,133,0,132,0
4989.988928,104,0,112,0,133,0,132,0
4989.990838,104,0,112,0,133,0,132,0
4989.992923,104,0,112,0,133,0,132,0
4989.994803,104,0,112,0,133,0,132,0
4989.996909,104,0,112,0,133,0,132,0
4989.998970,104,0,112,0,133,0,132,0
4990.000903,104,0,112,0,133,0,132,0
4990.002907,104,0,112,0,133,0,132,0
4990.004491,104,0,112,0,133,0,132,0
4990.006790,104,0,112,0,133,0,132,0
4990.009017,104,0,112,0,133,0,132,0
4990.010752,104,0,112,0,133,0,132,0
4990.012986,104,0,112,0,133,0,132,0
4990.014976,104,0,112,0,133,0,132,0
4990.017124,104,0,112,0,133,0,132,0
4990.018967,104,0,112,0,133,0,132,0
4990.020929,104,0,112,0,133,0,132,0
4990.022919,104,0,112,0,133,0,132,0
4990.025106,104,0,112,0,133,0,132,0
4990.026649,104,0,112,0,133,0,132,0
4990.028903,104,0,112,0,133,0,132,0
4990.030625,104,0,112,0,133,0,132,0
4990.032689,104,0,112,0,133,0,132,0
4990.034652,104,0,112,0,133,0,132,0
4990.036733,104,0,112,0,133,0,132,0
4990.038710,104,0,112,0,133,0,132,0
4990.040922,104,0,112,0,133,0,132,0
4990.042837,104,0,112,0,133,0,132,0
4990.044895,104,0,112,0,133,0,132,0
4990.046584,104,0,112,0,133,0,132,0
4990.048921,104,0,112,0,133,0,132,0
4990.050838,104,0,112,0,133,0,132,0
4990.052812,104,0,112,0,133,0,132,0
4990.054812,104,0,112,0,133,0,132,0
4990.056826,104,0,112,0,133,0,132,0
4990.058948,104,0,112,0,133,0,132,0
4990.060875,104,0,112,0,133,0,132,0
4990.062895,104,0,112,0,133,0,132,0
4990.064881,104,0,112,0,133,0,132,0
4990.066858,104,0,112,0,133,0,132,0
4990.068915,104,0,112,0,133,0,132,0
4990.070911,104,0,112,0,133,0,132,0
4990.072924,104,0,112,0,133,0,132,0
4990.074974,104,0,112,0,133,0,132,0
4990.076889,104,0,112,0,133,0,132,0
4990.078856,104,0,112,0,133,0,132,0
4990.080783,104,0,112,0,133,0,132,0
4990.082844,104,0,112,0,133,0,132,0
4990.084835,104,0,112,0,133,0,132,0
4990.086907,104,0,112,0,133,0,132,0
4990.088994,104,0,112,0,133,0,132,0
4990.090806,104,0,112,0,133,0,132,0
4990.092846,104,0,112,0,133,0,132,0
4990.094847,104,0,112,0,133,0,132,0
4990.096826,104,0,112,0,133,0,132,0
4990.098901,104,0,112,0,133,0,132,0
4990.100826,104,0,112,0,133,0,132,0
4990.102951,104,0,112,0,133,0,132,0
4990.104982,104,0,112,0,133,0,132,0
4990.106718,104,0,112,0,133,0,132,0
4990.109064,104,0,112,0,133,0,132,0
4990.110709,104,0,112,0,133,0,132,0
4990.112677,104,0,112,0,133,0,132,0
4990.114674,104,0,112,0,133,0,132,0
4990.116710,104,0,112,0,133,0,132,0
4990.118866,104,0,112,0,133,0,132,0
4990.120947,104,0,112,0,133,0,132,0
4990.122955,104,0,112,0,133,0,132,0
4990.125143,104,0,112,0,133,0,132,0
4990.126910,104,0,112,0,133,0,132,0
4990.128708,104,0,112,0,133,0,132,0
4990.130668,104,0,112,0,133,0,132,0
4990.132695,104,0,112,0,133,0,132,0
4990.134687,104,0,112,0,133,0,132,0
4990.136719,104,0,112,0,133,0,132,0
4990.138844,104,0,112,0,133,0,132,0
4990.140896,104,0,112,0,133,0,132,0
4990.142903,104,0,112,0,133,0,132,0
4990.144831,104,0,112,0,133,0,132,0
4990.146868,104,0,112,0,133,0,132,0
4990.148926,104,0,112,0,133,0,132,0
4990.150893,104,0,112,0,133,0,132,0
4990.152901,104,0,112,0,133,0,132,0
4990.154904,104,0,112,0,133,0,132,0
4990.156896,104,0,112,0,133,0,132,0
4990.158975,104,0,112,0,133,0,132,0
4990.160688,104,0,112,0,133,0,132,0
4990.162968,104,0,112,0,133,0,132,0
4990.164962,104,0,112,0,133,0,132,0
4990.166964,104,0,112,0,133,0,132,0
4990.168976,104,0,112,0,133,0,132,0
4990.170871,104,0,112,0,133,0,132,0
4990.172938,104,0,112,0,133,0,132,0
4990.174954,104,0,112,0,133,0,132,0
4990.176877,104,0,112,0,133,0,132,0
4990.178881,104,0,112,0,133,0,132,0
4990.180879,104,0,112,0,133,0,132,0
4990.182931,104,0,112,0,133,0,132,0
4990.184927,104,0,112,0,133,0,132,0
4990.186948,104,0,112,0,133,0,132,0
4990.188967,104,0,112,0,133,0,132,0
4990.190875,104,0,112,0,133,0,132,0
4990.192884,104,0,112,0,133,0,132,0
4990.194895,104,0,112,0,133,0,132,0
4990.196879,104,0,112,0,133,0,132,0
4990.198714,104,0,112,0,133,0,132,0
4990.200939,104,0,112,0,133,0,132,0
4990.202952,104,0,112,0,133,0,132,0
4990.204955,104,0,112,0,133,0,132,0
4990.206898,104,0,112,0,133,0,132,0
4990.208905,104,0,112,0,133,0,132,0
4990.210986,104,0,112,0,133,0,132,0
4990.212928,104,0,112,0,133,0,132,0
4990.214904,104,0,112,0,133,0,132,0
4990.216954,104,0,112,0,133,0,132,0
4990.218957,104,0,112,0,133,0,132,0
4990.220871,104,0,112,0,133,0,132,0
4990.222810,104,0,112,0,133,0,132,0
4990.224664,104,0,112,0,133,0,132,0
4990.226688,104,0,112,0,133,0,132,0
4990.228677,104,0,112,0,133,0,132,0
4990.230893,104,0,112,0,133,0,132,0
4990.232755,104,0,112,0,133,0,132,0
4990.234904,104,0,112,0,133,0,132,0
4990.236678,104,0,112,0,133,0,132,0
4990.238683,104,0,112,0,133,0,132,0
4990.240890,104,0,112,0,133,0,132,0
4990.242891,104,0,112,0,133,0,132,0
4990.244909,104,0,112,0,133,0,132,0
4990.246903,104,0,112,0,133,0,132,0
4990.248911,104,0,112,0,133,0,132,0
4990.250946,104,0,112,0,133,0,132,0
4990.252910,104,0,112,0,133,0,132,0
4990.254879,104,0,112,0,133,0,132,0
4990.256876,104,0,112,0,133,0,132,0
4990.258922,104,0,112,0,133,0,132,0
4990.260872,104,0,112,0,133,0,132,0
4990.262909,104,0,112,0,133,0,132,0
4990.264925,104,0,112,0,133,0,132,0
4990.266903,104,0,112,0,133,0,132,0
4990.268917,104,0,112,0,133,0,132,0
4990.270963,104,0,112,0,133,0,132,0
4990.272885,104,0,112,0,133,0,132,0
4990.275053,104,0,112,0,133,0,132,0
4990.276904,104,0,112,0,133,0,132,0
4990.278960,104,0,112,0,133,0,132,0
4990.280896,104,0,112,0,133,0,132,0
4990.282893,104,0,112,0,133,0,132,0
4990.284868,104,0,112,0,133,0,132,0
4990.286905,104,0,112,0,133,0,132,0
4990.288896,104,0,112,0,133,0,132,0
4990.290879,104,0,112,0,133,0,132,0
4990.292869,104,0,112,0,133,0,132,0
4990.294904,104,0,112,0,133,0,132,0
4990.296967,104,0,112,0,133,0,132,0
4990.299028,104,0,112,0,133,0,132,0
4990.300958,104,0,112,0,133,0,132,0
4990.302907,104,0,112,0,133,0,132,0
4990.304897,104,0,112,0,133,0,132,0
4990.306911,104,0,112,0,133,0,132,0
4990.308885,104,0,112,0,133,0,132,0
4990.310896,104,0,112,0,133,0,132,0
4990.312833,104,0,112,0,133,0,132,0
4990.314866,104,0,112,0,133,0,132,0
4990.316875,104,0,112,0,133,0,132,0
4990.318933,104,0,112,0,133,0,132,0
4990.320840,104,0,112,0,133,0,132,0
4990.322856,104,0,112,0,133,0,132,0
4990.324567,104,0,112,0,133,0,132,0
4990.326419,104,0,112,0,133,0,132,0
4990.328415,104,0,112,0,133,0,132,0
4990.330368,104,0,112,0,133,0,132,0
4990.332459,104,0,112,0,133,0,132,0
4990.334475,104,0,112,0,133,0,132,0
4990.336910,104,0,112,0,133,0,132,0
4990.338642,104,0,112,0,133,0,132,0
4990.340663,104,0,112,0,133,0,132,0
4990.342745,104,0,112,0,133,0,132,0
4990.344685,104,0,112,0,133,0,132,0
4990.346925,104,0,112,0,133,0,132,0
4990.348736,104,0,112,0,133,0,132,0
4990.350765,104,0,112,0,133,0,132,0
4990.352942,104,0,112,0,133,0,132,0
4990.354841,104,0,112,0,133,0,132,0
4990.356705,104,0,112,0,133,0,132,0
4990.358725,104,0,112,0,133,0,132,0
4990.360684,104,0,112,0,133,0,132,0
4990.362891,104,0,112,0,133,0,132,0
4990.364945,104,0,112,0,133,0,132,0
4990.366952,104,0,112,0,133,0,132,0
4990.368999,104,0,112,0,133,0,132,0
4990.370892,104,0,112,0,133,0,132,0
4990.372972,104,0,112,0,133,0,132,0
4990.374968,104,0,112,0,133,0,132,0
4990.376638,104,0,112,0,133,0,132,0
4990.378980,104,0,112,0,133,0,132,0
4990.380845,104,0,112,0,133,0,132,0
4990.382854,104,0,112,0,133,0,132,0
4990.384843,104,0,112,0,133,0,132,0
4990.386881,104,0,112,0,133,0,132,0
4990.388940,104,0,112,0,133,0,132,0
4990.390887,104,0,112,0,133,0,132,0
4990.392724,104,0,112,0,133,0,132,0
4990.394722,104,0,112,0,133,0,132,0
4990.396683,104,0,112,0,133,0,132,0
4990.398948,104,0,112,0,133,0,132,0
4990.400665,104,0,112,0,133,0,132,0
4990.402678,104,0,112,0,133,0,132,0
4990.404574,104,0,112,0,133,0,132,0
4990.406771,104,0,112,0,133,0,132,0
4990.408783,104,0,112,0,133,0,132,0
4990.410893,104,0,112,0,133,0,132,0
4990.412915,104,0,112,0,133,0,132,0
4990.414714,104,0,112,0,133,0,132,0
4990.416917,104,0,112,0,133,0,132,0
4990.419018,104,0,112,0,133,0,132,0
4990.420917,104,0,112,0,133,0,132,0
4990.422719,104,0,112,0,133,0,132,0
4990.424578,104,0,112,0,133,0,132,0
4990.426948,104,0,112,0,133,0,132,0
4990.428951,104,0,112,0,133,0,132,0
4990.430864,104,0,112,0,133,0,132,0
4990.432996,104,0,112,0,133,0,132,0
4990.434672,104,0,112,0,133,0,132,0
4990.436941,104,0,112,0,133,0,132,0
4990.438966,104,0,112,0,133,0,132,0
4990.440921,104,0,112,0,133,0,132,0
4990.442953,104,0,112,0,133,0,132,0
4990.444926,104,0,112,0,133,0,132,0
4990.446769,104,0,112,0,133,0,132,0
4990.448753,104,0,112,0,133,0,132,0
4990.450721,104,0,112,0,133,0,132,0
4990.452794,104,0,112,0,133,0,132,0
4990.454709,104,0,112,0,133,0,132,0
4990.456755,104,0,112,0,133,0,132,0
4990.458758,104,0,112,0,133,0,132,0
4990.460945,104,0,112,0,133,0,132,0
4990.462831,104,0,112,0,133,0,132,0
4990.464870,104,0,112,0,133,0,132,0
4990.466968,104,0,112,0,133,0,132,0
4990.468945,104,0,112,0,133,0,132,0
4990.470987,104,0,112,0,133,0,132,0
4990.472915,104,0,112,0,133,0,132,0
4990.474971,104,0,112,0,133,0,132,0
4990.476968,104,0,112,0,133,0,132,0
4990.478943,104,0,112,0,133,0,132,0
4990.480894,104,0,112,0,133,0,132,0
4990.482904,104,0,112,0,133,0,132,0
4990.484884,104,0,112,0,133,0,132,0
4990.486967,104,0,112,0,133,0,132,0
4990.488867,104,0,112,0,133,0,132,0
4990.490902,104,0,112,0,133,0,132,0
4990.492640,104,0,112,0,133,0,132,0
4990.494896,104,0,112,0,133,0,132,0
4990.496963,104,0,112,0,133,0,132,0
4990.498989,104,0,112,0,133,0,132,0
4990.500955,104,0,112,0,133,0,132,0
4990.502940,104,0,112,0,133,0,132,0
4990.504845,104,0,112,0,133,0,132,0
4990.506925,104,0,112,0,133,0,132,0
4990.508929,104,0,112,0,133,0,132,0
4990.510977,104,0,112,0,133,0,132,0
4990.512931,104,0,112,0,133,0,132,0
4990.514937,104,0,112,0,133,0,132,0
4990.516967,104,0,112,0,133,0,132,0
4990.519271,104,0,112,0,133,0,132,0
4990.520930,104,0,112,0,133,0,132,0
4990.522942,104,0,112,0,133,0,132,0
4990.525213,104,0,112,0,133,0,132,0
4990.526925,104,0,112,0,133,0,132,0
4990.529047,104,0,112,0,133,0,132,0
4990.530921,104,0,112,0,133,0,132,0
4990.532963,104,0,112,0,133,0,132,0
4990.534939,104,0,112,0,133,0,132,0
4990.536901,104,0,112,0,133,0,132,0
4990.538967,104,0,112,0,133,0,132,0
4990.540896,104,0,112,0,133,0,132,0
4990.542912,104,0,112,0,133,0,132,0
4990.544927,104,0,112,0,133,0,132,0
4990.546940,104,0,112,0,133,0,132,0
4990.548964,104,0,112,0,133,0,132,0
4990.550918,104,0,112,0,133,0,132,0
4990.552893,104,0,112,0,133,0,132,0
4990.554926,104,0,112,0,133,0,132,0
4990.556940,104,0,112,0,133,0,132,0
4990.558993,104,0,112,0,133,0,132,0
4990.560948,104,0,112,0,133,0,132,0
4990.562928,104,0,112,0,133,0,132,0
4990.564918,104,0,112,0,133,0,132,0
4990.566978,104,0,112,0,133,0,132,0
4990.568942,104,0,112,0,133,0,132,0
4990.570968,104,0,112,0,133,0,132,0
4990.572927,104,0,112,0,133,0,132,0
4990.575242,104,0,112,0,133,0,132,0
4990.576950,104,0,112,0,133,0,132,0
4990.578970,104,0,112,0,133,0,132,0
4990.580910,104,0,112,0,133,0,132,0
4990.582935,104,0,112,0,133,0,132,0
4990.584903,104,0,112,0,133,0,132,0
4990.586894,104,0,112,0,133,0,132,0
4990.588984,104,0,112,0,133,0,132,0
4990.590690,104,0,112,0,133,0,132,0
4990.592830,104,0,112,0,133,0,132,0
4990.594940,104,0,112,0,133,0,132,0
4990.596729,104,0,112,0,133,0,132,0
4990.598822,104,0,112,0,133,0,132,0
4990.600830,104,0,112,0,133,0,132,0
4990.602927,104,0,112,0,133,0,132,0
4990.604912,104,0,112,0,133,0,132,0
4990.606923,104,0,112,0,133,0,132,0
4990.608909,104,0,112,0,133,0,132,0
4990.610890,104,0,112,0,133,0,132,0
4990.612662,104,0,112,0,133,0,132,0
4990.614870,104,0,112,0,133,0,132,0
4990.616908,104,0,112,0,133,0,132,0
4990.618879,104,0,112,0,133,0,132,0
4990.620627,104,0,112,0,133,0,132,0
4990.622957,104,0,112,0,133,0,132,0
4990.624978,104,0,112,0,133,0,132,0
4990.626903,104,0,112,0,133,0,132,0
4990.628923,104,0,112,0,133,0,132,0
4990.630719,104,0,112,0,133,0,132,0
4990.632891,104,0,112,0,133,0,132,0
4990.634871,104,0,112,0,133,0,132,0
4990.636945,104,0,112,0,133,0,132,0
4990.638965,104,0,112,0,133,0,132,0
4990.640877,104,0,112,0,133,0,132,0
4990.642917,104,0,112,0,133,0,132,0
4990.644891,104,0,112,0,133,0,132,0
4990.646744,104,0,112,0,133,0,132,0
4990.648943,104,0,112,0,133,0,132,0
4990.650873,104,0,112,0,133,0,132,0
4990.652893,104,0,112,0,133,0,132,0
4990.654907,104,0,112,0,133,0,132,0
4990.656915,104,0,112,0,133,0,132,0
4990.658933,104,0,112,0,133,0,132,0
4990.660855,104,0,112,0,133,0,132,0
4990.662881,104,0,112,0,133,0,132,0
4990.664857,104,0,112,0,133,0,132,0
4990.666883,104,0,112,0,133,0,132,0
4990.669027,104,0,112,0,133,0,132,0
4990.670981,104,0,112,0,133,0,132,0
4990.673019,104,0,112,0,133,0,132,0
4990.675105,104,0,112,0,133,0,132,0
4990.677104,104,0,112,0,133,0,132,0
4990.678960,104,0,112,0,133,0,132,0
4990.680923,104,0,112,0,133,0,132,0
4990.682929,104,0,112,0,133,0,132,0
4990.684934,104,0,112,0,133,0,132,0
4990.686886,104,0,112,0,133,0,132,0
4990.689136,104,0,112,0,133,0,132,0
4990.690952,104,0,112,0,133,0,132,0
4990.693042,104,0,112,0,133,0,132,0
4990.695001,104,0,112,0,133,0,132,0
4990.696800,104,0,112,0,133,0,132,0
4990.698827,104,0,112,0,133,0,132,0
4990.700992,104,0,112,0,133,0,132,0
4990.702906,104,0,112,0,133,0,132,0
4990.705008,104,0,112,0,133,0,132,0
4990.706967,104,0,112,0,133,0,132,0
4990.708960,104,0,112,0,133,0,132,0
4990.710880,104,0,112,0,133,0,132,0
4990.712909,104,0,112,0,133,0,132,0
4990.714914,104,0,112,0,133,0,132,0
4990.716893,104,0,112,0,133,0,132,0
4990.718770,104,0,112,0,133,0,132,0
4990.720808,104,0,112,0,133,0,132,0
4990.722922,104,0,112,0,133,0,132,0
4990.725038,104,0,112,0,133,0,132,0
4990.726878,104,0,112,0,133,0,132,0
4990.728937,104,0,112,0,133,0,132,0
4990.730713,104,0,112,0,133,0,132,0
4990.732709,104,0,112,0,133,0,132,0
4990.734854,104,0,112,0,133,0,132,0
4990.737025,104,0,112,0,133,0,132,0
4990.738993,104,0,112,0,133,0,132,0
4990.740943,104,0,112,0,133,0,132,0
4990.742969,104,0,112,0,133,0,132,0
4990.745056,104,0,112,0,133,0,132,0
4990.746991,104,0,112,0,133,0,132,0
4990.748938,104,0,112,0,133,0,132,0
4990.750915,104,0,112,0,133,0,132,0
4990.752909,104,0,112,0,133,0,132,0
4990.754885,104,0,112,0,133,0,132,0
4990.756888,104,0,112,0,133,0,132,0
4990.758887,104,0,112,0,133,0,132,0
4990.760942,104,0,112,0,133,0,132,0
4990.762936,104,0,112,0,133,0,132,0
4990.764910,104,0,112,0,133,0,132,0
4990.766969,104,0,112,0,133,0,132,0
4990.769019,104,0,112,0,133,0,132,0
4990.770771,104,0,112,0,133,0,132,0
4990.772932,104,0,112,0,133,0,132,0
4990.775063,104,0,112,0,133,0,132,0
4990.776927,104,0,112,0,133,0,132,0
4990.778977,104,0,112,0,133,0,132,0
4990.780937,104,0,112,0,133,0,132,0
4990.782971,104,0,112,0,133,0,132,0
4990.784973,104,0,112,0,133,0,132,0
4990.786980,104,0,112,0,133,0,132,0
4990.789023,104,0,112,0,133,0,132,0
4990.790978,104,0,112,0,133,0,132,0
4990.792955,104,0,112,0,133,0,132,0
4990.794982,104,0,112,0,133,0,132,0
4990.796975,104,0,112,0,133,0,132,0
4990.798965,104,0,112,0,133,0,132,0
4990.800951,104,0,112,0,133,0,132,0
4990.802934,104,0,112,0,133,0,132,0
4990.804947,104,0,112,0,133,0,132,0
4990.806933,104,0,112,0,133,0,132,0
4990.808971,104,0,112,0,133,0,132,0
4990.810931,104,0,112,0,133,0,132,0
4990.812752,104,0,112,0,133,0,132,0
4990.814941,104,0,112,0,133,0,132,0
4990.816931,104,0,112,0,133,0,132,0
4990.818993,104,0,112,0,133,0,132,0
4990.820912,104,0,112,0,133,0,132,0
4990.822885,104,0,112,0,133,0,132,0
4990.824902,104,0,112,0,133,0,132,0
4990.826886,104,0,112,0,133,0,132,0
4990.828638,104,0,112,0,133,0,132,0
4990.830673,104,0,112,0,133,0,132,0
4990.832717,104,0,112,0,133,0,132,0
4990.834672,104,0,112,0,133,0,132,0
4990.836878,104,0,112,0,133,0,132,0
4990.838953,104,0,112,0,133,0,132,0
4990.840955,104,0,112,0,133,0,132,0
4990.842928,104,0,112,0,133,0,132,0
4990.844913,104,0,112,0,133,0,132,0
4990.846942,104,0,112,0,133,0,132,0
4990.848968,104,0,112,0,133,0,132,0
4990.850962,104,0,112,0,133,0,132,0
4990.852953,104,0,112,0,133,0,132,0
4990.854946,104,0,112,0,133,0,132,0
4990.857263,104,0,112,0,133,0,132,0
4990.859100,104,0,112,0,133,0,132,0
4990.861013,104,0,112,0,133,0,132,0
4990.862682,104,0,112,0,133,0,132,0
4990.864724,104,0,112,0,133,0,132,0
4990.866973,104,0,112,0,133,0,132,0
4990.868988,104,0,112,0,133,0,132,0
4990.870640,104,0,112,0,133,0,132,0
4990.872877,104,0,112,0,133,0,132,0
4990.874934,104,0,112,0,133,0,132,0
4990.876874,104,0,112,0,133,0,132,0
4990.878832,104,0,112,0,133,0,132,0
4990.880891,104,0,112,0,133,0,132,0
4990.882954,104,0,112,0,133,0,132,0
4990.884744,104,0,112,0,133,0,132,0
4990.886949,104,0,112,0,133,0,132,0
4990.888918,104,0,112,0,133,0,132,0
4990.890982,104,0,112,0,133,0,132,0
4990.892901,104,0,112,0,133,0,132,0
4990.894960,104,0,112,0,133,0,132,0
4990.896990,104,0,112,0,133,0,132,0
4990.898992,104,0,112,0,133,0,132,0
4990.900955,104,0,112,0,133,0,132,0
4990.902877,104,0,112,0,133,0,132,0
4990.904922,104,0,112,0,133,0,132,0
4990.906692,104,0,112,0,133,0,132,0
4990.908918,104,0,112,0,133,0,132,0
4990.910880,104,0,112,0,133,0,132,0
4990.912907,104,0,112,0,133,0,132,0
4990.914921,104,0,112,0,133,0,132,0
4990.916904,104,0,112,0,133,0,132,0
4990.918935,104,0,112,0,133,0,132,0
4990.920910,104,0,112,0,133,0,132,0
4990.922924,104,0,112,0,133,0,132,0
4990.924987,104,0,112,0,133,0,132,0
4990.926922,104,0,112,0,133,0,132,0
4990.928971,104,0,112,0,133,0,132,0
4990.930950,104,0,112,0,133,0,132,0
4990.932939,104,0,112,0,133,0,132,0
4990.934907,104,0,112,0,133,0,132,0
4990.936952,104,0,112,0,133,0,132,0
4990.938841,104,0,112,0,133,0,132,0
4990.940870,104,0,112,0,133,0,132,0
4990.942951,104,0,112,0,133,0,132,0
4990.944962,104,0,112,0,133,0,132,0
4990.947216,104,0,112,0,133,0,132,0
4990.949002,104,0,112,0,133,0,132,0
4990.950963,104,0,112,0,133,0,132,0
4990.952935,104,0,112,0,133,0,132,0
4990.954972,104,0,112,0,133,0,132,0
4990.956983,104,0,112,0,133,0,132,0
4990.959027,104,0,112,0,133,0,132,0
4990.960974,104,0,112,0,133,0,132,0
4990.962934,104,0,112,0,133,0,132,0
4990.964936,104,0,112,0,133,0,132,0
4990.966940,104,0,112,0,133,0,132,0
4990.968951,104,0,112,0,133,0,132,0
4990.970912,104,0,112,0,133,0,132,0
4990.972939,104,0,112,0,133,0,132,0
4990.975153,104,0,112,0,133,0,132,0
4990.976939,104,0,112,0,133,0,132,0
4990.978885,104,0,112,0,133,0,132,0
4990.980937,104,0,112,0,133,0,132,0
4990.982894,104,0,112,0,133,0,132,0
4990.984908,104,0,112,0,133,0,132,0
4990.986919,104,0,112,0,133,0,132,0
4990.988937,104,0,112,0,133,0,132,0
4990.990892,104,0,112,0,133,0,132,0
4990.993101,104,0,112,0,133,0,132,0
4990.994930,104,0,112,0,133,0,132,0
4990.996938,104,0,112,0,133,0,132,0
4990.998970,104,0,112,0,133,0,132,0
4991.000924,104,0,112,0,133,0,132,0
4991.002939,104,0,112,0,133,0,132,0
4991.004855,104,0,112,0,133,0,132,0
4991.006742,104,0,112,0,133,0,132,0
4991.008974,104,0,112,0,133,0,132,0
4991.010974,104,0,112,0,133,0,132,0
4991.012961,104,0,112,0,133,0,132,0
4991.014977,104,0,112,0,133,0,132,0
4991.016990,104,0,112,0,133,0,132,0
4991.018979,104,0,112,0,133,0,132,0
4991.021017,104,0,112,0,133,0,132,0
4991.022983,104,0,112,0,133,0,132,0
4991.025088,104,0,112,0,133,0,132,0
4991.026935,104,0,112,0,133,0,132,0
4991.029000,104,0,112,0,133,0,132,0
4991.030981,104,0,112,0,133,0,132,0
4991.032929,104,0,112,0,133,0,132,0
4991.034911,104,0,112,0,133,0,132,0
4991.036915,104,0,112,0,133,0,132,0
4991.038911,104,0,112,0,133,0,132,0
4991.041070,104,0,112,0,133,0,132,0
4991.043026,104,0,112,0,133,0,132,0
4991.044987,104,0,112,0,133,0,132,0
4991.046947,104,0,112,0,133,0,132,0
4991.048778,104,0,112,0,133,0,132,0
4991.050919,104,0,112,0,133,0,132,0
4991.052733,104,0,112,0,133,0,132,0
4991.054810,104,0,112,0,133,0,132,0
4991.056836,104,0,112,0,133,0,132,0
4991.058815,104,0,112,0,133,0,132,0
4991.060967,104,0,112,0,133,0,132,0
4991.062752,104,0,112,0,133,0,132,0
4991.064788,104,0,112,0,133,0,132,0
4991.066743,104,0,112,0,133,0,132,0
4991.068965,104,0,112,0,133,0,132,0
4991.070952,104,0,112,0,133,0,132,0
4991.072757,104,0,112,0,133,0,132,0
4991.075038,104,0,112,0,133,0,132,0
4991.076975,104,0,112,0,133,0,132,0
4991.078983,104,0,112,0,133,0,132,0
4991.080942,104,0,112,0,133,0,132,0
4991.082709,104,0,112,0,133,0,132,0
4991.084912,104,0,112,0,133,0,132,0
4991.086967,104,0,112,0,133,0,132,0
4991.088826,104,0,112,0,133,0,132,0
4991.090858,104,0,112,0,133,0,132,0
4991.092938,104,0,112,0,133,0,132,0
4991.094793,104,0,112,0,133,0,132,0
4991.096956,104,0,112,0,133,0,132,0
4991.098949,104,0,112,0,133,0,132,0
4991.100929,104,0,112,0,133,0,132,0
4991.102943,104,0,112,0,133,0,132,0
4991.104917,104,0,112,0,133,0,132,0
4991.106881,104,0,112,0,133,0,132,0
4991.109029,104,0,112,0,133,0,132,0
4991.111013,104,0,112,0,133,0,132,0
4991.112982,104,0,112,0,133,0,132,0
4991.114955,104,0,112,0,133,0,132,0
4991.116991,104,0,112,0,133,0,132,0
4991.119050,104,0,112,0,133,0,132,0
4991.120975,104,0,112,0,133,0,132,0
4991.122975,104,0,112,0,133,0,132,0
4991.124957,104,0,112,0,133,0,132,0
4991.126970,104,0,112,0,133,0,132,0
4991.128896,104,0,112,0,133,0,132,0
4991.130678,104,0,112,0,133,0,132,0
4991.132966,104,0,112,0,133,0,132,0
4991.134755,104,0,112,0,133,0,132,0
4991.136967,104,0,112,0,133,0,132,0
4991.138886,104,0,112,0,133,0,132,0
4991.140972,104,0,112,0,133,0,132,0
4991.142951,104,0,112,0,133,0,132,0
4991.144970,104,0,112,0,133,0,132,0
4991.146952,104,0,112,0,133,0,132,0
4991.148951,104,0,112,0,133,0,132,0
4991.150931,104,0,112,0,133,0,132,0
4991.152963,104,0,112,0,133,0,132,0
4991.154964,104,0,112,0,133,0,132,0
4991.156982,104,0,112,0,133,0,132,0
4991.159009,104,0,112,0,133,0,132,0
4991.160987,104,0,112,0,133,0,132,0
4991.162974,104,0,112,0,133,0,132,0
4991.165008,104,0,112,0,133,0,132,0
4991.166951,104,0,112,0,133,0,132,0
4991.168969,104,0,112,0,133,0,132,0
4991.170965,104,0,112,0,133,0,132,0
4991.172954,104,0,112,0,133,0,132,0
4991.174997,104,0,112,0,133,0,132,0
4991.176954,104,0,112,0,133,0,132,0
4991.179010,104,0,112,0,133,0,132,0
4991.180987,104,0,112,0,133,0,132,0
4991.182976,104,0,112,0,133,0,132,0
4991.184970,104,0,112,0,133,0,132,0
4991.186983,104,0,112,0,133,0,132,0
4991.188820,104,0,112,0,133,0,132,0
4991.190707,104,0,112,0,133,0,132,0
4991.192718,104,0,112,0,133,0,132,0
4991.194703,104,0,112,0,133,0,132,0
4991.196939,104,0,112,0,133,0,132,0
4991.198844,104,0,112,0,133,0,132,0
4991.200848,104,0,112,0,133,0,132,0
4991.202999,104,0,112,0,133,0,132,0
4991.204972,104,0,112,0,133,0,132,0
4991.206763,104,0,112,0,133,0,132,0
4991.209005,104,0,112,0,133,0,132,0
4991.210944,104,0,112,0,133,0,132,0
4991.212925,104,0,112,0,133,0,132,0
4991.214937,104,0,112,0,133,0,132,0
4991.217016,104,0,112,0,133,0,132,0
4991.219038,104,0,112,0,133,0,132,0
4991.220780,104,0,112,0,133,0,132,0
4991.222957,104,0,112,0,133,0,132,0
4991.225263,104,0,112,0,133,0,132,0
4991.226933,104,0,112,0,133,0,132,0
4991.228762,104,0,112,0,133,0,132,0
4991.230739,104,0,112,0,133,0,132,0
4991.232696,104,0,112,0,133,0,132,0
4991.234779,104,0,112,0,133,0,132,0
4991.237001,104,0,112,0,133,0,132,0
4991.238781,104,0,112,0,133,0,132,0
4991.240813,104,0,112,0,133,0,132,0
4991.243000,104,0,112,0,133,0,132,0
4991.244914,104,0,112,0,133,0,132,0
4991.246961,104,0,112,0,133,0,132,0
4991.248868,104,0,112,0,133,0,132,0
4991.250929,104,0,112,0,133,0,132,0
4991.252976,104,0,112,0,133,0,132,0
4991.254981,104,0,112,0,133,0,132,0
4991.257043,104,0,112,0,133,0,132,0
4991.259076,104,0,112,0,133,0,132,0
4991.261069,104,0,112,0,133,0,132,0
4991.263034,104,0,112,0,133,0,132,0
4991.265034,104,0,112,0,133,0,132,0
4991.266930,104,0,112,0,133,0,132,0
4991.268972,104,0,112,0,133,0,132,0
4991.270903,104,0,112,0,133,0,132,0
4991.272921,104,0,112,0,133,0,132,0
4991.275082,104,0,112,0,133,0,132,0
4991.277110,104,0,112,0,133,0,132,0
4991.279090,104,0,112,0,133,0,132,0
4991.280924,104,0,112,0,133,0,132,0
4991.282915,104,0,112,0,133,0,132,0
4991.284913,104,0,112,0,133,0,132,0
4991.286925,104,0,112,0,133,0,132,0
4991.288963,104,0,112,0,133,0,132,0
4991.290922,104,0,112,0,133,0,132,0
4991.292982,104,0,112,0,133,0,132,0
4991.294972,104,0,112,0,133,0,132,0
4991.297047,104,0,112,0,133,0,132,0
4991.299044,104,0,112,0,133,0,132,0
4991.300942,104,0,112,0,133,0,132,0
4991.302908,104,0,112,0,133,0,132,0
4991.304961,104,0,112,0,133,0,132,0
4991.306923,104,0,112,0,133,0,132,0
4991.308948,104,0,112,0,133,0,132,0
4991.311001,104,0,112,0,133,0,132,0
4991.312977,104,0,112,0,133,0,132,0
4991.315013,104,0,112,0,133,0,132,0
4991.316999,104,0,112,0,133,0,132,0
4991.319037,104,0,112,0,133,0,132,0
4991.320722,104,0,112,0,133,0,132,0
4991.322921,104,0,112,0,133,0,132,0
4991.324822,104,0,112,0,133,0,132,0
4991.326922,104,0,112,0,133,0,132,0
4991.328972,104,0,112,0,133,0,132,0
4991.330958,104,0,112,0,133,0,132,0
4991.332959,104,0,112,0,133,0,132,0
4991.334958,104,0,112,0,133,0,132,0
4991.336953,104,0,112,0,133,0,132,0
4991.338731,104,0,112,0,133,0,132,0
4991.340767,104,0,112,0,133,0,132,0
4991.342952,104,0,112,0,133,0,132,0
4991.345003,104,0,112,0,133,0,132,0
4991.346984,104,0,112,0,133,0,132,0
4991.349003,104,0,112,0,133,0,132,0
4991.350957,104,0,112,0,133,0,132,0
4991.352968,104,0,112,0,133,0,132,0
4991.354953,104,0,112,0,133,0,132,0
4991.356962,104,0,112,0,133,0,132,0
4991.358987,104,0,112,0,133,0,132,0
4991.360972,104,0,112,0,133,0,132,0
4991.362990,104,0,112,0,133,0,132,0
4991.364999,104,0,112,0,133,0,132,0
4991.367058,104,0,112,0,133,0,132,0
4991.369019,104,0,112,0,133,0,132,0
4991.370999,104,0,112,0,133,0,132,0
4991.372988,104,0,112,0,133,0,132,0
4991.375237,104,0,112,0,133,0,132,0
4991.376987,104,0,112,0,133,0,132,0
4991.379047,104,0,112,0,133,0,132,0
4991.380971,104,0,112,0,133,0,132,0
4991.382942,104,0,112,0,133,0,132,0
4991.384964,104,0,112,0,133,0,132,0
4991.387011,104,0,112,0,133,0,132,0
4991.389013,104,0,112,0,133,0,132,0
4991.390931,104,0,112,0,133,0,132,0
4991.392960,104,0,112,0,133,0,132,0
4991.394923,104,0,112,0,133,0,132,0
4991.396947,104,0,112,0,133,0,132,0
4991.399006,104,0,112,0,133,0,132,0
4991.401008,104,0,112,0,133,0,132,0
4991.402971,104,0,112,0,133,0,132,0
4991.404957,104,0,112,0,133,0,132,0
4991.406957,104,0,112,0,133,0,132,0
4991.408954,104,0,112,0,133,0,132,0
4991.410954,104,0,112,0,133,0,132,0
4991.412944,104,0,112,0,133,0,132,0
4991.414924,104,0,112,0,133,0,132,0
4991.416928,104,0,112,0,133,0,132,0
4991.418951,104,0,112,0,133,0,132,0
4991.420674,104,0,112,0,133,0,132,0
4991.422605,104,0,112,0,133,0,132,0
4991.424735,104,0,112,0,133,0,132,0
4991.426745,104,0,112,0,133,0,132,0
4991.428822,104,0,112,0,133,0,132,0
4991.430759,104,0,112,0,133,0,132,0
4991.432768,104,0,112,0,133,0,132,0
4991.434763,104,0,112,0,133,0,132,0
4991.436752,104,0,112,0,133,0,132,0
4991.438725,104,0,112,0,133,0,132,0
4991.440774,104,0,112,0,133,0,132,0
4991.442773,104,0,112,0,133,0,132,0
4991.444819,104,0,112,0,133,0,132,0
4991.446801,104,0,112,0,133,0,132,0
4991.448816,104,0,112,0,133,0,132,0
4991.450781,104,0,112,0,133,0,132,0
4991.452813,104,0,112,0,133,0,132,0
4991.454827,104,0,112,0,133,0,132,0
4991.456829,104,0,112,0,133,0,132,0
4991.458817,104,0,112,0,133,0,132,0
4991.460810,104,0,112,0,133,0,132,0
4991.462820,104,0,112,0,133,0,132,0
4991.464823,104,0,112,0,133,0,132,0
4991.466841,104,0,112,0,133,0,132,0
4991.468899,104,0,112,0,133,0,132,0
4991.470782,104,0,112,0,133,0,132,0
4991.472816,104,0,112,0,133,0,132,0
4991.474768,104,0,112,0,133,0,132,0
4991.476747,104,0,112,0,133,0,132,0
4991.478723,104,0,112,0,133,0,132,0
4991.480756,104,0,112,0,133,0,132,0
4991.482838,104,0,112,0,133,0,132,0
4991.484961,104,0,112,0,133,0,132,0
4991.486810,104,0,112,0,133,0,132,0
4991.488832,104,0,112,0,133,0,132,0
4991.490826,104,0,112,0,133,0,132,0
4991.492814,104,0,112,0,133,0,132,0
4991.494822,104,0,112,0,133,0,132,0
4991.496827,104,0,112,0,133,0,132,0
4991.498861,104,0,112,0,133,0,132,0
4991.500819,104,0,112,0,133,0,132,0
4991.502815,104,0,112,0,133,0,132,0
4991.504818,104,0,112,0,133,0,132,0
4991.506829,104,0,112,0,133,0,132,0
4991.508857,104,0,112,0,133,0,132,0
4991.510813,104,0,112,0,133,0,132,0
4991.512819,104,0,112,0,133,0,132,0
4991.514825,104,0,112,0,133,0,132,0
4991.516856,104,0,112,0,133,0,132,0
4991.518877,104,0,112,0,133,0,132,0
4991.520844,104,0,112,0,133,0,132,0
4991.522827,104,0,112,0,133,0,132,0
4991.524745,104,0,112,0,133,0,132,0
4991.526764,104,0,112,0,133,0,132,0
4991.528776,104,0,112,0,133,0,132,0
4991.530770,104,0,112,0,133,0,132,0
4991.532989,104,0,112,0,133,0,132,0
4991.534979,104,0,112,0,133,0,132,0
4991.536991,104,0,112,0,133,0,132,0
4991.539012,104,0,112,0,133,0,132,0
4991.540976,104,0,112,0,133,0,132,0
4991.542911,104,0,112,0,133,0,132,0
4991.544949,104,0,112,0,133,0,132,0
4991.546947,104,0,112,0,133,0,132,0
4991.548943,104,0,112,0,133,0,132,0
4991.550961,104,0,112,0,133,0,132,0
4991.552945,104,0,112,0,133,0,132,0
4991.554909,104,0,112,0,133,0,132,0
4991.556919,104,0,112,0,133,0,132,0
4991.558951,104,0,112,0,133,0,132,0
4991.560681,104,0,112,0,133,0,132,0
4991.562999,104,0,112,0,133,0,132,0
4991.565033,104,0,112,0,133,0,132,0
4991.567018,104,0,112,0,133,0,132,0
4991.569020,104,0,112,0,133,0,132,0
4991.571040,104,0,112,0,133,0,132,0
4991.572834,104,0,112,0,133,0,132,0
4991.574976,104,0,112,0,133,0,132,0
4991.577023,104,0,112,0,133,0,132,0
4991.578946,104,0,112,0,133,0,132,0
4991.581028,104,0,112,0,133,0,132,0
4991.583037,104,0,112,0,133,0,132,0
4991.585004,104,0,112,0,133,0,132,0
4991.586990,104,0,112,0,133,0,132,0
4991.589029,104,0,112,0,133,0,132,0
4991.590992,104,0,112,0,133,0,132,0
4991.592966,104,0,112,0,133,0,132,0
4991.595131,104,0,112,0,133,0,132,0
4991.596951,104,0,112,0,133,0,132,0
4991.598965,104,0,112,0,133,0,132,0
4991.600918,104,0,112,0,133,0,132,0
4991.602955,104,0,112,0,133,0,132,0
4991.604940,104,0,112,0,133,0,132,0
4991.607030,104,0,112,0,133,0,132,0
4991.608821,104,0,112,0,133,0,132,0
4991.610788,104,0,112,0,133,0,132,0
4991.612906,104,0,112,0,133,0,132,0
4991.614713,104,0,112,0,133,0,132,0
4991.617036,104,0,112,0,133,0,132,0
4991.619045,104,0,112,0,133,0,132,0
4991.621036,104,0,112,0,133,0,132,0
4991.622994,104,0,112,0,133,0,132,0
4991.625078,104,0,112,0,133,0,132,0
4991.626952,104,0,112,0,133,0,132,0
4991.628963,104,0,112,0,133,0,132,0
4991.630919,104,0,112,0,133,0,132,0
4991.632921,104,0,112,0,133,0,132,0
4991.635141,104,0,112,0,133,0,132,0
4991.636924,104,0,112,0,133,0,132,0
4991.638945,104,0,112,0,133,0,132,0
4991.640959,104,0,112,0,133,0,132,0
4991.642968,104,0,112,0,133,0,132,0
4991.644910,104,0,112,0,133,0,132,0
4991.646975,104,0,112,0,133,0,132,0
4991.648967,104,0,112,0,133,0,132,0
4991.651009,104,0,112,0,133,0,132,0
4991.652996,104,0,112,0,133,0,132,0
4991.655041,104,0,112,0,133,0,132,0
4991.656959,104,0,112,0,133,0,132,0
4991.658975,104,0,112,0,133,0,132,0
4991.660947,104,0,112,0,133,0,132,0
4991.662964,104,0,112,0,133,0,132,0
4991.664573,104,0,112,0,133,0,132,0
4991.666951,104,0,112,0,133,0,132,0
4991.668958,104,0,112,0,133,0,132,0
4991.670947,104,0,112,0,133,0,132,0
4991.672953,104,0,112,0,133,0,132,0
4991.674972,104,0,112,0,133,0,132,0
4991.676998,104,0,112,0,133,0,132,0
4991.678981,104,0,112,0,133,0,132,0
4991.680972,104,0,112,0,133,0,132,0
4991.682954,104,0,112,0,133,0,132,0
4991.684943,104,0,112,0,133,0,132,0
4991.686947,104,0,112,0,133,0,132,0
4991.688941,104,0,112,0,133,0,132,0
4991.691024,104,0,112,0,133,0,132,0
4991.693020,104,0,112,0,133,0,132,0
4991.695052,104,0,112,0,133,0,132,0
4991.696914,104,0,112,0,133,0,132,0
4991.699007,104,0,112,0,133,0,132,0
4991.701022,104,0,112,0,133,0,132,0
4991.702867,104,0,112,0,133,0,132,0
4991.704892,104,0,112,0,133,0,132,0
4991.706921,104,0,112,0,133,0,132,0
4991.709066,104,0,112,0,133,0,132,0
4991.710924,104,0,112,0,133,0,132,0
4991.712904,104,0,112,0,133,0,132,0
4991.715030,104,0,112,0,133,0,132,0
4991.716953,104,0,112,0,133,0,132,0
4991.718972,104,0,112,0,133,0,132,0
4991.720954,104,0,112,0,133,0,132,0
4991.722951,104,0,112,0,133,0,132,0
4991.724949,104,0,112,0,133,0,132,0
4991.726938,104,0,112,0,133,0,132,0
4991.728964,104,0,112,0,133,0,132,0
4991.730783,104,0,112,0,133,0,132,0
4991.732755,104,0,112,0,133,0,132,0
4991.734960,104,0,112,0,133,0,132,0
4991.736994,104,0,112,0,133,0,132,0
4991.739025,104,0,112,0,133,0,132,0
4991.740665,104,0,112,0,133,0,132,0
4991.742731,104,0,112,0,133,0,132,0
4991.744937,104,0,112,0,133,0,132,0
4991.747037,104,0,112,0,133,0,132,0
4991.748866,104,0,112,0,133,0,132,0
4991.750844,104,0,112,0,133,0,132,0
4991.752847,104,0,112,0,133,0,132,0
4991.754843,104,0,112,0,133,0,132,0
4991.756816,104,0,112,0,133,0,132,0
4991.758770,104,0,112,0,133,0,132,0
4991.760727,104,0,112,0,133,0,132,0
4991.762733,104,0,112,0,133,0,132,0
4991.764784,104,0,112,0,133,0,132,0
4991.766734,104,0,112,0,133,0,132,0
4991.768747,104,0,112,0,133,0,132,0
4991.770785,104,0,112,0,133,0,132,0
4991.772829,104,0,112,0,133,0,132,0
4991.774987,104,0,112,0,133,0,132,0
4991.776777,104,0,112,0,133,0,132,0
4991.778765,104,0,112,0,133,0,132,0
4991.780736,104,0,112,0,133,0,132,0
4991.782748,104,0,112,0,133,0,132,0
4991.784762,104,0,112,0,133,0,132,0
4991.786774,104,0,112,0,133,0,132,0
4991.788870,104,0,112,0,133,0,132,0
4991.791002,104,0,112,0,133,0,132,0
4991.792884,104,0,112,0,133,0,132,0
4991.795072,104,0,112,0,133,0,132,0
4991.796837,104,0,112,0,133,0,132,0
4991.798651,104,0,112,0,133,0,132,0
4991.800826,104,0,112,0,133,0,132,0
4991.802993,104,0,112,0,133,0,132,0
4991.804815,104,0,112,0,133,0,132,0
4991.806802,104,0,112,0,133,0,132,0
4991.808951,104,0,112,0,133,0,132,0
4991.811132,104,0,112,0,133,0,132,0
4991.813014,104,0,112,0,133,0,132,0
4991.815040,104,0,112,0,133,0,132,0
4991.817110,104,0,112,0,133,0,132,0
4991.819031,104,0,112,0,133,0,132,0
4991.821108,104,0,112,0,133,0,132,0
4991.823046,104,0,112,0,133,0,132,0
4991.825137,104,0,112,0,133,0,132,0
4991.826982,104,0,112,0,133,0,132,0
4991.829078,104,0,112,0,133,0,132,0
4991.830981,104,0,112,0,133,0,132,0
4991.833073,104,0,112,0,133,0,132,0
4991.835003,104,0,112,0,133,0,132,0
4991.836953,104,0,112,0,133,0,132,0
4991.838972,104,0,112,0,133,0,132,0
4991.840967,104,0,112,0,133,0,132,0
4991.842958,104,0,112,0,133,0,132,0
4991.845009,104,0,112,0,133,0,132,0
4991.847084,104,0,112,0,133,0,132,0
4991.849138,104,0,112,0,133,0,132,0
4991.851006,104,0,112,0,133,0,132,0
4991.853017,104,0,112,0,133,0,132,0
4991.855009,104,0,112,0,133,0,132,0
4991.856992,104,0,112,0,133,0,132,0
4991.859046,104,0,112,0,133,0,132,0
4991.861042,104,0,112,0,133,0,132,0
4991.862973,104,0,112,0,133,0,132,0
4991.865102,104,0,112,0,133,0,132,0
4991.867232,104,0,112,0,133,0,132,0
4991.869041,104,0,112,0,133,0,132,0
4991.871005,104,0,112,0,133,0,132,0
4991.873028,104,0,112,0,133,0,132,0
4991.875190,104,0,112,0,133,0,132,0
4991.877002,104,0,112,0,133,0,132,0
4991.879067,104,0,112,0,133,0,132,0
4991.880967,104,0,112,0,133,0,132,0
4991.882989,104,0,112,0,133,0,132,0
4991.884975,104,0,112,0,133,0,132,0
4991.887006,104,0,112,0,133,0,132,0
4991.889018,104,0,112,0,133,0,132,0
4991.891045,104,0,112,0,133,0,132,0
4991.893091,104,0,112,0,133,0,132,0
4991.894947,104,0,112,0,133,0,132,0
4991.896900,104,0,112,0,133,0,132,0
4991.899295,104,0,112,0,133,0,132,0
4991.901011,104,0,112,0,133,0,132,0
4991.902969,104,0,112,0,133,0,132,0
4991.905004,104,0,112,0,133,0,132,0
4991.907042,104,0,112,0,133,0,132,0
4991.909085,104,0,112,0,133,0,132,0
4991.910930,104,0,112,0,133,0,132,0
4991.913046,104,0,112,0,133,0,132,0
4991.914959,104,0,112,0,133,0,132,0
4991.917020,104,0,112,0,133,0,132,0
4991.919137,104,0,112,0,133,0,132,0
4991.921044,104,0,112,0,133,0,132,0
4991.922969,104,0,112,0,133,0,132,0
4991.925045,104,0,112,0,133,0,132,0
4991.926987,104,0,112,0,133,0,132,0
4991.929099,104,0,112,0,133,0,132,0
4991.930928,104,0,112,0,133,0,132,0
4991.933027,104,0,112,0,133,0,132,0
4991.935022,104,0,112,0,133,0,132,0
4991.937024,104,0,112,0,133,0,132,0
4991.939022,104,0,112,0,133,0,132,0
4991.940899,104,0,112,0,133,0,132,0
4991.942933,104,0,112,0,133,0,132,0
4991.945037,104,0,112,0,133,0,132,0
4991.947010,104,0,112,0,133,0,132,0
4991.948968,104,0,112,0,133,0,132,0
4991.950979,104,0,112,0,133,0,132,0
4991.952970,104,0,112,0,133,0,132,0
4991.954980,104,0,112,0,133,0,132,0
4991.956777,104,0,112,0,133,0,132,0
4991.959010,104,0,112,0,133,0,132,0
4991.961069,104,0,112,0,133,0,132,0
4991.962874,104,0,112,0,133,0,132,0
4991.964864,104,0,112,0,133,0,132,0
4991.967010,104,0,112,0,133,0,132,0
4991.968977,104,0,112,0,133,0,132,0
4991.971022,104,0,112,0,133,0,132,0
4991.973032,104,0,112,0,133,0,132,0
4991.975180,104,0,112,0,133,0,132,0
4991.976986,104,0,112,0,133,0,132,0
4991.979053,104,0,112,0,133,0,132,0
4991.981017,104,0,112,0,133,0,132,0
4991.983017,104,0,112,0,133,0,132,0
4991.985027,104,0,112,0,133,0,132,0
4991.986921,104,0,112,0,133,0,132,0
4991.988906,104,0,112,0,133,0,132,0
4991.990998,104,0,112,0,133,0,132,0
4991.992984,104,0,112,0,133,0,132,0
4991.994969,104,0,112,0,133,0,132,0
4991.997011,104,0,112,0,133,0,132,0
4991.999315,104,0,112,0,133,0,132,0
4992.001023,104,0,112,0,133,0,132,0
4992.003070,104,0,112,0,133,0,132,0
4992.005047,104,0,112,0,133,0,132,0
4992.006957,104,0,112,0,133,0,132,0
4992.009084,104,0,112,0,133,0,132,0
4992.010990,104,0,112,0,133,0,132,0
4992.012960,104,0,112,0,133,0,132,0
4992.014980,104,0,112,0,133,0,132,0
4992.016986,104,0,112,0,133,0,132,0
4992.018968,104,0,112,0,133,0,132,0
4992.020989,104,0,112,0,133,0,132,0
4992.023039,104,0,112,0,133,0,132,0
4992.024991,104,0,112,0,133,0,132,0
4992.026987,104,0,112,0,133,0,132,0
4992.028927,104,0,112,0,133,0,132,0
4992.030968,104,0,112,0,133,0,132,0
4992.032987,104,0,112,0,133,0,132,0
4992.034966,104,0,112,0,133,0,132,0
4992.036972,104,0,112,0,133,0,132,0
4992.038918,104,0,112,0,133,0,132,0
4992.041013,104,0,112,0,133,0,132,0
4992.042809,104,0,112,0,133,0,132,0
4992.044975,104,0,112,0,133,0,132,0
4992.046978,104,0,112,0,133,0,132,0
4992.048890,104,0,112,0,133,0,132,0
4992.050891,104,0,112,0,133,0,132,0
4992.052915,104,0,112,0,133,0,132,0
4992.054987,104,0,112,0,133,0,132,0
4992.056825,104,0,112,0,133,0,132,0
4992.059088,104,0,112,0,133,0,132,0
4992.061012,104,0,112,0,133,0,132,0
4992.062815,104,0,112,0,133,0,132,0
4992.064827,104,0,112,0,133,0,132,0
4992.066851,104,0,112,0,133,0,132,0
4992.069094,104,0,112,0,133,0,132,0
4992.071017,104,0,112,0,133,0,132,0
4992.073063,104,0,112,0,133,0,132,0
4992.075192,104,0,112,0,133,0,132,0
4992.077086,104,0,112,0,133,0,132,0
4992.079146,104,0,112,0,133,0,132,0
4992.080931,104,0,112,0,133,0,132,0
4992.082913,104,0,112,0,133,0,132,0
4992.084961,104,0,112,0,133,0,132,0
4992.087016,104,0,112,0,133,0,132,0
4992.089033,104,0,112,0,133,0,132,0
4992.091006,104,0,112,0,133,0,132,0
4992.092798,104,0,112,0,133,0,132,0
4992.094977,104,0,112,0,133,0,132,0
4992.096998,104,0,112,0,133,0,132,0
4992.098743,104,0,112,0,133,0,132,0
4992.101045,104,0,112,0,133,0,132,0
4992.103096,104,0,112,0,133,0,132,0
4992.104945,104,0,112,0,133,0,132,0
4992.106963,104,0,112,0,133,0,132,0
4992.109039,104,0,112,0,133,0,132,0
4992.110818,104,0,112,0,133,0,132,0
4992.113029,104,0,112,0,133,0,132,0
4992.115020,104,0,112,0,133,0,132,0
4992.117028,104,0,112,0,133,0,132,0
4992.118871,104,0,112,0,133,0,132,0
4992.121015,104,0,112,0,133,0,132,0
4992.123010,104,0,112,0,133,0,132,0
4992.124932,104,0,112,0,133,0,132,0
4992.126822,104,0,112,0,133,0,132,0
4992.128963,104,0,112,0,133,0,132,0
4992.130783,104,0,112,0,133,0,132,0
4992.133013,104,0,112,0,133,0,132,0
4992.134768,104,0,112,0,133,0,132,0
4992.136967,104,0,112,0,133,0,132,0
4992.138737,104,0,112,0,133,0,132,0
4992.140811,104,0,112,0,133,0,132,0
4992.142977,104,0,112,0,133,0,132,0
4992.144897,104,0,112,0,133,0,132,0
4992.146992,104,0,112,0,133,0,132,0
4992.149010,104,0,112,0,133,0,132,0
4992.150999,104,0,112,0,133,0,132,0
4992.152995,104,0,112,0,133,0,132,0
4992.154788,104,0,112,0,133,0,132,0
4992.157057,104,0,112,0,133,0,132,0
4992.159163,104,0,112,0,133,0,132,0
4992.160953,104,0,112,0,133,0,132,0
4992.163069,104,0,112,0,133,0,132,0
4992.165026,104,0,112,0,133,0,132,0
4992.167017,104,0,112,0,133,0,132,0
4992.169051,104,0,112,0,133,0,132,0
4992.171023,104,0,112,0,133,0,132,0
4992.173064,104,0,112,0,133,0,132,0
4992.175100,104,0,112,0,133,0,132,0
4992.176994,104,0,112,0,133,0,132,0
4992.179052,104,0,112,0,133,0,132,0
4992.180993,104,0,112,0,133,0,132,0
4992.182979,104,0,112,0,133,0,132,0
4992.184887,104,0,112,0,133,0,132,0
4992.186965,104,0,112,0,133,0,132,0
4992.189072,104,0,112,0,133,0,132,0
4992.191101,104,0,112,0,133,0,132,0
4992.192968,104,0,112,0,133,0,132,0
4992.195054,104,0,112,0,133,0,132,0
4992.197247,104,0,112,0,133,0,132,0
4992.199013,104,0,112,0,133,0,132,0
4992.201063,104,0,112,0,133,0,132,0
4992.203058,104,0,112,0,133,0,132,0
4992.205081,104,0,112,0,133,0,132,0
4992.207051,104,0,112,0,133,0,132,0
4992.209179,104,0,112,0,133,0,132,0
4992.210887,104,0,112,0,133,0,132,0
4992.212957,104,0,112,0,133,0,132,0
4992.215089,104,0,112,0,133,0,132,0
4992.217090,104,0,112,0,133,0,132,0
4992.219112,104,0,112,0,133,0,132,0
4992.221085,104,0,112,0,133,0,132,0
4992.223071,104,0,112,0,133,0,132,0
4992.225111,104,0,112,0,133,0,132,0
4992.226728,104,0,112,0,133,0,132,0
4992.229039,104,0,112,0,133,0,132,0
4992.230983,104,0,112,0,133,0,132,0
4992.233024,104,0,112,0,133,0,132,0
4992.235071,104,0,112,0,133,0,132,0
4992.236837,104,0,112,0,133,0,132,0
4992.239100,104,0,112,0,133,0,132,0
4992.240873,104,0,112,0,133,0,132,0
4992.243045,104,0,112,0,133,0,132,0
4992.244947,104,0,112,0,133,0,132,0
4992.246992,104,0,112,0,133,0,132,0
4992.249090,104,0,112,0,133,0,132,0
4992.250979,104,0,112,0,133,0,132,0
4992.252886,104,0,112,0,133,0,132,0
4992.254956,104,0,112,0,133,0,132,0
4992.257182,104,0,112,0,133,0,132,0
4992.259107,104,0,112,0,133,0,132,0
4992.261076,104,0,112,0,133,0,132,0
4992.263046,104,0,112,0,133,0,132,0
4992.265031,104,0,112,0,133,0,132,0
4992.266975,104,0,112,0,133,0,132,0
4992.268982,104,0,112,0,133,0,132,0
4992.270980,104,0,112,0,133,0,132,0
4992.273027,104,0,112,0,133,0,132,0
4992.275100,104,0,112,0,133,0,132,0
4992.277025,104,0,112,0,133,0,132,0
4992.279049,104,0,112,0,133,0,132,0
4992.281089,104,0,112,0,133,0,132,0
4992.283049,104,0,112,0,133,0,132,0
4992.285027,104,0,112,0,133,0,132,0
4992.286931,104,0,112,0,133,0,132,0
4992.289091,104,0,112,0,133,0,132,0
4992.291035,104,0,112,0,133,0,132,0
4992.293104,104,0,112,0,133,0,132,0
4992.295081,104,0,112,0,133,0,132,0
4992.297064,104,0,112,0,133,0,132,0
4992.299044,104,0,112,0,133,0,132,0
4992.301047,104,0,112,0,133,0,132,0
4992.302996,104,0,112,0,133,0,132,0
4992.304864,104,0,112,0,133,0,132,0
4992.306969,104,0,112,0,133,0,132,0
4992.308933,104,0,112,0,133,0,132,0
4992.311035,104,0,112,0,133,0,132,0
4992.313075,104,0,112,0,133,0,132,0
4992.314835,104,0,112,0,133,0,132,0
4992.316809,104,0,112,0,133,0,132,0
4992.318856,104,0,112,0,133,0,132,0
4992.320707,104,0,112,0,133,0,132,0
4992.322760,104,0,112,0,133,0,132,0
4992.324846,104,0,112,0,133,0,132,0
4992.326970,104,0,112,0,133,0,132,0
4992.329055,104,0,112,0,133,0,132,0
4992.330995,104,0,112,0,133,0,132,0
4992.333044,104,0,112,0,133,0,132,0
4992.334986,104,0,112,0,133,0,132,0
4992.337045,104,0,112,0,133,0,132,0
4992.338804,104,0,112,0,133,0,132,0
4992.340970,104,0,112,0,133,0,132,0
4992.342925,104,0,112,0,133,0,132,0
4992.345084,104,0,112,0,133,0,132,0
4992.346911,104,0,112,0,133,0,132,0
4992.349019,104,0,112,0,133,0,132,0
4992.351081,104,0,112,0,133,0,132,0
4992.352851,104,0,112,0,133,0,132,0
4992.355029,104,0,112,0,133,0,132,0
4992.357096,104,0,112,0,133,0,132,0
4992.359118,104,0,112,0,133,0,132,0
4992.360959,104,0,112,0,133,0,132,0
4992.363090,104,0,112,0,133,0,132,0
4992.365031,104,0,112,0,133,0,132,0
4992.367052,104,0,112,0,133,0,132,0
4992.369065,104,0,112,0,133,0,132,0
4992.371015,104,0,112,0,133,0,132,0
4992.373009,104,0,112,0,133,0,132,0
4992.375192,104,0,112,0,133,0,132,0
4992.377070,104,0,112,0,133,0,132,0
4992.379089,104,0,112,0,133,0,132,0
4992.381081,104,0,112,0,133,0,132,0
4992.383069,104,0,112,0,133,0,132,0
4992.385055,104,0,112,0,133,0,132,0
4992.386858,104,0,112,0,133,0,132,0
4992.389114,104,0,112,0,133,0,132,0
4992.391088,104,0,112,0,133,0,132,0
4992.393055,104,0,112,0,133,0,132,0
4992.394924,104,0,112,0,133,0,132,0
4992.396937,104,0,112,0,133,0,132,0
4992.398874,104,0,112,0,133,0,132,0
4992.400924,104,0,112,0,133,0,132,0
4992.403007,104,0,112,0,133,0,132,0
4992.404903,104,0,112,0,133,0,132,0
4992.406988,104,0,112,0,133,0,132,0
4992.409063,104,0,112,0,133,0,132,0
4992.411061,104,0,112,0,133,0,132,0
4992.413093,104,0,112,0,133,0,132,0
4992.415067,104,0,112,0,133,0,132,0
4992.416832,104,0,112,0,133,0,132,0
4992.419117,104,0,112,0,133,0,132,0
4992.421099,104,0,112,0,133,0,132,0
4992.423093,104,0,112,0,133,0,132,0
4992.425186,104,0,112,0,133,0,132,0
4992.427114,104,0,112,0,133,0,132,0
4992.428993,104,0,112,0,133,0,132,0
4992.431024,104,0,112,0,133,0,132,0
4992.433031,104,0,112,0,133,0,132,0
4992.435001,104,0,112,0,133,0,132,0
4992.436916,104,0,112,0,133,0,132,0
4992.439113,104,0,112,0,133,0,132,0
4992.440930,104,0,112,0,133,0,132,0
4992.442899,104,0,112,0,133,0,132,0
4992.445040,104,0,112,0,133,0,132,0
4992.447037,104,0,112,0,133,0,132,0
4992.449088,104,0,112,0,133,0,132,0
4992.451048,104,0,112,0,133,0,132,0
4992.453051,104,0,112,0,133,0,132,0
4992.454913,104,0,112,0,133,0,132,0
4992.457058,104,0,112,0,133,0,132,0
4992.458953,104,0,112,0,133,0,132,0
4992.460950,104,0,112,0,133,0,132,0
4992.463095,104,0,112,0,133,0,132,0
4992.465194,104,0,112,0,133,0,132,0
4992.467002,104,0,112,0,133,0,132,0
4992.469075,104,0,112,0,133,0,132,0
4992.471089,104,0,112,0,133,0,132,0
4992.473084,104,0,112,0,133,0,132,0
4992.475088,104,0,112,0,133,0,132,0
4992.477016,104,0,112,0,133,0,132,0
4992.479109,104,0,112,0,133,0,132,0
4992.481099,104,0,112,0,133,0,132,0
4992.483078,104,0,112,0,133,0,132,0
4992.485095,104,0,112,0,133,0,132,0
4992.486953,104,0,112,0,133,0,132,0
4992.488985,104,0,112,0,133,0,132,0
4992.491016,104,0,112,0,133,0,132,0
4992.492998,104,0,112,0,133,0,132,0
4992.494987,104,0,112,0,133,0,132,0
4992.496992,104,0,112,0,133,0,132,0
4992.498779,104,0,112,0,133,0,132,0
4992.501008,104,0,112,0,133,0,132,0
4992.503009,104,0,112,0,133,0,132,0
4992.504994,104,0,112,0,133,0,132,0
4992.506999,104,0,112,0,133,0,132,0
4992.508911,104,0,112,0,133,0,132,0
4992.511080,104,0,112,0,133,0,132,0
4992.513101,104,0,112,0,133,0,132,0
4992.515091,104,0,112,0,133,0,132,0
4992.517098,104,0,112,0,133,0,132,0
4992.519089,104,0,112,0,133,0,132,0
4992.521096,104,0,112,0,133,0,132,0
4992.523107,104,0,112,0,133,0,132,0
4992.525298,104,0,112,0,133,0,132,0
4992.526937,104,0,112,0,133,0,132,0
4992.529121,104,0,112,0,133,0,132,0
4992.531038,104,0,112,0,133,0,132,0
4992.533044,104,0,112,0,133,0,132,0
4992.535070,104,0,112,0,133,0,132,0
4992.537098,104,0,112,0,133,0,132,0
4992.539050,104,0,112,0,133,0,132,0
4992.541045,104,0,112,0,133,0,132,0
4992.543046,104,0,112,0,133,0,132,0
4992.544942,104,0,112,0,133,0,132,0
4992.546975,104,0,112,0,133,0,132,0
4992.549096,104,0,112,0,133,0,132,0
4992.551045,104,0,112,0,133,0,132,0
4992.553024,104,0,112,0,133,0,132,0
4992.554655,104,0,112,0,133,0,132,0
4992.557078,104,0,112,0,133,0,132,0
4992.559161,104,0,112,0,133,0,132,0
4992.561075,104,0,112,0,133,0,132,0
4992.563069,104,0,112,0,133,0,132,0
4992.565090,104,0,112,0,133,0,132,0
4992.567067,104,0,112,0,133,0,132,0
4992.569188,104,0,112,0,133,0,132,0
4992.570985,104,0,112,0,133,0,132,0
4992.573012,104,0,112,0,133,0,132,0
4992.574999,104,0,112,0,133,0,132,0
4992.577011,104,0,112,0,133,0,132,0
4992.579003,104,0,112,0,133,0,132,0
4992.581301,104,0,112,0,133,0,132,0
4992.583063,104,0,112,0,133,0,132,0
4992.585102,104,0,112,0,133,0,132,0
4992.587089,104,0,112,0,133,0,132,0
4992.589173,104,0,112,0,133,0,132,0
4992.590986,104,0,112,0,133,0,132,0
4992.593074,104,0,112,0,133,0,132,0
4992.595064,104,0,112,0,133,0,132,0
4992.597116,104,0,112,0,133,0,132,0
4992.599057,104,0,112,0,133,0,132,0
4992.601036,104,0,112,0,133,0,132,0
4992.603004,104,0,112,0,133,0,132,0
4992.605032,104,0,112,0,133,0,132,0
4992.607039,104,0,112,0,133,0,132,0
4992.608971,104,0,112,0,133,0,132,0
4992.611094,104,0,112,0,133,0,132,0
4992.612961,104,0,112,0,133,0,132,0
4992.615081,104,0,112,0,133,0,132,0
4992.617089,104,0,112,0,133,0,132,0
4992.618917,104,0,112,0,133,0,132,0
4992.621102,104,0,112,0,133,0,132,0
4992.623013,104,0,112,0,133,0,132,0
4992.625094,104,0,112,0,133,0,132,0
4992.626948,104,0,112,0,133,0,132,0
4992.629071,104,0,112,0,133,0,132,0
4992.631088,104,0,112,0,133,0,132,0
4992.632889,104,0,112,0,133,0,132,0
4992.635077,104,0,112,0,133,0,132,0
4992.637042,104,0,112,0,133,0,132,0
4992.639069,104,0,112,0,133,0,132,0
4992.641025,104,0,112,0,133,0,132,0
4992.643028,104,0,112,0,133,0,132,0
4992.645010,104,0,112,0,133,0,132,0
4992.646938,104,0,112,0,133,0,132,0
4992.649106,104,0,112,0,133,0,132,0
4992.651045,104,0,112,0,133,0,132,0
4992.653086,104,0,112,0,133,0,132,0
4992.655048,104,0,112,0,133,0,132,0
4992.657101,104,0,112,0,133,0,132,0
4992.659118,104,0,112,0,133,0,132,0
4992.661041,104,0,112,0,133,0,132,0
4992.662755,104,0,112,0,133,0,132,0
4992.664909,104,0,112,0,133,0,132,0
4992.667006,104,0,112,0,133,0,132,0
4992.669132,104,0,112,0,133,0,132,0
4992.671015,104,0,112,0,133,0,132,0
4992.673096,104,0,112,0,133,0,132,0
4992.675109,104,0,112,0,133,0,132,0
4992.677086,104,0,112,0,133,0,132,0
4992.679109,104,0,112,0,133,0,132,0
4992.681081,104,0,112,0,133,0,132,0
4992.683089,104,0,112,0,133,0,132,0
4992.685007,104,0,112,0,133,0,132,0
4992.686994,104,0,112,0,133,0,132,0
4992.689052,104,0,112,0,133,0,132,0
4992.690998,104,0,112,0,133,0,132,0
4992.693083,104,0,112,0,133,0,132,0
4992.694947,104,0,112,0,133,0,132,0
4992.696963,104,0,112,0,133,0,132,0
4992.698971,104,0,112,0,133,0,132,0
4992.701062,104,0,112,0,133,0,132,0
4992.703051,104,0,112,0,133,0,132,0
4992.705093,104,0,112,0,133,0,132,0
4992.707087,104,0,112,0,133,0,132,0
4992.708974,104,0,112,0,133,0,132,0
4992.710975,104,0,112,0,133,0,132,0
4992.712802,104,0,112,0,133,0,132,0
4992.714971,104,0,112,0,133,0,132,0
4992.717071,104,0,112,0,133,0,132,0
4992.719094,104,0,112,0,133,0,132,0
4992.721079,104,0,112,0,133,0,132,0
4992.722976,104,0,112,0,133,0,132,0
4992.725152,104,0,112,0,133,0,132,0
4992.727091,104,0,112,0,133,0,132,0
4992.729197,104,0,112,0,133,0,132,0
4992.730977,104,0,112,0,133,0,132,0
4992.733038,104,0,112,0,133,0,132,0
4992.734846,104,0,112,0,133,0,132,0
4992.736830,104,0,112,0,133,0,132,0
4992.739068,104,0,112,0,133,0,132,0
4992.741029,104,0,112,0,133,0,132,0
4992.743155,104,0,112,0,133,0,132,0
4992.745144,104,0,112,0,133,0,132,0
4992.747087,104,0,112,0,133,0,132,0
4992.749165,104,0,112,0,133,0,132,0
4992.750967,104,0,112,0,133,0,132,0
4992.753049,104,0,112,0,133,0,132,0
4992.754895,104,0,112,0,133,0,132,0
4992.756891,104,0,112,0,133,0,132,0
4992.759072,104,0,112,0,133,0,132,0
4992.761025,104,0,112,0,133,0,132,0
4992.763052,104,0,112,0,133,0,132,0
4992.764899,104,0,112,0,133,0,132,0
4992.767034,104,0,112,0,133,0,132,0
4992.768975,104,0,112,0,133,0,132,0
4992.771017,104,0,112,0,133,0,132,0
4992.773058,104,0,112,0,133,0,132,0
4992.775287,104,0,112,0,133,0,132,0
4992.777099,104,0,112,0,133,0,132,0
4992.779457,104,0,112,0,133,0,132,0
4992.781090,104,0,112,0,133,0,132,0
4992.783090,104,0,112,0,133,0,132,0
4992.785024,104,0,112,0,133,0,132,0
4992.786955,104,0,112,0,133,0,132,0
4992.789073,104,0,112,0,133,0,132,0
4992.791132,104,0,112,0,133,0,132,0
4992.793015,104,0,112,0,133,0,132,0
4992.795099,104,0,112,0,133,0,132,0
4992.797065,104,0,112,0,133,0,132,0
4992.799091,104,0,112,0,133,0,132,0
4992.800873,104,0,112,0,133,0,132,0
4992.803014,104,0,112,0,133,0,132,0
4992.804965,104,0,112,0,133,0,132,0
4992.806882,104,0,112,0,133,0,132,0
4992.808952,104,0,112,0,133,0,132,0
4992.811130,104,0,112,0,133,0,132,0
4992.813114,104,0,112,0,133,0,132,0
4992.814913,104,0,112,0,133,0,132,0
4992.817090,104,0,112,0,133,0,132,0
4992.818945,104,0,112,0,133,0,132,0
4992.821110,104,0,112,0,133,0,132,0
4992.823085,104,0,112,0,133,0,132,0
4992.825049,104,0,112,0,133,0,132,0
4992.827108,104,0,112,0,133,0,132,0
4992.829013,104,0,112,0,133,0,132,0
4992.831032,104,0,112,0,133,0,132,0
4992.833061,104,0,112,0,133,0,132,0
4992.835061,104,0,112,0,133,0,132,0
4992.837025,104,0,112,0,133,0,132,0
4992.839083,104,0,112,0,133,0,132,0
4992.840744,104,0,112,0,133,0,132,0
4992.843138,104,0,112,0,133,0,132,0
4992.844937,104,0,112,0,133,0,132,0
4992.847141,104,0,112,0,133,0,132,0
4992.849237,104,0,112,0,133,0,132,0
4992.851069,104,0,112,0,133,0,132,0
4992.853073,104,0,112,0,133,0,132,0
4992.855154,104,0,112,0,133,0,132,0
4992.857162,104,0,112,0,133,0,132,0
4992.859177,104,0,112,0,133,0,132,0
4992.861102,104,0,112,0,133,0,132,0
4992.863080,104,0,112,0,133,0,132,0
4992.865101,104,0,112,0,133,0,132,0
4992.866832,104,0,112,0,133,0,132,0
4992.869102,104,0,112,0,133,0,132,0
4992.871028,104,0,112,0,133,0,132,0
4992.873006,104,0,112,0,133,0,132,0
4992.875405,104,0,112,0,133,0,132,0
4992.877113,104,0,112,0,133,0,132,0
4992.879135,104,0,112,0,133,0,132,0
4992.881001,104,0,112,0,133,0,132,0
4992.883092,104,0,112,0,133,0,132,0
4992.885076,104,0,112,0,133,0,132,0
4992.887062,104,0,112,0,133,0,132,0
4992.889050,104,0,112,0,133,0,132,0
4992.891063,104,0,112,0,133,0,132,0
4992.893054,104,0,112,0,133,0,132,0
4992.895059,104,0,112,0,133,0,132,0
4992.896984,104,0,112,0,133,0,132,0
4992.899129,104,0,112,0,133,0,132,0
4992.901102,104,0,112,0,133,0,132,0
4992.903125,104,0,112,0,133,0,132,0
4992.905088,104,0,112,0,133,0,132,0
4992.907000,104,0,112,0,133,0,132,0
4992.909037,104,0,112,0,133,0,132,0
4992.911023,104,0,112,0,133,0,132,0
4992.913026,104,0,112,0,133,0,132,0
4992.914919,104,0,112,0,133,0,132,0
4992.917214,104,0,112,0,133,0,132,0
4992.919090,104,0,112,0,133,0,132,0
4992.921056,104,0,112,0,133,0,132,0
4992.923040,104,0,112,0,133,0,132,0
4992.925095,104,0,112,0,133,0,132,0
4992.926948,104,0,112,0,133,0,132,0
4992.928949,104,0,112,0,133,0,132,0
4992.931034,104,0,112,0,133,0,132,0
4992.932926,104,0,112,0,133,0,132,0
4992.934983,104,0,112,0,133,0,132,0
4992.936977,104,0,112,0,133,0,132,0
4992.939187,104,0,112,0,133,0,132,0
4992.940962,104,0,112,0,133,0,132,0
4992.943164,104,0,112,0,133,0,132,0
4992.944947,104,0,112,0,133,0,132,0
4992.947042,104,0,112,0,133,0,132,0
4992.948901,104,0,112,0,133,0,132,0
4992.950843,104,0,112,0,133,0,132,0
4992.953031,104,0,112,0,133,0,132,0
4992.955057,104,0,112,0,133,0,132,0
4992.956920,104,0,112,0,133,0,132,0
4992.958922,104,0,112,0,133,0,132,0
4992.961105,104,0,112,0,133,0,132,0
4992.963029,104,0,112,0,133,0,132,0
4992.965057,104,0,112,0,133,0,132,0
4992.967038,104,0,112,0,133,0,132,0
4992.968976,104,0,112,0,133,0,132,0
4992.970886,104,0,112,0,133,0,132,0
4992.973127,104,0,112,0,133,0,132,0
4992.975373,104,0,112,0,133,0,132,0
4992.977108,104,0,112,0,133,0,132,0
4992.979153,104,0,112,0,133,0,132,0
4992.981105,104,0,112,0,133,0,132,0
4992.983110,104,0,112,0,133,0,132,0
4992.985120,104,0,112,0,133,0,132,0
4992.987083,104,0,112,0,133,0,132,0
4992.989068,104,0,112,0,133,0,132,0
4992.991120,104,0,112,0,133,0,132,0
4992.993064,104,0,112,0,133,0,132,0
4992.995095,104,0,112,0,133,0,132,0
4992.997114,104,0,112,0,133,0,132,0
4992.998975,104,0,112,0,133,0,132,0
4993.000968,104,0,112,0,133,0,132,0
4993.003110,104,0,112,0,133,0,132,0
4993.005096,104,0,112,0,133,0,132,0
4993.007062,104,0,112,0,133,0,132,0
4993.009157,104,0,112,0,133,0,132,0
4993.011114,104,0,112,0,133,0,132,0
4993.013153,104,0,112,0,133,0,132,0
4993.015190,104,0,112,0,133,0,132,0
4993.017116,104,0,112,0,133,0,132,0
4993.019175,104,0,112,0,133,0,132,0
4993.021138,104,0,112,0,133,0,132,0
4993.023127,104,0,112,0,133,0,132,0
4993.025068,104,0,112,0,133,0,132,0
4993.026982,104,0,112,0,133,0,132,0
4993.029084,104,0,112,0,133,0,132,0
4993.031045,104,0,112,0,133,0,132,0
4993.033061,104,0,112,0,133,0,132,0
4993.035013,104,0,112,0,133,0,132,0
4993.037029,104,0,112,0,133,0,132,0
4993.038931,104,0,112,0,133,0,132,0
4993.041110,104,0,112,0,133,0,132,0
4993.043131,104,0,112,0,133,0,132,0
4993.044917,104,0,112,0,133,0,132,0
4993.046950,104,0,112,0,133,0,132,0
4993.049223,104,0,112,0,133,0,132,0
4993.051109,104,0,112,0,133,0,132,0
4993.053100,104,0,112,0,133,0,132,0
4993.055097,104,0,112,0,133,0,132,0
4993.057223,104,0,112,0,133,0,132,0
4993.059115,104,0,112,0,133,0,132,0
4993.061107,104,0,112,0,133,0,132,0
4993.062983,104,0,112,0,133,0,132,0
4993.064977,104,0,112,0,133,0,132,0
4993.067097,104,0,112,0,133,0,132,0
4993.068995,104,0,112,0,133,0,132,0
4993.070926,104,0,112,0,133,0,132,0
4993.072905,104,0,112,0,133,0,132,0
4993.075386,104,0,112,0,133,0,132,0
4993.077124,104,0,112,0,133,0,132,0
4993.079068,104,0,112,0,133,0,132,0
4993.081050,104,0,112,0,133,0,132,0
4993.083081,104,0,112,0,133,0,132,0
4993.084958,104,0,112,0,133,0,132,0
4993.087084,104,0,112,0,133,0,132,0
4993.089138,104,0,112,0,133,0,132,0
4993.091091,104,0,112,0,133,0,132,0
4993.093058,104,0,112,0,133,0,132,0
4993.095068,104,0,112,0,133,0,132,0
4993.097059,104,0,112,0,133,0,132,0
4993.099103,104,0,112,0,133,0,132,0
4993.100932,104,0,112,0,133,0,132,0
4993.102968,104,0,112,0,133,0,132,0
4993.105127,104,0,112,0,133,0,132,0
4993.107115,104,0,112,0,133,0,132,0
4993.108990,104,0,112,0,133,0,132,0
4993.111129,104,0,112,0,133,0,132,0
4993.113185,104,0,112,0,133,0,132,0
4993.115128,104,0,112,0,133,0,132,0
4993.117119,104,0,112,0,133,0,132,0
4993.119029,104,0,112,0,133,0,132,0
4993.120970,104,0,112,0,133,0,132,0
4993.123022,104,0,112,0,133,0,132,0
4993.125121,104,0,112,0,133,0,132,0
4993.127061,104,0,112,0,133,0,132,0
4993.129127,104,0,112,0,133,0,132,0
4993.131053,104,0,112,0,133,0,132,0
4993.133053,104,0,112,0,133,0,132,0
4993.135019,104,0,112,0,133,0,132,0
4993.137065,104,0,112,0,133,0,132,0
4993.138976,104,0,112,0,133,0,132,0
4993.141054,104,0,112,0,133,0,132,0
4993.143145,104,0,112,0,133,0,132,0
4993.145040,104,0,112,0,133,0,132,0
4993.147069,104,0,112,0,133,0,132,0
4993.149114,104,0,112,0,133,0,132,0
4993.151134,104,0,112,0,133,0,132,0
4993.153158,104,0,112,0,133,0,132,0
4993.155150,104,0,112,0,133,0,132,0
4993.156971,104,0,112,0,133,0,132,0
4993.159154,104,0,112,0,133,0,132,0
4993.161140,104,0,112,0,133,0,132,0
4993.163109,104,0,112,0,133,0,132,0
4993.165126,104,0,112,0,133,0,132,0
4993.167168,104,0,112,0,133,0,132,0
4993.169163,104,0,112,0,133,0,132,0
4993.171078,104,0,112,0,133,0,132,0
4993.173102,104,0,112,0,133,0,132,0
4993.175091,104,0,112,0,133,0,132,0
4993.176977,104,0,112,0,133,0,132,0
4993.178976,104,0,112,0,133,0,132,0
4993.181099,104,0,112,0,133,0,132,0
4993.182978,104,0,112,0,133,0,132,0
4993.185101,104,0,112,0,133,0,132,0
4993.187094,104,0,112,0,133,0,132,0
4993.189256,104,0,112,0,133,0,132,0
4993.191143,104,0,112,0,133,0,132,0
4993.193164,104,0,112,0,133,0,132,0
4993.195050,104,0,112,0,133,0,132,0
4993.197158,104,0,112,0,133,0,132,0
4993.199214,104,0,112,0,133,0,132,0
4993.200909,104,0,112,0,133,0,132,0
4993.203137,104,0,112,0,133,0,132,0
4993.205148,104,0,112,0,133,0,132,0
4993.207133,104,0,112,0,133,0,132,0
4993.209092,104,0,112,0,133,0,132,0
4993.211133,104,0,112,0,133,0,132,0
4993.213149,104,0,112,0,133,0,132,0
4993.214971,104,0,112,0,133,0,132,0
4993.217152,104,0,112,0,133,0,132,0
4993.219149,104,0,112,0,133,0,132,0
4993.221076,104,0,112,0,133,0,132,0
4993.222947,104,0,112,0,133,0,132,0
4993.225228,104,0,112,0,133,0,132,0
4993.227071,104,0,112,0,133,0,132,0
4993.229088,104,0,112,0,133,0,132,0
4993.231045,104,0,112,0,133,0,132,0
4993.232874,104,0,112,0,133,0,132,0
4993.234884,104,0,112,0,133,0,132,0
4993.236863,104,0,112,0,133,0,132,0
4993.238979,104,0,112,0,133,0,132,0
4993.241094,104,0,112,0,133,0,132,0
4993.243071,104,0,112,0,133,0,132,0
4993.245052,104,0,112,0,133,0,132,0
4993.247060,104,0,112,0,133,0,132,0
4993.249094,104,0,112,0,133,0,132,0
4993.251082,104,0,112,0,133,0,132,0
4993.253156,104,0,112,0,133,0,132,0
4993.255111,104,0,112,0,133,0,132,0
4993.256975,104,0,112,0,133,0,132,0
4993.259187,104,0,112,0,133,0,132,0
4993.261089,104,0,112,0,133,0,132,0
4993.263116,104,0,112,0,133,0,132,0
4993.265131,104,0,112,0,133,0,132,0
4993.267120,104,0,112,0,133,0,132,0
4993.269200,104,0,112,0,133,0,132,0
4993.271178,104,0,112,0,133,0,132,0
4993.273125,104,0,112,0,133,0,132,0
4993.275052,104,0,112,0,133,0,132,0
4993.277089,104,0,112,0,133,0,132,0
4993.279137,104,0,112,0,133,0,132,0
4993.281108,104,0,112,0,133,0,132,0
4993.283094,104,0,112,0,133,0,132,0
4993.285114,104,0,112,0,133,0,132,0
4993.287050,104,0,112,0,133,0,132,0
4993.289063,104,0,112,0,133,0,132,0
4993.291035,104,0,112,0,133,0,132,0
4993.292825,104,0,112,0,133,0,132,0
4993.294971,104,0,112,0,133,0,132,0
4993.297030,104,0,112,0,133,0,132,0
4993.299234,104,0,112,0,133,0,132,0
4993.301189,104,0,112,0,133,0,132,0
4993.302967,104,0,112,0,133,0,132,0
4993.305156,104,0,112,0,133,0,132,0
4993.307101,104,0,112,0,133,0,132,0
4993.309124,104,0,112,0,133,0,132,0
4993.311083,104,0,112,0,133,0,132,0
4993.313129,104,0,112,0,133,0,132,0
4993.314939,104,0,112,0,133,0,132,0
4993.316959,104,0,112,0,133,0,132,0
4993.318969,104,0,112,0,133,0,132,0
4993.321151,104,0,112,0,133,0,132,0
4993.322995,104,0,112,0,133,0,132,0
4993.325350,104,0,112,0,133,0,132,0
4993.327106,104,0,112,0,133,0,132,0
4993.329112,104,0,112,0,133,0,132,0
4993.331113,104,0,112,0,133,0,132,0
4993.333100,104,0,112,0,133,0,132,0
4993.335101,104,0,112,0,133,0,132,0
4993.337144,104,0,112,0,133,0,132,0
4993.339132,104,0,112,0,133,0,132,0
4993.340980,104,0,112,0,133,0,132,0
4993.343152,104,0,112,0,133,0,132,0
4993.345102,104,0,112,0,133,0,132,0
4993.347067,104,0,112,0,133,0,132,0
4993.349155,104,0,112,0,133,0,132,0
4993.351082,104,0,112,0,133,0,132,0
4993.353042,104,0,112,0,133,0,132,0
4993.355030,104,0,112,0,133,0,132,0
4993.357113,104,0,112,0,133,0,132,0
4993.358980,104,0,112,0,133,0,132,0
4993.361092,104,0,112,0,133,0,132,0
4993.363112,104,0,112,0,133,0,132,0
4993.365127,104,0,112,0,133,0,132,0
4993.367126,104,0,112,0,133,0,132,0
4993.369047,104,0,112,0,133,0,132,0
4993.371124,104,0,112,0,133,0,132,0
4993.373159,104,0,112,0,133,0,132,0
4993.375323,104,0,112,0,133,0,132,0
4993.377154,104,0,112,0,133,0,132,0
4993.379156,104,0,112,0,133,0,132,0
4993.381173,104,0,112,0,133,0,132,0
4993.382974,104,0,112,0,133,0,132,0
4993.384985,104,0,112,0,133,0,132,0
4993.387116,104,0,112,0,133,0,132,0
4993.389157,104,0,112,0,133,0,132,0
4993.391149,104,0,112,0,133,0,132,0
4993.393153,104,0,112,0,133,0,132,0
4993.395295,104,0,112,0,133,0,132,0
4993.397201,104,0,112,0,133,0,132,0
4993.399256,104,0,112,0,133,0,132,0
4993.401213,104,0,112,0,133,0,132,0
4993.403050,104,0,112,0,133,0,132,0
4993.405270,104,0,112,0,133,0,132,0
4993.407174,104,0,112,0,133,0,132,0
4993.409269,104,0,112,0,133,0,132,0
4993.411217,104,0,112,0,133,0,132,0
4993.413030,104,0,112,0,133,0,132,0
4993.414840,104,0,112,0,133,0,132,0
4993.417246,104,0,112,0,133,0,132,0
4993.419256,104,0,112,0,133,0,132,0
4993.420852,104,0,112,0,133,0,132,0
4993.423051,104,0,112,0,133,0,132,0
4993.425211,104,0,112,0,133,0,132,0
4993.427164,104,0,112,0,133,0,132,0
4993.429166,104,0,112,0,133,0,132,0
4993.431167,104,0,112,0,133,0,132,0
4993.433031,104,0,112,0,133,0,132,0
4993.435158,104,0,112,0,133,0,132,0
4993.437154,104,0,112,0,133,0,132,0
4993.439132,104,0,112,0,133,0,132,0
4993.440986,104,0,112,0,133,0,132,0
4993.443291,104,0,112,0,133,0,132,0
4993.445233,104,0,112,0,133,0,132,0
4993.447213,104,0,112,0,133,0,132,0
4993.449204,104,0,112,0,133,0,132,0
4993.451026,104,0,112,0,133,0,132,0
4993.453211,104,0,112,0,133,0,132,0
4993.455186,104,0,112,0,133,0,132,0
4993.457178,104,0,112,0,133,0,132,0
4993.459188,104,0,112,0,133,0,132,0
4993.461159,104,0,112,0,133,0,132,0
4993.463147,104,0,112,0,133,0,132,0
4993.465028,104,0,112,0,133,0,132,0
4993.467027,104,0,112,0,133,0,132,0
4993.469046,104,0,112,0,133,0,132,0
4993.471023,104,0,112,0,133,0,132,0
4993.473028,104,0,112,0,133,0,132,0
4993.475216,104,0,112,0,133,0,132,0
4993.477252,104,0,112,0,133,0,132,0
4993.479315,104,0,112,0,133,0,132,0
4993.481283,104,0,112,0,133,0,132,0
4993.483236,104,0,112,0,133,0,132,0
4993.485196,104,0,112,0,133,0,132,0
4993.487160,104,0,112,0,133,0,132,0
4993.489099,104,0,112,0,133,0,132,0
4993.491141,104,0,112,0,133,0,132,0
4993.493211,104,0,112,0,133,0,132,0
4993.495199,104,0,112,0,133,0,132,0
4993.497208,104,0,112,0,133,0,132,0
4993.498971,104,0,112,0,133,0,132,0
4993.501310,104,0,112,0,133,0,132,0
4993.503010,104,0,112,0,133,0,132,0
4993.505204,104,0,112,0,133,0,132,0
4993.507039,104,0,112,0,133,0,132,0
4993.509224,104,0,112,0,133,0,132,0
4993.511163,104,0,112,0,133,0,132,0
4993.513183,104,0,112,0,133,0,132,0
4993.515083,104,0,112,0,133,0,132,0
4993.517064,104,0,112,0,133,0,132,0
4993.519224,104,0,112,0,133,0,132,0
4993.521234,104,0,112,0,133,0,132,0
4993.523029,104,0,112,0,133,0,132,0
4993.525499,104,0,112,0,133,0,132,0
4993.527246,104,0,112,0,133,0,132,0
4993.529307,104,0,112,0,133,0,132,0
4993.531259,104,0,112,0,133,0,132,0
4993.533031,104,0,112,0,133,0,132,0
4993.535029,104,0,112,0,133,0,132,0
4993.537060,104,0,112,0,133,0,132,0
4993.538882,104,0,112,0,133,0,132,0
4993.541090,104,0,112,0,133,0,132,0
4993.542918,104,0,112,0,133,0,132,0
4993.545182,104,0,112,0,133,0,132,0
4993.547195,104,0,112,0,133,0,132,0
4993.548953,104,0,112,0,133,0,132,0
4993.550905,104,0,112,0,133,0,132,0
4993.552902,104,0,112,0,133,0,132,0
4993.554970,104,0,112,0,133,0,132,0
4993.557092,104,0,112,0,133,0,132,0
4993.559099,104,0,112,0,133,0,132,0
4993.561029,104,0,112,0,133,0,132,0
4993.563104,104,0,112,0,133,0,132,0
4993.565211,104,0,112,0,133,0,132,0
4993.567197,104,0,112,0,133,0,132,0
4993.569155,104,0,112,0,133,0,132,0
4993.571114,104,0,112,0,133,0,132,0
4993.572974,104,0,112,0,133,0,132,0
4993.575305,104,0,112,0,133,0,132,0
4993.577138,104,0,112,0,133,0,132,0
4993.579183,104,0,112,0,133,0,132,0
4993.581135,104,0,112,0,133,0,132,0
4993.583151,104,0,112,0,133,0,132,0
4993.585134,104,0,112,0,133,0,132,0
4993.587130,104,0,112,0,133,0,132,0
4993.589217,104,0,112,0,133,0,132,0
4993.590975,104,0,112,0,133,0,132,0
4993.593182,104,0,112,0,133,0,132,0
4993.595258,104,0,112,0,133,0,132,0
4993.597205,104,0,112,0,133,0,132,0
4993.599137,104,0,112,0,133,0,132,0
4993.601074,104,0,112,0,133,0,132,0
4993.603088,104,0,112,0,133,0,132,0
4993.605106,104,0,112,0,133,0,132,0
4993.606931,104,0,112,0,133,0,132,0
4993.609024,104,0,112,0,133,0,132,0
4993.611162,104,0,112,0,133,0,132,0
4993.613172,104,0,112,0,133,0,132,0
4993.615166,104,0,112,0,133,0,132,0
4993.617161,104,0,112,0,133,0,132,0
4993.619150,104,0,112,0,133,0,132,0
4993.621119,104,0,112,0,133,0,132,0
4993.623122,104,0,112,0,133,0,132,0
4993.625102,104,0,112,0,133,0,132,0
4993.627092,104,0,112,0,133,0,132,0
4993.629094,104,0,112,0,133,0,132,0
4993.631088,104,0,112,0,133,0,132,0
4993.633186,104,0,112,0,133,0,132,0
4993.634920,104,0,112,0,133,0,132,0
4993.636996,104,0,112,0,133,0,132,0
4993.638989,104,0,112,0,133,0,132,0
4993.640986,104,0,112,0,133,0,132,0
4993.642791,104,0,112,0,133,0,132,0
4993.645314,104,0,112,0,133,0,132,0
4993.646994,104,0,112,0,133,0,132,0
4993.648978,104,0,112,0,133,0,132,0
4993.651143,104,0,112,0,133,0,132,0
4993.653156,104,0,112,0,133,0,132,0
4993.655113,104,0,112,0,133,0,132,0
4993.657184,104,0,112,0,133,0,132,0
4993.659218,104,0,112,0,133,0,132,0
4993.661134,104,0,112,0,133,0,132,0
4993.663161,104,0,112,0,133,0,132,0
4993.665127,104,0,112,0,133,0,132,0
4993.666861,104,0,112,0,133,0,132,0
4993.669150,104,0,112,0,133,0,132,0
4993.670970,104,0,112,0,133,0,132,0
4993.672972,104,0,112,0,133,0,132,0
4993.675106,104,0,112,0,133,0,132,0
4993.677081,104,0,112,0,133,0,132,0
4993.679078,104,0,112,0,133,0,132,0
4993.680980,104,0,112,0,133,0,132,0
4993.683027,104,0,112,0,133,0,132,0
4993.685171,104,0,112,0,133,0,132,0
4993.687166,104,0,112,0,133,0,132,0
4993.689017,104,0,112,0,133,0,132,0
4993.691214,104,0,112,0,133,0,132,0
4993.693028,104,0,112,0,133,0,132,0
4993.695180,104,0,112,0,133,0,132,0
4993.696970,104,0,112,0,133,0,132,0
4993.698966,104,0,112,0,133,0,132,0
4993.701143,104,0,112,0,133,0,132,0
4993.703247,104,0,112,0,133,0,132,0
4993.705226,104,0,112,0,133,0,132,0
4993.707177,104,0,112,0,133,0,132,0
4993.709204,104,0,112,0,133,0,132,0
4993.711253,104,0,112,0,133,0,132,0
4993.713219,104,0,112,0,133,0,132,0
4993.715212,104,0,112,0,133,0,132,0
4993.717046,104,0,112,0,133,0,132,0
4993.719036,104,0,112,0,133,0,132,0
4993.721027,104,0,112,0,133,0,132,0
4993.722832,104,0,112,0,133,0,132,0
4993.724935,104,0,112,0,133,0,132,0
4993.726887,104,0,112,0,133,0,132,0
4993.728947,104,0,112,0,133,0,132,0
4993.730893,104,0,112,0,133,0,132,0
4993.733184,104,0,112,0,133,0,132,0
4993.735020,104,0,112,0,133,0,132,0
4993.737001,104,0,112,0,133,0,132,0
4993.738917,104,0,112,0,133,0,132,0
4993.741050,104,0,112,0,133,0,132,0
4993.742960,104,0,112,0,133,0,132,0
4993.745211,104,0,112,0,133,0,132,0
4993.747273,104,0,112,0,133,0,132,0
4993.749089,104,0,112,0,133,0,132,0
4993.751029,104,0,112,0,133,0,132,0
4993.753126,104,0,112,0,133,0,132,0
4993.755160,104,0,112,0,133,0,132,0
4993.756999,104,0,112,0,133,0,132,0
4993.759215,104,0,112,0,133,0,132,0
4993.761181,104,0,112,0,133,0,132,0
4993.763163,104,0,112,0,133,0,132,0
4993.764864,104,0,112,0,133,0,132,0
4993.767174,104,0,112,0,133,0,132,0
4993.769201,104,0,112,0,133,0,132,0
4993.771239,104,0,112,0,133,0,132,0
4993.773295,104,0,112,0,133,0,132,0
4993.775441,104,0,112,0,133,0,132,0
4993.777309,104,0,112,0,133,0,132,0
4993.779494,104,0,112,0,133,0,132,0
4993.781007,104,0,112,0,133,0,132,0
4993.783005,104,0,112,0,133,0,132,0
4993.785210,104,0,112,0,133,0,132,0
4993.787200,104,0,112,0,133,0,132,0
4993.789220,104,0,112,0,133,0,132,0
4993.791181,104,0,112,0,133,0,132,0
4993.793262,104,0,112,0,133,0,132,0
4993.795014,104,0,112,0,133,0,132,0
4993.797227,104,0,112,0,133,0,132,0
4993.799193,104,0,112,0,133,0,132,0
4993.801223,104,0,112,0,133,0,132,0
4993.803038,104,0,112,0,133,0,132,0
4993.805212,104,0,112,0,133,0,132,0
4993.807055,104,0,112,0,133,0,132,0
4993.809043,104,0,112,0,133,0,132,0
4993.810916,104,0,112,0,133,0,132,0
4993.813236,104,0,112,0,133,0,132,0
4993.815196,104,0,112,0,133,0,132,0
4993.817189,104,0,112,0,133,0,132,0
4993.819024,104,0,112,0,133,0,132,0
4993.821231,104,0,112,0,133,0,132,0
4993.823043,104,0,112,0,133,0,132,0
4993.825137,104,0,112,0,133,0,132,0
4993.827037,104,0,112,0,133,0,132,0
4993.829239,104,0,112,0,133,0,132,0
4993.831188,104,0,112,0,133,0,132,0
4993.833245,104,0,112,0,133,0,132,0
4993.835031,104,0,112,0,133,0,132,0
4993.837247,104,0,112,0,133,0,132,0
4993.838910,104,0,112,0,133,0,132,0
4993.841020,104,0,112,0,133,0,132,0
4993.842967,104,0,112,0,133,0,132,0
4993.845074,104,0,112,0,133,0,132,0
4993.847041,104,0,112,0,133,0,132,0
4993.849159,104,0,112,0,133,0,132,0
4993.851012,104,0,112,0,133,0,132,0
4993.853223,104,0,112,0,133,0,132,0
4993.855272,104,0,112,0,133,0,132,0
4993.857264,104,0,112,0,133,0,132,0
4993.859285,104,0,112,0,133,0,132,0
4993.861227,104,0,112,0,133,0,132,0
4993.863185,104,0,112,0,133,0,132,0
4993.865005,104,0,112,0,133,0,132,0
4993.867018,104,0,112,0,133,0,132,0
4993.869002,104,0,112,0,133,0,132,0
4993.871012,104,0,112,0,133,0,132,0
4993.873040,104,0,112,0,133,0,132,0
4993.875153,104,0,112,0,133,0,132,0
4993.877273,104,0,112,0,133,0,132,0
4993.879299,104,0,112,0,133,0,132,0
4993.881259,104,0,112,0,133,0,132,0
4993.883186,104,0,112,0,133,0,132,0
4993.885197,104,0,112,0,133,0,132,0
4993.887228,104,0,112,0,133,0,132,0
4993.889199,104,0,112,0,133,0,132,0
4993.891209,104,0,112,0,133,0,132,0
4993.893009,104,0,112,0,133,0,132,0
4993.895005,104,0,112,0,133,0,132,0
4993.897038,104,0,112,0,133,0,132,0
4993.899297,104,0,112,0,133,0,132,0
4993.900878,104,0,112,0,133,0,132,0
4993.902860,104,0,112,0,133,0,132,0
4993.905248,104,0,112,0,133,0,132,0
4993.907240,104,0,112,0,133,0,132,0
4993.909324,104,0,112,0,133,0,132,0
4993.911255,104,0,112,0,133,0,132,0
4993.913247,104,0,112,0,133,0,132,0
4993.915033,104,0,112,0,133,0,132,0
4993.917226,104,0,112,0,133,0,132,0
4993.919268,104,0,112,0,133,0,132,0
4993.921043,104,0,112,0,133,0,132,0
4993.923042,104,0,112,0,133,0,132,0
4993.925194,104,0,112,0,133,0,132,0
4993.927139,104,0,112,0,133,0,132,0
4993.929145,104,0,112,0,133,0,132,0
4993.931048,104,0,112,0,133,0,132,0
4993.933161,104,0,112,0,133,0,132,0
4993.935208,104,0,112,0,133,0,132,0
4993.937049,104,0,112,0,133,0,132,0
4993.939268,104,0,112,0,133,0,132,0
4993.941088,104,0,112,0,133,0,132,0
4993.943242,104,0,112,0,133,0,132,0
4993.945209,104,0,112,0,133,0,132,0
4993.947297,104,0,112,0,133,0,132,0
4993.949324,104,0,112,0,133,0,132,0
4993.951023,104,0,112,0,133,0,132,0
4993.953236,104,0,112,0,133,0,132,0
4993.955165,104,0,112,0,133,0,132,0
4993.957253,104,0,112,0,133,0,132,0
4993.959267,104,0,112,0,133,0,132,0
4993.961225,104,0,112,0,133,0,132,0
4993.963264,104,0,112,0,133,0,132,0
4993.965274,104,0,112,0,133,0,132,0
4993.967226,104,0,112,0,133,0,132,0
4993.969263,104,0,112,0,133,0,132,0
4993.971036,104,0,112,0,133,0,132,0
4993.973239,104,0,112,0,133,0,132,0
4993.975485,104,0,112,0,133,0,132,0
4993.977220,104,0,112,0,133,0,132,0
4993.979370,104,0,112,0,133,0,132,0
4993.981279,104,0,112,0,133,0,132,0
4993.983277,104,0,112,0,133,0,132,0
4993.985030,104,0,112,0,133,0,132,0
4993.987024,104,0,112,0,133,0,132,0
4993.989069,104,0,112,0,133,0,132,0
4993.991246,104,0,112,0,133,0,132,0
4993.993233,104,0,112,0,133,0,132,0
4993.995264,104,0,112,0,133,0,132,0
4993.997318,104,0,112,0,133,0,132,0
4993.999298,104,0,112,0,133,0,132,0
4994.001305,104,0,112,0,133,0,132,0
4994.002961,104,0,112,0,133,0,132,0
4994.005019,104,0,112,0,133,0,132,0
4994.007287,104,0,112,0,133,0,132,0
4994.009354,104,0,112,0,133,0,132,0
4994.011180,104,0,112,0,133,0,132,0
4994.013227,104,0,112,0,133,0,132,0
4994.015241,104,0,112,0,133,0,132,0
4994.017225,104,0,112,0,133,0,132,0
4994.019252,104,0,112,0,133,0,132,0
4994.021253,104,0,112,0,133,0,132,0
4994.023034,104,0,112,0,133,0,132,0
4994.025285,104,0,112,0,133,0,132,0
4994.027036,104,0,112,0,133,0,132,0
4994.028922,104,0,112,0,133,0,132,0
4994.031041,104,0,112,0,133,0,132,0
4994.033171,104,0,112,0,133,0,132,0
4994.035179,104,0,112,0,133,0,132,0
4994.036934,104,0,112,0,133,0,132,0
4994.039227,104,0,112,0,133,0,132,0
4994.041181,104,0,112,0,133,0,132,0
4994.043204,104,0,112,0,133,0,132,0
4994.045069,104,0,112,0,133,0,132,0
4994.047003,104,0,112,0,133,0,132,0
4994.049214,104,0,112,0,133,0,132,0
4994.051063,104,0,112,0,133,0,132,0
4994.053071,104,0,112,0,133,0,132,0
4994.055188,104,0,112,0,133,0,132,0
4994.057322,104,0,112,0,133,0,132,0
4994.059395,104,0,112,0,133,0,132,0
4994.061374,104,0,112,0,133,0,132,0
4994.063021,104,0,112,0,133,0,132,0
4994.065375,104,0,112,0,133,0,132,0
4994.067242,104,0,112,0,133,0,132,0
4994.069308,104,0,112,0,133,0,132,0
4994.071216,104,0,112,0,133,0,132,0
4994.073248,104,0,112,0,133,0,132,0
4994.075422,104,0,112,0,133,0,132,0
4994.077004,104,0,112,0,133,0,132,0
4994.079222,104,0,112,0,133,0,132,0
4994.081210,104,0,112,0,133,0,132,0
4994.083184,104,0,112,0,133,0,132,0
4994.085209,104,0,112,0,133,0,132,0
4994.087254,104,0,112,0,133,0,132,0
4994.089270,104,0,112,0,133,0,132,0
4994.091195,104,0,112,0,133,0,132,0
4994.093015,104,0,112,0,133,0,132,0
4994.095240,104,0,112,0,133,0,132,0
4994.097251,104,0,112,0,133,0,132,0
4994.099589,104,0,112,0,133,0,132,0
4994.101290,104,0,112,0,133,0,132,0
4994.103244,104,0,112,0,133,0,132,0
4994.105021,104,0,112,0,133,0,132,0
4994.107011,104,0,112,0,133,0,132,0
4994.109019,104,0,112,0,133,0,132,0
4994.111177,104,0,112,0,133,0,132,0
4994.113039,104,0,112,0,133,0,132,0
4994.115040,104,0,112,0,133,0,132,0
4994.117200,104,0,112,0,133,0,132,0
4994.119275,104,0,112,0,133,0,132,0
4994.121310,104,0,112,0,133,0,132,0
4994.123320,104,0,112,0,133,0,132,0
4994.125510,104,0,112,0,133,0,132,0
4994.127335,104,0,112,0,133,0,132,0
4994.129371,104,0,112,0,133,0,132,0
4994.131333,104,0,112,0,133,0,132,0
4994.133414,104,0,112,0,133,0,132,0
4994.135339,104,0,112,0,133,0,132,0
4994.137291,104,0,112,0,133,0,132,0
4994.139381,104,0,112,0,133,0,132,0
4994.141305,104,0,112,0,133,0,132,0
4994.143022,104,0,112,0,133,0,132,0
4994.145286,104,0,112,0,133,0,132,0
4994.147202,104,0,112,0,133,0,132,0
4994.149238,104,0,112,0,133,0,132,0
4994.151225,104,0,112,0,133,0,132,0
4994.153253,104,0,112,0,133,0,132,0
4994.155292,104,0,112,0,133,0,132,0
4994.157041,104,0,112,0,133,0,132,0
4994.159336,104,0,112,0,133,0,132,0
4994.161254,104,0,112,0,133,0,132,0
4994.163232,104,0,112,0,133,0,132,0
4994.165245,104,0,112,0,133,0,132,0
4994.167208,104,0,112,0,133,0,132,0
4994.169279,104,0,112,0,133,0,132,0
4994.171009,104,0,112,0,133,0,132,0
4994.173226,104,0,112,0,133,0,132,0
4994.175146,104,0,112,0,133,0,132,0
4994.177146,104,0,112,0,133,0,132,0
4994.179146,104,0,112,0,133,0,132,0
4994.181027,104,0,112,0,133,0,132,0
4994.183194,104,0,112,0,133,0,132,0
4994.185025,104,0,112,0,133,0,132,0
4994.187235,104,0,112,0,133,0,132,0
4994.189133,104,0,112,0,133,0,132,0
4994.191058,104,0,112,0,133,0,132,0
4994.193100,104,0,112,0,133,0,132,0
4994.195077,104,0,112,0,133,0,132,0
4994.197070,104,0,112,0,133,0,132,0
4994.199034,104,0,112,0,133,0,132,0
4994.201199,104,0,112,0,133,0,132,0
4994.203181,104,0,112,0,133,0,132,0
4994.205061,104,0,112,0,133,0,132,0
4994.207205,104,0,112,0,133,0,132,0
4994.209276,104,0,112,0,133,0,132,0
4994.211049,104,0,112,0,133,0,132,0
4994.213334,104,0,112,0,133,0,132,0
4994.215125,104,0,112,0,133,0,132,0
4994.217281,104,0,112,0,133,0,132,0
4994.219355,104,0,112,0,133,0,132,0
4994.221264,104,0,112,0,133,0,132,0
4994.222894,104,0,112,0,133,0,132,0
4994.225143,104,0,112,0,133,0,132,0
4994.227070,104,0,112,0,133,0,132,0
4994.229369,104,0,112,0,133,0,132,0
4994.231117,104,0,112,0,133,0,132,0
4994.233217,104,0,112,0,133,0,132,0
4994.234903,104,0,112,0,133,0,132,0
4994.237139,104,0,112,0,133,0,132,0
4994.239207,104,0,112,0,133,0,132,0
4994.240964,104,0,112,0,133,0,132,0
4994.243195,104,0,112,0,133,0,132,0
4994.245091,104,0,112,0,133,0,132,0
4994.247255,104,0,112,0,133,0,132,0
4994.249076,104,0,112,0,133,0,132,0
4994.250966,104,0,112,0,133,0,132,0
4994.253220,104,0,112,0,133,0,132,0
4994.255198,104,0,112,0,133,0,132,0
4994.257071,104,0,112,0,133,0,132,0
4994.259269,104,0,112,0,133,0,132,0
4994.261127,104,0,112,0,133,0,132,0
4994.263211,104,0,112,0,133,0,132,0
4994.265207,104,0,112,0,133,0,132,0
4994.267179,104,0,112,0,133,0,132,0
4994.269305,104,0,112,0,133,0,132,0
4994.271197,104,0,112,0,133,0,132,0
4994.273198,104,0,112,0,133,0,132,0
4994.275045,104,0,112,0,133,0,132,0
4994.277089,104,0,112,0,133,0,132,0
4994.279086,104,0,112,0,133,0,132,0
4994.281085,104,0,112,0,133,0,132,0
4994.283167,104,0,112,0,133,0,132,0
4994.284982,104,0,112,0,133,0,132,0
4994.287171,104,0,112,0,133,0,132,0
4994.289251,104,0,112,0,133,0,132,0
4994.291202,104,0,112,0,133,0,132,0
4994.292968,104,0,112,0,133,0,132,0
4994.295254,104,0,112,0,133,0,132,0
4994.297173,104,0,112,0,133,0,132,0
4994.299279,104,0,112,0,133,0,132,0
4994.301203,104,0,112,0,133,0,132,0
4994.303198,104,0,112,0,133,0,132,0
4994.304958,104,0,112,0,133,0,132,0
4994.307187,104,0,112,0,133,0,132,0
4994.309280,104,0,112,0,133,0,132,0
4994.311227,104,0,112,0,133,0,132,0
4994.312950,104,0,112,0,133,0,132,0
4994.315180,104,0,112,0,133,0,132,0
4994.317213,104,0,112,0,133,0,132,0
4994.319279,104,0,112,0,133,0,132,0
4994.321195,104,0,112,0,133,0,132,0
4994.323213,104,0,112,0,133,0,132,0
4994.325423,104,0,112,0,133,0,132,0
4994.327217,104,0,112,0,133,0,132,0
4994.329014,104,0,112,0,133,0,132,0
4994.331176,104,0,112,0,133,0,132,0
4994.333171,104,0,112,0,133,0,132,0
4994.335131,104,0,112,0,133,0,132,0
4994.337103,104,0,112,0,133,0,132,0
4994.338930,104,0,112,0,133,0,132,0
